# Made in Blockbench 4.10.4
mtllib 3D Template.mtl

o cuboid
v 0.375 2.8125 0.3125
v 0.375 2.8125 -0.3125
v 0.375 1.6875 0.125
v 0.375 1.6875 -0.09821428571428571
v -0.0625 2.8125 0.3125
v -0.0625 2.8125 -0.3125
v 0.125 1.6875 0.09821428571428571
v 0.125 1.6875 -0.09821428571428571
v 0.4375 2.125 0.1875
v 0.0625 2.125 0.1875
v 0.0625 2.125 -0.1875
v 0.4375 2.125 -0.1875
v 0 2.34375 0.25
v 0.4375 2.34375 0.25
v 0.4375 2.34375 -0.25
v 0 2.34375 -0.25
v 0.375 1.90625 0.125
v 0.0625 1.90625 0.125
v 0.0625 1.90625 -0.125
v 0.375 1.90625 -0.125
v 0.21875 1.90625 -0.1875
v 0.25 2.125 -0.25
v 0.21875 2.34375 -0.3125
v 0.1875 2.8125 -0.3125
v 0.1875 2.8125 0.3125
v 0.21875 2.34375 0.3125
v 0.25 2.125 0.25
v 0.21875 1.90625 0.1875
v 0.21875 1.6875 0.125
v 0.21875 1.6875 -0.1125
v 0.4375 2.34375 0
v 0.375 2.875 0
v 0.1875 2.875 0
v -0.0625 2.9375 0
v 0 2.34375 0
v 0.0625 2.125 0
v 0.0625 1.90625 0
v 0.125 1.6875 -0.017857142857142856
v 0.21875 1.6875 -0.017857142857142856
v 0.375 1.6875 -0.017857142857142856
v 0.375 1.90625 0
v 0.4375 2.125 0
v 0.4375 2.125 0.09375
v 0.4375 2.34375 0.15625
v 0.375 2.875 0.15625
v 0.1875 2.875 0.15625
v -0.0625 2.9375 0.15625
v 0 2.34375 0.15625
v 0.0625 2.125 0.09375
v 0.0625 1.90625 0.09375
v 0.125 1.6875 0.02232142857142857
v 0.21875 1.6875 0.03571428571428571
v 0.375 1.6875 0.02232142857142857
v 0.375 1.90625 0.09375
v 0.4375 2.34375 -0.15625
v 0.4375 2.125 -0.09375
v 0.375 1.90625 -0.09375
v 0.375 1.6875 -0.022321428571428575
v 0.21875 1.6875 -0.09821428571428571
v 0.125 1.6875 -0.022321428571428575
v 0.0625 1.90625 -0.09375
v 0.0625 2.125 -0.09375
v 0 2.34375 -0.15625
v -0.0625 2.9375 -0.15625
v 0.1875 2.875 -0.15625
v 0.375 2.875 -0.15625
vt 0.5195203465464271 0.9057921875
vt 0.5312390965464271 0.9057921875
vt 0.5390515965464271 0.9331359375
vt 0.5195203465464271 0.9331359375
vt 0.684074609375 0.92037109375
vt 0.684074609375 0.93990234375
vt 0.651862890625 0.93990234375
vt 0.651862890625 0.92037109375
vt 0.296875 0.89464296875
vt 0.296875 0.89408515625
vt 0.30859375 0.8845984375
vt 0.30859375 0.89464296875
vt 0.20585873606127764 0.3701370766444281
vt 0.23023258443285566 0.374171392164631
vt 0.22433084384193785 0.4022636461264568
vt 0.19624053918809656 0.39799112402599734
vt 0.6071101096520338 0.8476559024156465
vt 0.5786718284020338 0.8476559024156465
vt 0.5770624534020338 0.8189957461656465
vt 0.6017444846520338 0.8186746524156465
vt 0.16793450522021114 0.573809375
vt 0.14840325522021114 0.573809375
vt 0.15621575522021114 0.5453718750000001
vt 0.16793450522021114 0.5453718750000001
vt 0.20795546292146083 0.3418120696753384
vt 0.22866560179411566 0.3454999978713935
vt 0.23019200191166198 0.37416467501875383
vt 0.20585873606127764 0.3701370766444281
vt 0.16793450522021114 0.5453718750000001
vt 0.15621575522021114 0.5453718750000001
vt 0.15621575522021114 0.5180281250000001
vt 0.16793450522021114 0.5180281250000001
vt 0.6017658318459194 0.8186743747054992
vt 0.5770624534020338 0.8189957461656465
vt 0.5828738495572313 0.7908857412733534
vt 0.6038677448408416 0.7903399479408355
vt 0.5195203465464271 0.87735390625
vt 0.5312390965464271 0.87735390625
vt 0.5312390965464271 0.9057921875
vt 0.5195203465464271 0.9057921875
vt 0.1958926789627208 0.4021904919406758
vt 0.22433086701422805 0.4022632985421034
vt 0.22042459384193785 0.4608573961264568
vt 0.1903766340392976 0.4609375
vt 0.5195203465464271 0.9331359375
vt 0.5390515965464271 0.9331359375
vt 0.5390515965464271 1
vt 0.5195203465464271 1
vt 0.6138280784020338 0.9062496524156465
vt 0.5825780784020338 0.9062496524156465
vt 0.5786718284020338 0.8476559024156465
vt 0.6060155784020338 0.8476559024156465
vt 0.16793450522021114 0.6484375
vt 0.14840325522021114 0.6484375
vt 0.14840325522021114 0.573809375
vt 0.16793450522021114 0.573809375
vt 0.2186011809711969 0.3153108584186848
vt 0.2306535466866534 0.3171207304889949
vt 0.228564759640776 0.3454820405499608
vt 0.20795546292146083 0.3418120696753384
vt 0.16793450522021114 0.5180281250000001
vt 0.15621575522021114 0.5180281250000001
vt 0.16514466147021115 0.48959062499999995
vt 0.16570247397021115 0.48959062499999995
vt 0.6039026817609137 0.7903390396607008
vt 0.5828738495572313 0.7908857412733534
vt 0.5856089440717926 0.7621096268884153
vt 0.5971700327789324 0.7626265285988995
vt 0.521752377796427 0.85001015625
vt 0.522310190296427 0.85001015625
vt 0.5312390965464271 0.87735390625
vt 0.5195203465464271 0.87735390625
vt 0.5621365848372281 0.7871420548760433
vt 0.5828370018451183 0.7908797726504833
vt 0.577024695035889 0.8189896227750932
vt 0.5526763631164884 0.8150409787821102
vt 0.5526763631164884 0.8150409787821102
vt 0.5770624534020338 0.8189957461656465
vt 0.5786718224027761 0.8476557955793516
vt 0.5505837565507232 0.8433760943823903
vt 0.5502344215979662 0.8477287070169477
vt 0.5786718284020338 0.8476559024156465
vt 0.582578101574324 0.90625
vt 0.5600419359104524 0.9061897272830143
vt 0.707512109375 0.92037109375
vt 0.707512109375 0.93990234375
vt 0.684074609375 0.93990234375
vt 0.684074609375 0.92037109375
vt 0.24386209384193785 0.4608573961264568
vt 0.22042459384193785 0.4608573961264568
vt 0.22433084384193785 0.4022636461264568
vt 0.25167459384193785 0.4022636461264568
vt 0.2527683438419378 0.4022636461264568
vt 0.22433084384193785 0.4022636461264568
vt 0.23023240634193784 0.37417223987645687
vt 0.2549144375919378 0.3739261461264568
vt 0.2549358659607024 0.373925932473554
vt 0.23023240634193784 0.37417223987645687
vt 0.22871138863897705 0.34550785483814106
vt 0.24970584827029663 0.3449258534808336
vt 0.249738466884038 0.34492494923858086
vt 0.22871138863897705 0.34550785483814106
vt 0.2308278964917712 0.31714846981572076
vt 0.24900607333034736 0.31850541137301314
vt 0.30859375 0.8946429687499999
vt 0.30859375 0.8845984375
vt 0.328125 0.89408515625
vt 0.328125 0.8946429687499999
vt 0.5661469376221735 0.7596783501977475
vt 0.5856089440717926 0.7621096268884153
vt 0.5828737986392227 0.7908862769851659
vt 0.5631088243944131 0.7864622304488673
vt 0.5195203465464271 1
vt 0.49998909654642704 1
vt 0.49998909654642704 0.9331359375
vt 0.5195203465464271 0.9331359375
vt 0.684074609375 0.92037109375
vt 0.684074609375 0.90083984375
vt 0.707512109375 0.90083984375
vt 0.707512109375 0.92037109375
vt 0.651862890625 0.92037109375
vt 0.651862890625 0.90083984375
vt 0.684074609375 0.90083984375
vt 0.684074609375 0.92037109375
vt 0.16793450522021114 0.573809375
vt 0.18746575522021114 0.573809375
vt 0.18746575522021114 0.6484375
vt 0.16793450522021114 0.6484375
vt 0.16793450522021114 0.5453718750000001
vt 0.17965325522021114 0.5453718750000001
vt 0.18746575522021114 0.573809375
vt 0.16793450522021114 0.573809375
vt 0.16793450522021114 0.5180281250000001
vt 0.17965325522021114 0.5180281250000001
vt 0.17965325522021114 0.5453718750000001
vt 0.16793450522021114 0.5453718750000001
vt 0.16570247397021115 0.48959062499999995
vt 0.17072434897021116 0.48959062499999995
vt 0.17965325522021114 0.5180281250000001
vt 0.16793450522021114 0.5180281250000001
vt 0.30859375 0.89464296875
vt 0.30859375 0.9013390625
vt 0.296875 0.89966484375
vt 0.296875 0.89464296875
vt 0.328125 0.8946429687499999
vt 0.328125 0.89966484375
vt 0.30859375 0.9013390625
vt 0.30859375 0.8946429687499999
vt 0.5195203465464271 0.87735390625
vt 0.5078015965464271 0.87735390625
vt 0.5167305027964271 0.85001015625
vt 0.521752377796427 0.85001015625
vt 0.5195203465464271 0.9057921875
vt 0.5078015965464271 0.9057921875
vt 0.5078015965464271 0.87735390625
vt 0.5195203465464271 0.87735390625
vt 0.5195203465464271 0.9331359375
vt 0.49998909654642704 0.9331359375
vt 0.5078015965464271 0.9057921875
vt 0.5195203465464271 0.9057921875
vt 0.49608284654642704 0.9057921875
vt 0.5078015965464271 0.9057921875
vt 0.49998909654642704 0.9331359375
vt 0.48827034654642704 0.9331359375
vt 0.48827034654642704 0.9331359375
vt 0.49998909654642704 0.9331359375
vt 0.49998909654642704 1
vt 0.48045784654642704 0.99224140625
vt 0.707512109375 0.8798046875
vt 0.707512109375 0.90083984375
vt 0.684074609375 0.90083984375
vt 0.684074609375 0.8798046875
vt 0.7885629030024749 0.421875
vt 0.809598688232783 0.421875
vt 0.8125 0.453125
vt 0.7885629030024749 0.45148494306649567
vt 0.20706549477978886 0.6328981090024213
vt 0.18746575522021114 0.6484375
vt 0.18746575522021114 0.5738088401804972
vt 0.19914354744515855 0.5738090633067247
vt 0.19918450522021114 0.573809375
vt 0.18746575522021114 0.573809375
vt 0.17965325522021114 0.5453718750000001
vt 0.19137200522021114 0.5453718750000001
vt 0.19137200522021114 0.5453718750000001
vt 0.17965325522021114 0.5453718750000001
vt 0.17965325522021114 0.5180281250000001
vt 0.18355950522021114 0.5180281250000001
vt 0.18355950522021114 0.5180281250000001
vt 0.17965325522021114 0.5180281250000001
vt 0.17072434897021116 0.48959062499999995
vt 0.18021106772021114 0.48959062499999995
vt 0.296875 0.9091515625
vt 0.296875 0.89966484375
vt 0.30859375 0.9013390625
vt 0.30859375 0.9125
vt 0.30859375 0.9125
vt 0.30859375 0.9013390625
vt 0.328125 0.89966484375
vt 0.328125 0.9125
vt 0.5038953465464271 0.85001015625
vt 0.5167305027964271 0.85001015625
vt 0.5078015965464271 0.87735390625
vt 0.5038953465464271 0.87735390625
vt 0.5038953465464271 0.87735390625
vt 0.5078015965464271 0.87735390625
vt 0.5078015965464271 0.9057921875
vt 0.49608284654642704 0.9057921875
vt 0.5507703465464271 0.9331359375
vt 0.5390515965464271 0.9331359375
vt 0.5312390965464271 0.9057921875
vt 0.5429578465464271 0.9057921875
vt 0.5429578465464271 0.9057921875
vt 0.5312390965464271 0.9057921875
vt 0.5312390965464271 0.87735390625
vt 0.5351453465464271 0.87735390625
vt 0.5351453465464271 0.87735390625
vt 0.5312390965464271 0.87735390625
vt 0.522310190296427 0.85001015625
vt 0.5317969090464271 0.85001015625
vt 0.328125 0.8845984375
vt 0.328125 0.89408515625
vt 0.30859375 0.8845984375
vt 0.30859375 0.8828125
vt 0.30859375 0.8828125
vt 0.30859375 0.8845984375
vt 0.296875 0.89408515625
vt 0.296875 0.8845984375
vt 0.15565794272021116 0.48959062499999995
vt 0.16514466147021115 0.48959062499999995
vt 0.15621575522021114 0.5180281250000001
vt 0.15230950522021114 0.5180281250000001
vt 0.15230950522021114 0.5180281250000001
vt 0.15621575522021114 0.5180281250000001
vt 0.15621575522021114 0.5453718750000001
vt 0.14449700522021114 0.5453718750000001
vt 0.14449700522021114 0.5453718750000001
vt 0.15621575522021114 0.5453718750000001
vt 0.14840325522021114 0.573809375
vt 0.13668450522021114 0.573809375
vt 0.13668450522021114 0.573809375
vt 0.14840325522021114 0.573809375
vt 0.14840325522021114 0.6484375
vt 0.12887200522021114 0.6328984375
vt 0.03125 0.5078125
vt 0.03125 0.53125
vt 0 0.5263701013579889
vt 0.0011687757880886607 0.5078125
vt 0.684074609375 0.9609375
vt 0.684074609375 0.93990234375
vt 0.707512109375 0.93990234375
vt 0.707512109375 0.9609375
vt 0.5586046534535729 0.9922416355379531
vt 0.5390515965464271 1
vt 0.539051596546427 0.9331364917693503
vt 0.550758026124417 0.9331359350147994
vn 1 0 0
vn 0.24253562503633297 0.9701425001453319 0
vn 0 -1 0
vn -0.3015113445777637 -0.3015113445777637 0.904534033733291
vn -0.26210611294080755 -0.2995498433609229 -0.9173713952928264
vn -0.9615239476408232 -0.274721127897378 0
vn -0.3632995072753774 -0.20759971844307282 0.9082487681884436
vn -1 0 0
vn -0.30845685446746224 -0.22032632461961588 -0.9253705634023867
vn 0.9615239476408232 -0.27472112789737807 0
vn -0.2746750646630004 -0.01831167097753336 0.9613627263205013
vn 0.9931506043228763 0.11684124756739721 0
vn 0 0 -1
vn -0.9945054529214062 -0.10468478451804276 0
vn -0.2649064714130088 -0.2649064714130088 0.9271726499455308
vn -0.9615239476408232 -0.27472112789737807 0
vn -0.35389209741589106 -0.3033360834993352 -0.8847302435397277
vn 1 0 0
vn 0.35389209741589106 -0.3033360834993352 -0.8847302435397277
vn 0.30845685446746224 -0.22032632461961588 -0.9253705634023867
vn 0.2746750646630004 0.01831167097753336 -0.9613627263205013
vn 0 1 0
vn 0 0 1
vn 0.2674074594351229 -0.2292063938015339 0.9359261080229301
vn 0.3015113445777637 -0.3015113445777637 0.904534033733291
vn 0.358974358974359 -0.2564102564102564 0.8974358974358975
vn 0 -1 0
vn 0.08616483414543787 -0.32311812804539186 -0.9424278734657263
vn 0.9931506043228763 0.11684124756739721 0
vn 0 1 0
vn 0.24253562503633297 0.9701425001453319 0
vn -0.9945054529214062 -0.10468478451804276 0
vn -0.9615239476408232 -0.27472112789737807 0
vn -1 0 0
vn -0.9615239476408232 -0.274721127897378 0
vn 0 -1 0
vn 0 -1 0
vn 1 0 0
vn 0.9615239476408232 -0.27472112789737807 0
vn 1 0 0
vn 1 0 0
vn 0.9931506043228764 0.11684124756739722 0
vn 0 0.9284766908852594 0.3713906763541038
vn 0.22610781582306733 0.9044312632922693 0.3617725053169077
vn -0.9910361112136427 -0.10431959065406765 -0.08345567252325412
vn -0.9615239476408232 -0.27472112789737807 0
vn -1 0 0
vn -0.9615239476408232 -0.27472112789737807 0
vn 0 -1 0
vn 0 -1 0
vn 1 0 0
vn 0.9615239476408232 -0.27472112789737807 0
vn 1 0 0
vn 0.9615239476408232 -0.27472112789737807 0
vn 1 0 0
vn 0 -1 0
vn 0 -1 0
vn -0.9615239476408233 -0.27472112789737807 0
vn -1 0 0
vn -0.9615239476408232 -0.27472112789737807 0
vn -0.9945054529214061 -0.10468478451804275 0
vn 0.19160041630983685 0.7664016652393474 -0.6131213321914779
vn 0 0.9284766908852594 -0.3713906763541038
vn 0.9920677084257284 0.1167138480500857 -0.04668553922003428
usemtl m_e89d39d3-fb79-db21-aa49-e1bafd5091b4
f 42/1/1 56/2/1 55/3/1 31/4/1
f 33/5/2 65/6/2 64/7/2 34/8/2
f 38/9/3 60/10/3 59/11/3 39/12/3
f 10/13/4 27/14/4 26/15/4 13/16/4
f 16/17/5 23/18/5 22/19/5 11/20/5
f 35/21/6 63/22/6 62/23/6 36/24/6
f 18/25/7 28/26/7 27/27/7 10/28/7
f 36/29/8 62/30/8 61/31/8 37/32/8
f 11/33/9 22/34/9 21/35/9 19/36/9
f 41/37/10 57/38/10 56/39/10 42/40/10
f 13/41/11 26/42/11 25/43/11 5/44/11
f 31/45/12 55/46/12 66/47/12 32/48/12
f 6/49/13 24/50/13 23/51/13 16/52/13
f 34/53/14 64/54/14 63/55/14 35/56/14
f 7/57/15 29/58/15 28/59/15 18/60/15
f 37/61/16 61/62/16 60/63/16 38/64/16
f 19/65/17 21/66/17 30/67/17 8/68/17
f 40/69/18 58/70/18 57/71/18 41/72/18
f 20/73/19 21/74/19 22/75/19 12/76/19
f 12/77/20 22/78/20 23/79/20 15/80/20
f 15/81/21 23/82/21 24/83/21 2/84/21
f 32/85/22 66/86/22 65/87/22 33/88/22
f 1/89/23 25/90/23 26/91/23 14/92/23
f 14/93/24 26/94/24 27/95/24 9/96/24
f 9/97/25 27/98/25 28/99/25 17/100/25
f 17/101/26 28/102/26 29/103/26 3/104/26
f 39/105/27 59/106/27 58/107/27 40/108/27
f 4/109/28 30/110/28 21/111/28 20/112/28
f 32/113/29 45/114/29 44/115/29 31/116/29
f 33/117/30 46/118/30 45/119/30 32/120/30
f 34/121/31 47/122/31 46/123/31 33/124/31
f 35/125/32 48/126/32 47/127/32 34/128/32
f 36/129/33 49/130/33 48/131/33 35/132/33
f 37/133/34 50/134/34 49/135/34 36/136/34
f 38/137/35 51/138/35 50/139/35 37/140/35
f 39/141/36 52/142/36 51/143/36 38/144/36
f 40/145/37 53/146/37 52/147/37 39/148/37
f 41/149/38 54/150/38 53/151/38 40/152/38
f 42/153/39 43/154/39 54/155/39 41/156/39
f 31/157/40 44/158/40 43/159/40 42/160/40
f 9/161/41 43/162/41 44/163/41 14/164/41
f 14/165/42 44/166/42 45/167/42 1/168/42
f 1/169/43 45/170/43 46/171/43 25/172/43
f 25/173/44 46/174/44 47/175/44 5/176/44
f 5/177/45 47/178/45 48/179/45 13/180/45
f 13/181/46 48/182/46 49/183/46 10/184/46
f 10/185/47 49/186/47 50/187/47 18/188/47
f 18/189/48 50/190/48 51/191/48 7/192/48
f 7/193/49 51/194/49 52/195/49 29/196/49
f 29/197/50 52/198/50 53/199/50 3/200/50
f 3/201/51 53/202/51 54/203/51 17/204/51
f 17/205/52 54/206/52 43/207/52 9/208/52
f 15/209/53 55/210/53 56/211/53 12/212/53
f 12/213/54 56/214/54 57/215/54 20/216/54
f 20/217/55 57/218/55 58/219/55 4/220/55
f 4/221/56 58/222/56 59/223/56 30/224/56
f 30/225/57 59/226/57 60/227/57 8/228/57
f 8/229/58 60/230/58 61/231/58 19/232/58
f 19/233/59 61/234/59 62/235/59 11/236/59
f 11/237/60 62/238/60 63/239/60 16/240/60
f 16/241/61 63/242/61 64/243/61 6/244/61
f 6/245/62 64/246/62 65/247/62 24/248/62
f 24/249/63 65/250/63 66/251/63 2/252/63
f 2/253/64 66/254/64 55/255/64 15/256/64
o cuboid
v 0.375 1.6875 0.125
v 0.375 1.6875 -0.09375
v 0.3125 1.125 0.0625
v 0.3125 1.125 -0.0625
v 0.125 1.6875 0.09375
v 0.125 1.6875 -0.09375
v 0.1875 1.125 0.0625
v 0.1875 1.125 -0.0625
v 0.40625 1.46875 0.125
v 0.11249999999999999 1.46875 0.125
v 0.11249999999999999 1.46875 -0.125
v 0.40625 1.46875 -0.125
v 0.11249999999999999 1.578125 0.125
v 0.3875 1.578125 0.125
v 0.3875 1.578125 -0.125
v 0.11249999999999999 1.578125 -0.125
v 0.39375 1.359375 0.125
v 0.125 1.359375 0.125
v 0.125 1.359375 -0.125
v 0.39375 1.359375 -0.125
v 0.25 1.578125 0.125
v 0.25 1.46875 0.125
v 0.25 1.359375 0.125
v 0.25 1.125 0.0625
v 0.25 1.125 -0.0625
v 0.25 1.359375 -0.125
v 0.25 1.46875 -0.125
v 0.25 1.578125 -0.125
v 0.25 1.6875 -0.1125
v 0.25 1.6875 0.125
v 0.3875 1.578125 0
v 0.40625 1.46875 0
v 0.39375 1.359375 0
v 0.3125 1.125 0
v 0.1875 1.125 0
v 0.125 1.359375 0
v 0.11249999999999999 1.46875 0
v 0.11249999999999999 1.578125 0
v 0.125 1.6875 0
v 0.25 1.6875 0
v 0.375 1.6875 0
v 0.25 1.125 0
vt 0.6875 0.22236796874999998
vt 0.703125 0.22236796874999998
vt 0.703125 0.23623906250000004
vt 0.6875 0.23623906250000004
vt 0.1953125 0.22842656250000004
vt 0.1796875 0.22842656250000004
vt 0.1796875 0.21475468750000004
vt 0.1953125 0.21475468750000004
vt 0.5703125 0.5953125
vt 0.5703125 0.6109375
vt 0.5546875 0.6109375
vt 0.5546875 0.59921875
vt 0.0390625 0.859375
vt 0.0390625 0.8515625
vt 0.046875 0.8515625
vt 0.046875 0.859375
vt 0.485546875 0.26171875
vt 0.502734375 0.26171875
vt 0.502734375 0.275390625
vt 0.485546875 0.275390625
vt 0.334765625 0.9859729712333476
vt 0.317578125 0.9859729712333476
vt 0.317578125 0.9723010962333476
vt 0.334765625 0.9723010962333476
vt 0.487109375 0.248046875
vt 0.502734375 0.248046875
vt 0.502734375 0.26171875
vt 0.485546875 0.26171875
vt 0.1953125 0.21475468750000004
vt 0.1796875 0.21475468750000004
vt 0.1796875 0.20099374999999997
vt 0.1953125 0.20099374999999997
vt 0.334765625 0.9723010962333476
vt 0.317578125 0.9723010962333476
vt 0.317578125 0.9586292212333476
vt 0.333203125 0.9586292212333476
vt 0.6875 0.20860703125000002
vt 0.703125 0.20860703125000002
vt 0.703125 0.22236796874999998
vt 0.6875 0.22236796874999998
vt 0.485546875 0.275390625
vt 0.502734375 0.275390625
vt 0.502734375 0.2890625
vt 0.487109375 0.2890625
vt 0.6875 0.23623906250000004
vt 0.703125 0.23623906250000004
vt 0.703125 0.25
vt 0.6875 0.25
vt 0.33356325282684135 1
vt 0.3177655001655371 0.9997335213849934
vt 0.31776555071678686 0.9859729712333476
vt 0.334765625 0.9859729712333476
vt 0.19140625 0.2421875
vt 0.1796875 0.2421875
vt 0.1796875 0.22842656250000004
vt 0.1953125 0.22842656250000004
vt 0.494921875 0.2177265625
vt 0.502734375 0.2177265625
vt 0.502734375 0.248046875
vt 0.487109375 0.248046875
vt 0.1953125 0.20099374999999997
vt 0.1796875 0.20099374999999997
vt 0.1796875 0.17067343749999997
vt 0.1875 0.17067343749999997
vt 0.333203125 0.9586292212333476
vt 0.317578125 0.9586292212333476
vt 0.317578125 0.9283089087333476
vt 0.325390625 0.9283089087333476
vt 0.6953125 0.17759999999999998
vt 0.703125 0.17759999999999998
vt 0.703125 0.20860703125000002
vt 0.6875 0.20860703125000002
vt 0.519921875 0.275390625
vt 0.502734375 0.275390625
vt 0.502734375 0.26171875
vt 0.522265625 0.26171875
vt 0.522265625 0.26171875
vt 0.502734375 0.26171875
vt 0.502734375 0.248046875
vt 0.520703125 0.248046875
vt 0.520703125 0.248046875
vt 0.502734375 0.248046875
vt 0.502734375 0.2177265625
vt 0.510546875 0.2177265625
vt 0.046875 0.859375
vt 0.046875 0.8515625
vt 0.0546875 0.8515625
vt 0.0546875 0.859375
vt 0.309765625 0.9283089087333476
vt 0.317578125 0.9283089087333476
vt 0.317578125 0.9586292212333476
vt 0.299609375 0.9586292212333476
vt 0.299609375 0.9586292212333476
vt 0.317578125 0.9586292212333476
vt 0.317578125 0.9723010962333476
vt 0.298046875 0.9723010962333476
vt 0.298046875 0.9723010962333476
vt 0.317578125 0.9723010962333476
vt 0.317578125 0.9859729712333476
vt 0.300390625 0.9859729712333476
vt 0.3005780507169028 0.9859729080927322
vt 0.31776555071678686 0.9859729712333476
vt 0.3177655001669842 0.9997331274832547
vt 0.30214049918841007 0.9999994763326935
vt 0.5859375 0.5953125
vt 0.5859375 0.6109375
vt 0.5703125 0.6109375
vt 0.5703125 0.5953125
vt 0.518359375 0.2890625
vt 0.502734375 0.2890625
vt 0.502734375 0.275390625
vt 0.519921875 0.275390625
vt 0.71875 0.23623906250000004
vt 0.703125 0.23623906250000004
vt 0.703125 0.22236796874999998
vt 0.71875 0.22236796874999998
vt 0.71875 0.22236796874999998
vt 0.703125 0.22236796874999998
vt 0.703125 0.20860703125000002
vt 0.71875 0.20860703125000002
vt 0.71875 0.20860703125000002
vt 0.703125 0.20860703125000002
vt 0.703125 0.17759999999999998
vt 0.7109375 0.17759999999999998
vt 0.0546875 0.84375
vt 0.0546875 0.8515625
vt 0.046875 0.8515625
vt 0.046875 0.84375
vt 0.046875 0.84375
vt 0.046875 0.8515625
vt 0.0390625 0.8515625
vt 0.0390625 0.84375
vt 0.171875 0.17067343749999997
vt 0.1796875 0.17067343749999997
vt 0.1796875 0.20099374999999997
vt 0.1640625 0.20099374999999997
vt 0.1640625 0.20099374999999997
vt 0.1796875 0.20099374999999997
vt 0.1796875 0.21475468750000004
vt 0.1640625 0.21475468750000004
vt 0.1640625 0.21475468750000004
vt 0.1796875 0.21475468750000004
vt 0.1796875 0.22842656250000004
vt 0.1640625 0.22842656250000004
vt 0.1640625 0.22842656250000004
vt 0.1796875 0.22842656250000004
vt 0.1796875 0.2421875
vt 0.16796875 0.2421875
vt 0.5546875 0.62265625
vt 0.5546875 0.6109375
vt 0.5703125 0.6109375
vt 0.5703125 0.625
vt 0.5703125 0.625
vt 0.5703125 0.6109375
vt 0.5859375 0.6109375
vt 0.5859375 0.62265625
vt 0.71484375 0.25
vt 0.703125 0.25
vt 0.703125 0.23623906250000004
vt 0.71875 0.23623906250000004
vn 0.9856222548132667 0.16896381511084563 0
vn -1 0 0
vn 0 1 0
vn 0 -1 0
vn 0 0 1
vn 0 0 -1
vn 0 0 1
vn -0.9935326726564043 -0.11354659116073203 0
vn 0 0 -1
vn 0.9935326726564043 -0.11354659116073203 0
vn 0 0 1
vn 0.9935326726564043 0.11354659116073203 0
vn -0.1474019975078053 0.11230628381547066 -0.9826799833853684
vn -0.9935326726564042 0.11354659116073201 0
vn 0 -0.25766265056033233 0.9662349396012463
vn -0.9662349396012463 -0.25766265056033233 0
vn 0 -0.25766265056033233 -0.9662349396012463
vn 0.9448361984986259 -0.3275432154795236 0
vn 0 0 1
vn 0 0 1
vn 0 -0.25766265056033233 0.9662349396012463
vn 0 -1 0
vn 0 -0.25766265056033233 -0.9662349396012463
vn 0 0 -1
vn 0 0 -1
vn 0 0.11354659116073187 -0.9935326726564042
vn 0 1 0
vn 0 0 1
vn 0.9856222548132667 0.16896381511084563 0
vn 0.9935326726564043 -0.11354659116073203 0
vn 0.9448361984986259 -0.3275432154795236 0
vn 0 -1 0
vn 0 -1 0
vn -0.9662349396012463 -0.25766265056033233 0
vn -0.9935326726564043 -0.11354659116073203 0
vn -1 0 0
vn -0.9935326726564043 0.11354659116073203 0
vn 0 1 0
vn 0 1 0
vn 0.9935326726564042 0.11354659116073201 0
usemtl m_e89d39d3-fb79-db21-aa49-e1bafd5091b4
f 75/257/65 98/258/65 97/259/65 80/260/65
f 79/261/66 104/262/66 103/263/66 76/264/66
f 96/265/67 106/266/67 105/267/67 71/268/67
f 73/269/68 101/270/68 108/271/68 90/272/68
f 76/273/69 88/274/69 87/275/69 79/276/69
f 82/277/70 94/278/70 93/279/70 77/280/70
f 84/281/71 89/282/71 88/283/71 76/284/71
f 76/285/72 103/286/72 102/287/72 84/288/72
f 77/289/73 93/290/73 92/291/73 85/292/73
f 83/293/74 99/294/74 98/295/74 75/296/74
f 79/297/75 87/298/75 96/299/75 71/300/75
f 80/301/76 97/302/76 107/303/76 67/304/76
f 72/305/77 95/306/77 94/307/77 82/308/77
f 71/309/78 105/310/78 104/311/78 79/312/78
f 73/313/79 90/314/79 89/315/79 84/316/79
f 84/317/80 102/318/80 101/319/80 73/320/80
f 85/321/81 92/322/81 91/323/81 74/324/81
f 69/325/82 100/326/82 99/327/82 83/328/82
f 80/329/83 87/330/83 88/331/83 75/332/83
f 75/333/84 88/334/84 89/335/84 83/336/84
f 83/337/85 89/338/85 90/339/85 69/340/85
f 90/341/86 108/342/86 100/343/86 69/344/86
f 70/345/87 91/346/87 92/347/87 86/348/87
f 86/349/88 92/350/88 93/351/88 78/352/88
f 78/353/89 93/354/89 94/355/89 81/356/89
f 81/357/90 94/358/90 95/359/90 68/360/90
f 67/361/91 107/362/91 106/363/91 96/364/91
f 67/365/92 96/366/92 87/367/92 80/368/92
f 81/369/93 97/370/93 98/371/93 78/372/93
f 78/373/94 98/374/94 99/375/94 86/376/94
f 86/377/95 99/378/95 100/379/95 70/380/95
f 70/381/96 100/382/96 108/383/96 91/384/96
f 91/385/97 108/386/97 101/387/97 74/388/97
f 74/389/98 101/390/98 102/391/98 85/392/98
f 85/393/99 102/394/99 103/395/99 77/396/99
f 77/397/100 103/398/100 104/399/100 82/400/100
f 82/401/101 104/402/101 105/403/101 72/404/101
f 72/405/102 105/406/102 106/407/102 95/408/102
f 95/409/103 106/410/103 107/411/103 68/412/103
f 68/413/104 107/414/104 97/415/104 81/416/104
o cuboid
v 0.3125 1.0625 0.3125
v 0.3125 1.0625 -0.0625
v 0.3125 1 0.3125
v 0.3125 1 -0.0625
v 0.1875 1.0625 0.3125
v 0.1875 1.0625 -0.0625
v 0.1875 1 0.3125
v 0.1875 1 -0.0625
v 0.3125 1.125 0.04999999999999999
v 0.3125 1.125 -0.0625
v 0.1875 1.125 0.04999999999999999
v 0.1875 1.125 -0.0625
vt 0.046875 0.7578125
vt 0 0.7578125
vt 0 0.75
vt 0.046875 0.75
vt 0.4453125 0.84375
vt 0.4453125 0.8515625
vt 0.3984375 0.8515625
vt 0.3984375 0.84375
vt 0 0.915625
vt 0.015625 0.915625
vt 0.015625 0.9296875
vt 0 0.9296875
vt 0.3515625 0.7421875
vt 0.3515625 0.7890625
vt 0.3359375 0.7890625
vt 0.3359375 0.7421875
vt 0.015625 0.9921875
vt 0.015625 1
vt 0 1
vt 0 0.9921875
vt 0.15625 0.8515625
vt 0.140625 0.8515625
vt 0.140625 0.84375
vt 0.15625 0.84375
vt 0.015625 0.915625
vt 0 0.915625
vt 0 0.8818953125
vt 0.015625 0.8818953125
vt 0.046875 0.765625
vt 0.0328125 0.765625
vt 0 0.7578125
vt 0.046875 0.7578125
vt 0.15625 0.859375
vt 0.140625 0.859375
vt 0.140625 0.8515625
vt 0.15625 0.8515625
vt 0.4125 0.859375
vt 0.3984375 0.859375
vt 0.3984375 0.8515625
vt 0.4453125 0.8515625
vn 1 0 0
vn -1 0 0
vn 0 1 0
vn 0 -1 0
vn 0 0 1
vn 0 0 -1
vn 0 0.9728062146853669 0.23162052730603971
vn 1 0 0
vn 0 0 -1
vn -1 0 0
usemtl m_e89d39d3-fb79-db21-aa49-e1bafd5091b4
f 110/417/105 109/418/105 111/419/105 112/420/105
f 115/421/106 113/422/106 114/423/106 116/424/106
f 119/425/107 117/426/107 118/427/107 120/428/107
f 112/429/108 111/430/108 115/431/108 116/432/108
f 111/433/109 109/434/109 113/435/109 115/436/109
f 114/437/110 110/438/110 112/439/110 116/440/110
f 117/441/111 119/442/111 113/443/111 109/444/111
f 118/445/112 117/446/112 109/447/112 110/448/112
f 120/449/113 118/450/113 110/451/113 114/452/113
f 119/453/114 120/454/114 114/455/114 113/456/114
o cuboid
v -0.37500000000000006 2.8125 -0.3125
v -0.375 2.8125 0.3125
v -0.37500000000000006 1.6875 -0.12499999999999997
v -0.375 1.6875 0.09821428571428574
v 0.062499999999999944 2.8125 -0.31250000000000006
v 0.06250000000000003 2.8125 0.31249999999999994
v -0.12500000000000006 1.6875 -0.09821428571428573
v -0.125 1.6875 0.0982142857142857
v -0.4375 2.125 -0.18749999999999997
v -0.06250000000000006 2.125 -0.18750000000000003
v -0.0625 2.125 0.18749999999999997
v -0.4375 2.125 0.18750000000000003
v -5.551115123125783e-17 2.34375 -0.25
v -0.4375000000000001 2.34375 -0.24999999999999997
v -0.4375 2.34375 0.25000000000000006
v 0 2.34375 0.24999999999999997
v -0.37500000000000006 1.90625 -0.12499999999999997
v -0.06250000000000004 1.90625 -0.12500000000000003
v -0.0625 1.90625 0.12499999999999999
v -0.375 1.90625 0.12500000000000003
v -0.21875 1.90625 0.1875
v -0.25 2.125 0.25
v -0.21875 2.34375 0.3125
v -0.1875 2.8125 0.3125
v -0.18750000000000006 2.8125 -0.3125
v -0.21875000000000006 2.34375 -0.3125
v -0.25000000000000006 2.125 -0.25
v -0.21875000000000006 1.90625 -0.1875
v -0.21875000000000006 1.6875 -0.125
v -0.21875 1.6875 0.1125
v -0.4375 2.34375 3.061616997868383e-17
v -0.375 2.875 2.296212748401287e-17
v -0.18750000000000003 2.875 0
v 0.06249999999999997 2.9375 -3.061616997868383e-17
v -2.7755575615628914e-17 2.34375 -2.296212748401287e-17
v -0.06250000000000003 2.125 -1.5308084989341915e-17
v -0.06250000000000003 1.90625 -1.5308084989341915e-17
v -0.12500000000000003 1.6875 0.01785714285714285
v -0.21875000000000003 1.6875 0.01785714285714286
v -0.375 1.6875 0.01785714285714288
v -0.375 1.90625 2.296212748401287e-17
v -0.4375 2.125 3.061616997868383e-17
v -0.4375 2.125 -0.09374999999999997
v -0.4375 2.34375 -0.15624999999999997
v -0.37500000000000006 2.875 -0.15624999999999997
v -0.18750000000000006 2.875 -0.15625
v 0.062499999999999944 2.9375 -0.15625000000000003
v -5.551115123125783e-17 2.34375 -0.15625000000000003
v -0.06250000000000004 2.125 -0.09375000000000001
v -0.06250000000000004 1.90625 -0.09375000000000001
v -0.12500000000000003 1.6875 -0.022321428571428575
v -0.21875000000000003 1.6875 -0.035714285714285705
v -0.375 1.6875 -0.022321428571428544
v -0.375 1.90625 -0.09374999999999997
v -0.4375 2.34375 0.15625000000000003
v -0.4375 2.125 0.09375000000000003
v -0.375 1.90625 0.09375000000000003
v -0.375 1.6875 0.0223214285714286
v -0.21875000000000003 1.6875 0.09821428571428571
v -0.12500000000000003 1.6875 0.02232142857142857
v -0.06250000000000003 1.90625 0.09374999999999999
v -0.06250000000000003 2.125 0.09374999999999999
v 0 2.34375 0.15624999999999997
v 0.06249999999999997 2.9375 0.15624999999999997
v -0.1875 2.875 0.15625
v -0.375 2.875 0.15625000000000003
vt 0.5273328465464271 0.6557921875
vt 0.5390515965464271 0.6557921875
vt 0.5468640965464271 0.6831359375
vt 0.5273328465464271 0.6831359375
vt 0.168449609375 0.29537109375000004
vt 0.168449609375 0.31490234375000004
vt 0.136237890625 0.31490234375000004
vt 0.136237890625 0.29537109375000004
vt 0.109375 0.5040179687499999
vt 0.109375 0.5034601562500001
vt 0.12109375 0.4939734375
vt 0.12109375 0.5040179687499999
vt 0.28398373606127764 0.3701370766444281
vt 0.30835758443285566 0.374171392164631
vt 0.30245584384193785 0.4022636461264568
vt 0.2743655391880966 0.39799112402599734
vt 0.5524226096520338 0.3867184024156465
vt 0.5239843284020338 0.3867184024156465
vt 0.5223749534020338 0.3580582461656465
vt 0.5470569846520338 0.3577371524156465
vt 0.26168450522021114 0.558184375
vt 0.24215325522021114 0.558184375
vt 0.24996575522021114 0.5297468750000001
vt 0.26168450522021114 0.5297468750000001
vt 0.28608046292146083 0.3418120696753384
vt 0.30679060179411566 0.3454999978713935
vt 0.308317001911662 0.37416467501875383
vt 0.28398373606127764 0.3701370766444281
vt 0.26168450522021114 0.5297468750000001
vt 0.24996575522021114 0.5297468750000001
vt 0.24996575522021114 0.5024031250000001
vt 0.26168450522021114 0.5024031250000001
vt 0.5470783318459194 0.3577368747054992
vt 0.5223749534020338 0.3580582461656465
vt 0.5281863495572313 0.32994824127335354
vt 0.5491802448408416 0.3294024479408355
vt 0.5273328465464271 0.62735390625
vt 0.5390515965464271 0.62735390625
vt 0.5390515965464271 0.6557921875
vt 0.5273328465464271 0.6557921875
vt 0.27401767896272083 0.4021904919406758
vt 0.30245586701422805 0.4022632985421034
vt 0.29854959384193785 0.4608573961264568
vt 0.2685016340392976 0.4609375
vt 0.5273328465464271 0.6831359375
vt 0.5468640965464271 0.6831359375
vt 0.5468640965464271 0.75
vt 0.5273328465464271 0.75
vt 0.5591405784020338 0.4453121524156465
vt 0.5278905784020338 0.4453121524156465
vt 0.5239843284020338 0.3867184024156465
vt 0.5513280784020338 0.3867184024156465
vt 0.26168450522021114 0.6328125
vt 0.24215325522021114 0.6328125
vt 0.24215325522021114 0.558184375
vt 0.26168450522021114 0.558184375
vt 0.2967261809711969 0.3153108584186848
vt 0.3087785466866534 0.3171207304889949
vt 0.306689759640776 0.3454820405499608
vt 0.28608046292146083 0.3418120696753384
vt 0.26168450522021114 0.5024031250000001
vt 0.24996575522021114 0.5024031250000001
vt 0.2588946614702111 0.47396562499999995
vt 0.25945247397021115 0.47396562499999995
vt 0.5492151817609137 0.32940153966070085
vt 0.5281863495572313 0.32994824127335354
vt 0.5309214440717926 0.3011721268884153
vt 0.5424825327789324 0.30168902859889946
vt 0.529564877796427 0.60001015625
vt 0.530122690296427 0.60001015625
vt 0.5390515965464271 0.62735390625
vt 0.5273328465464271 0.62735390625
vt 0.5074490848372281 0.3262045548760433
vt 0.5281495018451183 0.32994227265048315
vt 0.522337195035889 0.35805212277509324
vt 0.4979888631164884 0.35410347878211024
vt 0.4979888631164884 0.35410347878211024
vt 0.5223749534020338 0.3580582461656465
vt 0.5239843224027761 0.38671829557935156
vt 0.4958962565507232 0.38243859438239025
vt 0.4955469215979662 0.3867912070169477
vt 0.5239843284020338 0.3867184024156465
vt 0.527890601574324 0.4453125
vt 0.5053544359104524 0.4452522272830143
vt 0.191887109375 0.29537109375000004
vt 0.191887109375 0.31490234375000004
vt 0.168449609375 0.31490234375000004
vt 0.168449609375 0.29537109375000004
vt 0.32198709384193785 0.4608573961264568
vt 0.29854959384193785 0.4608573961264568
vt 0.30245584384193785 0.4022636461264568
vt 0.32979959384193785 0.4022636461264568
vt 0.3308933438419378 0.4022636461264568
vt 0.30245584384193785 0.4022636461264568
vt 0.30835740634193787 0.37417223987645687
vt 0.3330394375919378 0.3739261461264568
vt 0.3330608659607024 0.373925932473554
vt 0.30835740634193787 0.37417223987645687
vt 0.30683638863897705 0.34550785483814106
vt 0.3278308482702966 0.3449258534808336
vt 0.327863466884038 0.34492494923858086
vt 0.30683638863897705 0.34550785483814106
vt 0.3089528964917712 0.31714846981572076
vt 0.32713107333034736 0.31850541137301314
vt 0.12109375 0.5040179687499999
vt 0.12109375 0.4939734375
vt 0.140625 0.5034601562500001
vt 0.140625 0.5040179687499999
vt 0.5114594376221735 0.29874085019774754
vt 0.5309214440717926 0.3011721268884153
vt 0.5281862986392227 0.3299487769851659
vt 0.5084213243944131 0.3255247304488673
vt 0.5273328465464271 0.75
vt 0.5078015965464271 0.75
vt 0.5078015965464271 0.6831359375
vt 0.5273328465464271 0.6831359375
vt 0.168449609375 0.29537109375000004
vt 0.168449609375 0.27583984375000004
vt 0.191887109375 0.27583984375000004
vt 0.191887109375 0.29537109375000004
vt 0.136237890625 0.29537109375000004
vt 0.136237890625 0.27583984375000004
vt 0.168449609375 0.27583984375000004
vt 0.168449609375 0.29537109375000004
vt 0.26168450522021114 0.558184375
vt 0.28121575522021114 0.558184375
vt 0.28121575522021114 0.6328125
vt 0.26168450522021114 0.6328125
vt 0.26168450522021114 0.5297468750000001
vt 0.27340325522021114 0.5297468750000001
vt 0.28121575522021114 0.558184375
vt 0.26168450522021114 0.558184375
vt 0.26168450522021114 0.5024031250000001
vt 0.27340325522021114 0.5024031250000001
vt 0.27340325522021114 0.5297468750000001
vt 0.26168450522021114 0.5297468750000001
vt 0.25945247397021115 0.47396562499999995
vt 0.26447434897021116 0.47396562499999995
vt 0.27340325522021114 0.5024031250000001
vt 0.26168450522021114 0.5024031250000001
vt 0.12109375 0.5040179687499999
vt 0.12109375 0.5107140625
vt 0.109375 0.50903984375
vt 0.109375 0.5040179687499999
vt 0.140625 0.5040179687499999
vt 0.140625 0.50903984375
vt 0.12109375 0.5107140625
vt 0.12109375 0.5040179687499999
vt 0.5273328465464271 0.62735390625
vt 0.5156140965464271 0.62735390625
vt 0.5245430027964271 0.60001015625
vt 0.529564877796427 0.60001015625
vt 0.5273328465464271 0.6557921875
vt 0.5156140965464271 0.6557921875
vt 0.5156140965464271 0.62735390625
vt 0.5273328465464271 0.62735390625
vt 0.5273328465464271 0.6831359375
vt 0.5078015965464271 0.6831359375
vt 0.5156140965464271 0.6557921875
vt 0.5273328465464271 0.6557921875
vt 0.5038953465464271 0.6557921875
vt 0.5156140965464271 0.6557921875
vt 0.5078015965464271 0.6831359375
vt 0.49608284654642704 0.6831359375
vt 0.49608284654642704 0.6831359375
vt 0.5078015965464271 0.6831359375
vt 0.5078015965464271 0.75
vt 0.48827034654642704 0.74224140625
vt 0.191887109375 0.25480468749999996
vt 0.191887109375 0.27583984375000004
vt 0.168449609375 0.27583984375000004
vt 0.168449609375 0.25480468749999996
vt 0.4291879030024749 0.1796875
vt 0.450223688232783 0.1796875
vt 0.453125 0.2109375
vt 0.4291879030024749 0.20929744306649567
vt 0.30081549477978886 0.6172731090024213
vt 0.28121575522021114 0.6328125
vt 0.28121575522021114 0.5581838401804972
vt 0.29289354744515855 0.5581840633067247
vt 0.29293450522021114 0.558184375
vt 0.28121575522021114 0.558184375
vt 0.27340325522021114 0.5297468750000001
vt 0.28512200522021114 0.5297468750000001
vt 0.28512200522021114 0.5297468750000001
vt 0.27340325522021114 0.5297468750000001
vt 0.27340325522021114 0.5024031250000001
vt 0.27730950522021114 0.5024031250000001
vt 0.27730950522021114 0.5024031250000001
vt 0.27340325522021114 0.5024031250000001
vt 0.26447434897021116 0.47396562499999995
vt 0.2739610677202111 0.47396562499999995
vt 0.109375 0.5185265625
vt 0.109375 0.50903984375
vt 0.12109375 0.5107140625
vt 0.12109375 0.521875
vt 0.12109375 0.521875
vt 0.12109375 0.5107140625
vt 0.140625 0.50903984375
vt 0.140625 0.521875
vt 0.5117078465464271 0.60001015625
vt 0.5245430027964271 0.60001015625
vt 0.5156140965464271 0.62735390625
vt 0.5117078465464271 0.62735390625
vt 0.5117078465464271 0.62735390625
vt 0.5156140965464271 0.62735390625
vt 0.5156140965464271 0.6557921875
vt 0.5038953465464271 0.6557921875
vt 0.5585828465464271 0.6831359375
vt 0.5468640965464271 0.6831359375
vt 0.5390515965464271 0.6557921875
vt 0.5507703465464271 0.6557921875
vt 0.5507703465464271 0.6557921875
vt 0.5390515965464271 0.6557921875
vt 0.5390515965464271 0.62735390625
vt 0.5429578465464271 0.62735390625
vt 0.5429578465464271 0.62735390625
vt 0.5390515965464271 0.62735390625
vt 0.530122690296427 0.60001015625
vt 0.5396094090464271 0.60001015625
vt 0.140625 0.4939734375
vt 0.140625 0.5034601562500001
vt 0.12109375 0.4939734375
vt 0.12109375 0.4921875
vt 0.12109375 0.4921875
vt 0.12109375 0.4939734375
vt 0.109375 0.5034601562500001
vt 0.109375 0.4939734375
vt 0.24940794272021116 0.47396562499999995
vt 0.2588946614702111 0.47396562499999995
vt 0.24996575522021114 0.5024031250000001
vt 0.24605950522021114 0.5024031250000001
vt 0.24605950522021114 0.5024031250000001
vt 0.24996575522021114 0.5024031250000001
vt 0.24996575522021114 0.5297468750000001
vt 0.23824700522021114 0.5297468750000001
vt 0.23824700522021114 0.5297468750000001
vt 0.24996575522021114 0.5297468750000001
vt 0.24215325522021114 0.558184375
vt 0.23043450522021114 0.558184375
vt 0.23043450522021114 0.558184375
vt 0.24215325522021114 0.558184375
vt 0.24215325522021114 0.6328125
vt 0.22262200522021114 0.6172734375
vt 0.65625 0.8671875
vt 0.65625 0.890625
vt 0.625 0.8857451013579889
vt 0.6261687757880887 0.8671875
vt 0.168449609375 0.3359375
vt 0.168449609375 0.31490234375000004
vt 0.191887109375 0.31490234375000004
vt 0.19188710937499998 0.3359375
vt 0.5664171534535729 0.7422416355379531
vt 0.5468640965464271 0.75
vt 0.546864096546427 0.6831364917693503
vt 0.558570526124417 0.6831359350147994
vn -1 0 1.2246467991473532e-16
vn -0.24253562503633297 0.9701425001453319 2.970204768799478e-17
vn 0 -1 0
vn 0.3015113445777636 -0.3015113445777637 -0.904534033733291
vn 0.26210611294080766 -0.2995498433609229 0.9173713952928264
vn 0.9615239476408232 -0.274721127897378 -1.1775272247818614e-16
vn 0.3632995072753773 -0.20759971844307282 -0.9082487681884436
vn 1 0 -1.2246467991473532e-16
vn 0.30845685446746235 -0.22032632461961588 0.9253705634023867
vn -0.9615239476408232 -0.27472112789737807 1.1775272247818614e-16
vn 0.2746750646630003 -0.01831167097753336 -0.9613627263205013
vn -0.9931506043228763 0.11684124756739721 1.21625870865527e-16
vn 1.2246467991473532e-16 0 1
vn 0.9945054529214062 -0.10468478451804276 -1.217917919654789e-16
vn 0.2649064714130087 -0.2649064714130088 -0.9271726499455308
vn 0.9615239476408232 -0.27472112789737807 -1.1775272247818614e-16
vn 0.35389209741589117 -0.3033360834993352 0.8847302435397277
vn -1 0 1.2246467991473532e-16
vn -0.35389209741589095 -0.3033360834993352 0.8847302435397277
vn -0.3084568544674621 -0.22032632461961588 0.9253705634023867
vn -0.2746750646630003 0.01831167097753336 0.9613627263205013
vn 0 1 0
vn -1.2246467991473532e-16 0 -1
vn -0.267407459435123 -0.2292063938015339 -0.9359261080229301
vn -0.3015113445777638 -0.3015113445777637 -0.904534033733291
vn -0.3589743589743591 -0.2564102564102564 -0.8974358974358975
vn 0 -1 0
vn -0.08616483414543775 -0.32311812804539186 0.9424278734657263
vn -0.9931506043228763 0.11684124756739721 1.21625870865527e-16
vn 0 1 0
vn -0.24253562503633297 0.9701425001453319 2.970204768799478e-17
vn 0.9945054529214062 -0.10468478451804276 -1.217917919654789e-16
vn 0.9615239476408232 -0.27472112789737807 -1.1775272247818614e-16
vn 1 0 -1.2246467991473532e-16
vn 0.9615239476408232 -0.274721127897378 -1.1775272247818614e-16
vn 0 -1 0
vn 0 -1 0
vn -1 0 1.2246467991473532e-16
vn -0.9615239476408232 -0.27472112789737807 1.1775272247818614e-16
vn -1 0 1.2246467991473532e-16
vn -1 0 1.2246467991473532e-16
vn -0.9931506043228764 0.11684124756739722 1.2162587086552701e-16
vn -4.548224030302238e-17 0.9284766908852594 -0.3713906763541038
vn -0.22610781582306738 0.9044312632922693 -0.3617725053169077
vn 0.9910361112136427 -0.10431959065406765 0.08345567252325399
vn 0.9615239476408232 -0.27472112789737807 -1.1775272247818614e-16
vn 1 0 -1.2246467991473532e-16
vn 0.9615239476408232 -0.27472112789737807 -1.1775272247818614e-16
vn 0 -1 0
vn 0 -1 0
vn -1 0 1.2246467991473532e-16
vn -0.9615239476408232 -0.27472112789737807 1.1775272247818614e-16
vn -1 0 1.2246467991473532e-16
vn -0.9615239476408232 -0.27472112789737807 1.1775272247818614e-16
vn -1 0 1.2246467991473532e-16
vn 0 -1 0
vn 0 -1 0
vn 0.9615239476408233 -0.27472112789737807 -1.1775272247818614e-16
vn 1 0 -1.2246467991473532e-16
vn 0.9615239476408232 -0.27472112789737807 -1.1775272247818614e-16
vn 0.9945054529214061 -0.10468478451804275 -1.2179179196547887e-16
vn -0.19160041630983676 0.7664016652393474 0.6131213321914779
vn 4.548224030302238e-17 0.9284766908852594 0.3713906763541038
vn -0.9920677084257284 0.1167138480500857 0.046685539220034405
usemtl m_e89d39d3-fb79-db21-aa49-e1bafd5091b4
f 162/457/115 176/458/115 175/459/115 151/460/115
f 153/461/116 185/462/116 184/463/116 154/464/116
f 158/465/117 180/466/117 179/467/117 159/468/117
f 130/469/118 147/470/118 146/471/118 133/472/118
f 136/473/119 143/474/119 142/475/119 131/476/119
f 155/477/120 183/478/120 182/479/120 156/480/120
f 138/481/121 148/482/121 147/483/121 130/484/121
f 156/485/122 182/486/122 181/487/122 157/488/122
f 131/489/123 142/490/123 141/491/123 139/492/123
f 161/493/124 177/494/124 176/495/124 162/496/124
f 133/497/125 146/498/125 145/499/125 125/500/125
f 151/501/126 175/502/126 186/503/126 152/504/126
f 126/505/127 144/506/127 143/507/127 136/508/127
f 154/509/128 184/510/128 183/511/128 155/512/128
f 127/513/129 149/514/129 148/515/129 138/516/129
f 157/517/130 181/518/130 180/519/130 158/520/130
f 139/521/131 141/522/131 150/523/131 128/524/131
f 160/525/132 178/526/132 177/527/132 161/528/132
f 140/529/133 141/530/133 142/531/133 132/532/133
f 132/533/134 142/534/134 143/535/134 135/536/134
f 135/537/135 143/538/135 144/539/135 122/540/135
f 152/541/136 186/542/136 185/543/136 153/544/136
f 121/545/137 145/546/137 146/547/137 134/548/137
f 134/549/138 146/550/138 147/551/138 129/552/138
f 129/553/139 147/554/139 148/555/139 137/556/139
f 137/557/140 148/558/140 149/559/140 123/560/140
f 159/561/141 179/562/141 178/563/141 160/564/141
f 124/565/142 150/566/142 141/567/142 140/568/142
f 152/569/143 165/570/143 164/571/143 151/572/143
f 153/573/144 166/574/144 165/575/144 152/576/144
f 154/577/145 167/578/145 166/579/145 153/580/145
f 155/581/146 168/582/146 167/583/146 154/584/146
f 156/585/147 169/586/147 168/587/147 155/588/147
f 157/589/148 170/590/148 169/591/148 156/592/148
f 158/593/149 171/594/149 170/595/149 157/596/149
f 159/597/150 172/598/150 171/599/150 158/600/150
f 160/601/151 173/602/151 172/603/151 159/604/151
f 161/605/152 174/606/152 173/607/152 160/608/152
f 162/609/153 163/610/153 174/611/153 161/612/153
f 151/613/154 164/614/154 163/615/154 162/616/154
f 129/617/155 163/618/155 164/619/155 134/620/155
f 134/621/156 164/622/156 165/623/156 121/624/156
f 121/625/157 165/626/157 166/627/157 145/628/157
f 145/629/158 166/630/158 167/631/158 125/632/158
f 125/633/159 167/634/159 168/635/159 133/636/159
f 133/637/160 168/638/160 169/639/160 130/640/160
f 130/641/161 169/642/161 170/643/161 138/644/161
f 138/645/162 170/646/162 171/647/162 127/648/162
f 127/649/163 171/650/163 172/651/163 149/652/163
f 149/653/164 172/654/164 173/655/164 123/656/164
f 123/657/165 173/658/165 174/659/165 137/660/165
f 137/661/166 174/662/166 163/663/166 129/664/166
f 135/665/167 175/666/167 176/667/167 132/668/167
f 132/669/168 176/670/168 177/671/168 140/672/168
f 140/673/169 177/674/169 178/675/169 124/676/169
f 124/677/170 178/678/170 179/679/170 150/680/170
f 150/681/171 179/682/171 180/683/171 128/684/171
f 128/685/172 180/686/172 181/687/172 139/688/172
f 139/689/173 181/690/173 182/691/173 131/692/173
f 131/693/174 182/694/174 183/695/174 136/696/174
f 136/697/175 183/698/175 184/699/175 126/700/175
f 126/701/176 184/702/176 185/703/176 144/704/176
f 144/705/177 185/706/177 186/707/177 122/708/177
f 122/709/178 186/710/178 175/711/178 135/712/178
o cuboid
v -0.3750000000000001 1.6875 -0.12499999999999999
v -0.37500000000000006 1.6875 0.09375000000000001
v -0.31250000000000006 1.125 -0.06249999999999999
v -0.31250000000000006 1.125 0.06250000000000001
v -0.12500000000000006 1.6875 -0.09375000000000001
v -0.12500000000000006 1.6875 0.09374999999999999
v -0.18750000000000006 1.125 -0.06250000000000001
v -0.18750000000000006 1.125 0.06249999999999999
v -0.4062500000000001 1.46875 -0.12499999999999999
v -0.11250000000000007 1.46875 -0.12500000000000003
v -0.11250000000000002 1.46875 0.12499999999999999
v -0.40625 1.46875 0.12500000000000003
v -0.11250000000000007 1.578125 -0.12500000000000003
v -0.38750000000000007 1.578125 -0.12499999999999999
v -0.38750000000000007 1.578125 0.12500000000000003
v -0.11250000000000002 1.578125 0.12499999999999999
v -0.39375000000000004 1.359375 -0.12499999999999999
v -0.12500000000000006 1.359375 -0.12500000000000003
v -0.12500000000000003 1.359375 0.12499999999999999
v -0.39375000000000004 1.359375 0.12500000000000003
v -0.25000000000000006 1.578125 -0.125
v -0.25000000000000006 1.46875 -0.125
v -0.25000000000000006 1.359375 -0.125
v -0.25000000000000006 1.125 -0.0625
v -0.25000000000000006 1.125 0.0625
v -0.25000000000000006 1.359375 0.125
v -0.25000000000000006 1.46875 0.125
v -0.25000000000000006 1.578125 0.125
v -0.25000000000000006 1.6875 0.1125
v -0.25000000000000006 1.6875 -0.125
v -0.38750000000000007 1.578125 1.683889348827611e-17
v -0.40625000000000006 1.46875 1.9135106236677395e-17
v -0.39375000000000004 1.359375 1.76042977377432e-17
v -0.31250000000000006 1.125 7.654042494670958e-18
v -0.18750000000000006 1.125 -7.654042494670958e-18
v -0.12500000000000006 1.359375 -1.5308084989341915e-17
v -0.11250000000000004 1.46875 -1.683889348827611e-17
v -0.11250000000000004 1.578125 -1.683889348827611e-17
v -0.12500000000000006 1.6875 -1.5308084989341915e-17
v -0.25000000000000006 1.6875 0
v -0.37500000000000006 1.6875 1.5308084989341915e-17
v -0.25000000000000006 1.125 0
vt 0.7265625 0.22236796874999998
vt 0.7421875 0.22236796874999998
vt 0.7421875 0.23623906250000004
vt 0.7265625 0.23623906250000004
vt 0.7890625 0.6112390624999999
vt 0.7734375 0.6112390624999999
vt 0.7734375 0.5975671874999999
vt 0.7890625 0.5975671874999999
vt 0.6953125 0.9703125
vt 0.6953125 0.9859375
vt 0.6796875 0.9859375
vt 0.6796875 0.97421875
vt 0.1640625 0.7890625
vt 0.1640625 0.78125
vt 0.171875 0.78125
vt 0.171875 0.7890625
vt 0.719921875 0.97265625
vt 0.737109375 0.97265625
vt 0.737109375 0.986328125
vt 0.719921875 0.986328125
vt 0.530078125 0.8219104712333476
vt 0.512890625 0.8219104712333476
vt 0.512890625 0.8082385962333476
vt 0.530078125 0.8082385962333476
vt 0.721484375 0.958984375
vt 0.737109375 0.958984375
vt 0.737109375 0.97265625
vt 0.719921875 0.97265625
vt 0.7890625 0.5975671874999999
vt 0.7734375 0.5975671874999999
vt 0.7734375 0.58380625
vt 0.7890625 0.58380625
vt 0.530078125 0.8082385962333476
vt 0.512890625 0.8082385962333476
vt 0.512890625 0.7945667212333476
vt 0.528515625 0.7945667212333476
vt 0.7265625 0.20860703125000002
vt 0.7421875 0.20860703125000002
vt 0.7421875 0.22236796874999998
vt 0.7265625 0.22236796874999998
vt 0.719921875 0.986328125
vt 0.737109375 0.986328125
vt 0.737109375 1
vt 0.721484375 1
vt 0.7265625 0.23623906250000004
vt 0.7421875 0.23623906250000004
vt 0.7421875 0.25
vt 0.7265625 0.25
vt 0.5288757528268413 0.8359375
vt 0.5130780001655372 0.8356710213849934
vt 0.5130780507167868 0.8219104712333476
vt 0.530078125 0.8219104712333476
vt 0.78515625 0.625
vt 0.7734375 0.625
vt 0.7734375 0.6112390624999999
vt 0.7890625 0.6112390624999999
vt 0.729296875 0.9286640625
vt 0.737109375 0.9286640625
vt 0.737109375 0.958984375
vt 0.721484375 0.958984375
vt 0.7890625 0.58380625
vt 0.7734375 0.58380625
vt 0.7734375 0.5534859375
vt 0.78125 0.5534859375
vt 0.528515625 0.7945667212333476
vt 0.512890625 0.7945667212333476
vt 0.512890625 0.7642464087333476
vt 0.520703125 0.7642464087333476
vt 0.734375 0.17759999999999998
vt 0.7421875 0.17759999999999998
vt 0.7421875 0.20860703125000002
vt 0.7265625 0.20860703125000002
vt 0.754296875 0.986328125
vt 0.737109375 0.986328125
vt 0.737109375 0.97265625
vt 0.756640625 0.97265625
vt 0.756640625 0.97265625
vt 0.737109375 0.97265625
vt 0.737109375 0.958984375
vt 0.755078125 0.958984375
vt 0.755078125 0.958984375
vt 0.737109375 0.958984375
vt 0.737109375 0.9286640625
vt 0.744921875 0.9286640625
vt 0.171875 0.7890625
vt 0.171875 0.78125
vt 0.1796875 0.78125
vt 0.1796875 0.7890625
vt 0.505078125 0.7642464087333476
vt 0.512890625 0.7642464087333476
vt 0.512890625 0.7945667212333476
vt 0.494921875 0.7945667212333476
vt 0.494921875 0.7945667212333476
vt 0.512890625 0.7945667212333476
vt 0.512890625 0.8082385962333476
vt 0.493359375 0.8082385962333476
vt 0.493359375 0.8082385962333476
vt 0.512890625 0.8082385962333476
vt 0.512890625 0.8219104712333476
vt 0.495703125 0.8219104712333476
vt 0.4958905507169028 0.8219104080927322
vt 0.5130780507167868 0.8219104712333476
vt 0.5130780001669842 0.8356706274832547
vt 0.49745299918841007 0.8359369763326935
vt 0.7109375 0.9703125
vt 0.7109375 0.9859375
vt 0.6953125 0.9859375
vt 0.6953125 0.9703125
vt 0.752734375 1
vt 0.737109375 1
vt 0.737109375 0.986328125
vt 0.754296875 0.986328125
vt 0.7578125 0.23623906250000004
vt 0.7421875 0.23623906250000004
vt 0.7421875 0.22236796874999998
vt 0.7578125 0.22236796874999998
vt 0.7578125 0.22236796874999998
vt 0.7421875 0.22236796874999998
vt 0.7421875 0.20860703125000002
vt 0.7578125 0.20860703125000002
vt 0.7578125 0.20860703125000002
vt 0.7421875 0.20860703125000002
vt 0.7421875 0.17759999999999998
vt 0.75 0.17759999999999998
vt 0.1796875 0.7734375
vt 0.1796875 0.78125
vt 0.171875 0.78125
vt 0.171875 0.7734375
vt 0.171875 0.7734375
vt 0.171875 0.78125
vt 0.1640625 0.78125
vt 0.1640625 0.7734375
vt 0.765625 0.5534859375
vt 0.7734375 0.5534859375
vt 0.7734375 0.58380625
vt 0.7578125 0.58380625
vt 0.7578125 0.58380625
vt 0.7734375 0.58380625
vt 0.7734375 0.5975671874999999
vt 0.7578125 0.5975671874999999
vt 0.7578125 0.5975671874999999
vt 0.7734375 0.5975671874999999
vt 0.7734375 0.6112390624999999
vt 0.7578125 0.6112390624999999
vt 0.7578125 0.6112390624999999
vt 0.7734375 0.6112390624999999
vt 0.7734375 0.625
vt 0.76171875 0.625
vt 0.6796875 0.99765625
vt 0.6796875 0.9859375
vt 0.6953125 0.9859375
vt 0.6953125 1
vt 0.6953125 1
vt 0.6953125 0.9859375
vt 0.7109375 0.9859375
vt 0.7109375 0.99765625
vt 0.75390625 0.25
vt 0.7421875 0.25
vt 0.7421875 0.23623906250000004
vt 0.7578125 0.23623906250000004
vn -0.9856222548132667 0.16896381511084563 1.207039139525464e-16
vn 1 0 -1.2246467991473532e-16
vn 0 1 0
vn 0 -1 0
vn -1.2246467991473532e-16 0 -1
vn 1.2246467991473532e-16 0 1
vn -1.2246467991473532e-16 0 -1
vn 0.9935326726564043 -0.11354659116073203 -1.2167266074169807e-16
vn 1.2246467991473532e-16 0 1
vn -0.9935326726564043 -0.11354659116073203 1.2167266074169807e-16
vn -1.2246467991473532e-16 0 -1
vn -0.9935326726564043 0.11354659116073203 1.2167266074169807e-16
vn 0.14740199750780542 0.11230628381547066 0.9826799833853684
vn 0.9935326726564042 0.11354659116073201 -1.2167266074169804e-16
vn -1.1832965260070024e-16 -0.25766265056033233 -0.9662349396012463
vn 0.9662349396012463 -0.25766265056033233 -1.1832965260070024e-16
vn 1.1832965260070024e-16 -0.25766265056033233 0.9662349396012463
vn -0.9448361984986259 -0.3275432154795236 1.1570906262098955e-16
vn -1.2246467991473532e-16 0 -1
vn -1.2246467991473532e-16 0 -1
vn -1.1832965260070024e-16 -0.25766265056033233 -0.9662349396012463
vn 0 -1 0
vn 1.1832965260070024e-16 -0.25766265056033233 0.9662349396012463
vn 1.2246467991473532e-16 0 1
vn 1.2246467991473532e-16 0 1
vn 1.2167266074169804e-16 0.11354659116073187 0.9935326726564042
vn 0 1 0
vn -1.2246467991473532e-16 0 -1
vn -0.9856222548132667 0.16896381511084563 1.207039139525464e-16
vn -0.9935326726564043 -0.11354659116073203 1.2167266074169807e-16
vn -0.9448361984986259 -0.3275432154795236 1.1570906262098955e-16
vn 0 -1 0
vn 0 -1 0
vn 0.9662349396012463 -0.25766265056033233 -1.1832965260070024e-16
vn 0.9935326726564043 -0.11354659116073203 -1.2167266074169807e-16
vn 1 0 -1.2246467991473532e-16
vn 0.9935326726564043 0.11354659116073203 -1.2167266074169807e-16
vn 0 1 0
vn 0 1 0
vn -0.9935326726564042 0.11354659116073201 1.2167266074169804e-16
usemtl m_e89d39d3-fb79-db21-aa49-e1bafd5091b4
f 195/713/179 218/714/179 217/715/179 200/716/179
f 199/717/180 224/718/180 223/719/180 196/720/180
f 216/721/181 226/722/181 225/723/181 191/724/181
f 193/725/182 221/726/182 228/727/182 210/728/182
f 196/729/183 208/730/183 207/731/183 199/732/183
f 202/733/184 214/734/184 213/735/184 197/736/184
f 204/737/185 209/738/185 208/739/185 196/740/185
f 196/741/186 223/742/186 222/743/186 204/744/186
f 197/745/187 213/746/187 212/747/187 205/748/187
f 203/749/188 219/750/188 218/751/188 195/752/188
f 199/753/189 207/754/189 216/755/189 191/756/189
f 200/757/190 217/758/190 227/759/190 187/760/190
f 192/761/191 215/762/191 214/763/191 202/764/191
f 191/765/192 225/766/192 224/767/192 199/768/192
f 193/769/193 210/770/193 209/771/193 204/772/193
f 204/773/194 222/774/194 221/775/194 193/776/194
f 205/777/195 212/778/195 211/779/195 194/780/195
f 189/781/196 220/782/196 219/783/196 203/784/196
f 200/785/197 207/786/197 208/787/197 195/788/197
f 195/789/198 208/790/198 209/791/198 203/792/198
f 203/793/199 209/794/199 210/795/199 189/796/199
f 210/797/200 228/798/200 220/799/200 189/800/200
f 190/801/201 211/802/201 212/803/201 206/804/201
f 206/805/202 212/806/202 213/807/202 198/808/202
f 198/809/203 213/810/203 214/811/203 201/812/203
f 201/813/204 214/814/204 215/815/204 188/816/204
f 187/817/205 227/818/205 226/819/205 216/820/205
f 187/821/206 216/822/206 207/823/206 200/824/206
f 201/825/207 217/826/207 218/827/207 198/828/207
f 198/829/208 218/830/208 219/831/208 206/832/208
f 206/833/209 219/834/209 220/835/209 190/836/209
f 190/837/210 220/838/210 228/839/210 211/840/210
f 211/841/211 228/842/211 221/843/211 194/844/211
f 194/845/212 221/846/212 222/847/212 205/848/212
f 205/849/213 222/850/213 223/851/213 197/852/213
f 197/853/214 223/854/214 224/855/214 202/856/214
f 202/857/215 224/858/215 225/859/215 192/860/215
f 192/861/216 225/862/216 226/863/216 215/864/216
f 215/865/217 226/866/217 227/867/217 188/868/217
f 188/869/218 227/870/218 217/871/218 201/872/218
o cuboid
v -0.18750000000000003 1.0625 0.3125
v -0.1875000000000001 1.0625 -0.0625
v -0.18750000000000003 1 0.3125
v -0.1875000000000001 1 -0.0625
v -0.3125 1.0625 0.3125
v -0.3125000000000001 1.0625 -0.06249999999999997
v -0.3125 1 0.3125
v -0.3125000000000001 1 -0.06249999999999997
v -0.18750000000000008 1.125 0.04999999999999996
v -0.1875000000000001 1.125 -0.0625
v -0.3125000000000001 1.125 0.05000000000000002
v -0.3125000000000001 1.125 -0.06249999999999997
vt 0.625 0.7265625
vt 0.578125 0.7265625
vt 0.578125 0.71875
vt 0.625 0.71875
vt 0.84375 0.703125
vt 0.84375 0.7109375
vt 0.796875 0.7109375
vt 0.796875 0.703125
vt 0.1796875 0.915625
vt 0.1953125 0.915625
vt 0.1953125 0.9296875
vt 0.1796875 0.9296875
vt 0.09375 0.34375
vt 0.09375 0.390625
vt 0.078125 0.390625
vt 0.078125 0.34375
vt 0.1953125 0.9921875
vt 0.1953125 1
vt 0.1796875 1
vt 0.1796875 0.9921875
vt 0.1953125 0.6796875
vt 0.1796875 0.6796875
vt 0.1796875 0.671875
vt 0.1953125 0.671875
vt 0.1953125 0.915625
vt 0.1796875 0.915625
vt 0.1796875 0.8818953125
vt 0.1953125 0.8818953125
vt 0.625 0.734375
vt 0.6109375 0.734375
vt 0.578125 0.7265625
vt 0.625 0.7265625
vt 0.1953125 0.6875
vt 0.1796875 0.6875
vt 0.1796875 0.6796875
vt 0.1953125 0.6796875
vt 0.8109375 0.71875
vt 0.796875 0.71875
vt 0.796875 0.7109375
vt 0.84375 0.7109375
vn 1 0 -2.4492935982947064e-16
vn -1 0 2.4492935982947064e-16
vn 0 1 0
vn 0 -1 0
vn 2.4492935982947064e-16 0 1
vn -2.4492935982947064e-16 0 -1
vn 5.673066747643273e-17 0.9728062146853669 0.23162052730603971
vn 1 0 -2.4492935982947064e-16
vn -2.4492935982947064e-16 0 -1
vn -1 0 2.4492935982947064e-16
usemtl m_e89d39d3-fb79-db21-aa49-e1bafd5091b4
f 230/873/219 229/874/219 231/875/219 232/876/219
f 235/877/220 233/878/220 234/879/220 236/880/220
f 239/881/221 237/882/221 238/883/221 240/884/221
f 232/885/222 231/886/222 235/887/222 236/888/222
f 231/889/223 229/890/223 233/891/223 235/892/223
f 234/893/224 230/894/224 232/895/224 236/896/224
f 237/897/225 239/898/225 233/899/225 229/900/225
f 238/901/226 237/902/226 229/903/226 230/904/226
f 240/905/227 238/906/227 230/907/227 234/908/227
f 239/909/228 240/910/228 234/911/228 233/912/228
o cuboid
v -0.75 4.1875 -0.3124999999999999
v -0.75 4.1875 0.3125000000000001
v -0.8125 3.125 -0.1874999999999999
v -0.8125 3.125 0.06250000000000012
v -0.5 4.125 -0.31249999999999994
v -0.49999999999999994 4.125 0.31250000000000006
v -0.625 3.125 -0.18749999999999992
v -0.5625 3.125 0.06250000000000008
v -0.9375 3.625 -0.24999999999999986
v -0.5 3.625 -0.24999999999999994
v -0.49999999999999994 3.625 0.2500000000000001
v -0.875 3.625 0.2500000000000001
v -0.43750000000000006 3.90625 -0.31249999999999994
v -0.9375 3.90625 -0.3124999999999999
v -0.875 3.90625 0.3125000000000001
v -0.43749999999999994 3.90625 0.31250000000000006
v -0.875 3.34375 -0.24999999999999986
v -0.5625 3.34375 -0.2499999999999999
v -0.5625 3.34375 0.18750000000000008
v -0.875 3.34375 0.18750000000000014
v -0.875 3.34375 1.2633038745185757e-16
v -0.9375 3.625 1.3398442994652852e-16
v -0.9375 3.90625 1.3398442994652852e-16
v -0.75 4.1875 1.1102230246251565e-16
v -0.5 4.125 8.040613248383182e-17
v -0.4375 3.90625 7.275208998916087e-17
v -0.4375 3.625 7.275208998916087e-17
v -0.5 3.34375 8.040613248383182e-17
v -0.5625 3.125 8.806017497850279e-17
v -0.8125 3.125 1.186763449571866e-16
v -0.6875 3.34375 -0.3124999999999999
v -0.6875 3.625 -0.3124999999999999
v -0.6875 3.90625 -0.3749999999999999
v -0.6875 4.1875 -0.3124999999999999
v -0.6875 4.1875 1.033682599678447e-16
v -0.6875 4.1875 0.3125000000000001
v -0.6875 3.90625 0.3750000000000001
v -0.6875 3.625 0.3125000000000001
v -0.6875 3.34375 0.2500000000000001
v -0.6875 3.125 0.1250000000000001
v -0.6875 3.125 1.033682599678447e-16
v -0.6875 3.125 -0.2499999999999999
vt 0.08241796875 0.45774765625
vt 0.04258203125 0.45774765625
vt 0.04258203125 0.42259140625
vt 0.07475703125000001 0.42259140625
vt 0.53028828125 0.52234296875
vt 0.5625 0.52234296875
vt 0.5625 0.55749921875
vt 0.52460390625 0.55749921875
vt 0.75453984375 0.796875
vt 0.74672734375 0.796875
vt 0.74672734375 0.7578125
vt 0.75453984375 0.7578125
vt 0.3203125 0.484375
vt 0.3046875 0.484375
vt 0.3046875 0.46875
vt 0.3203125 0.4765625
vt 0.6357146110819865 0.6766683369218564
vt 0.6035501450265441 0.67492421875
vt 0.6073899677466756 0.6391155359697787
vt 0.639554433802118 0.6408596541416349
vt 0.6547424322266665 0.6272269406997864
vt 0.6791376630126881 0.6311298756280134
vt 0.6759009569864151 0.6669978625002708
vt 0.651506497639877 0.6630950509928113
vt 0.639554433802118 0.6408596541416349
vt 0.6073899677466756 0.6391155359697787
vt 0.6092935189031727 0.6040108581182857
vt 0.6338894164138332 0.6053445706608012
vt 0.5398713597295917 0.4833897399957414
vt 0.5643952998942099 0.4863791454482437
vt 0.5625 0.52234296875
vt 0.5305579404679404 0.518962459002045
vt 0.6579791382529395 0.591358953827529
vt 0.682374369038961 0.5952618887557559
vt 0.6791376630126881 0.6311298756280134
vt 0.6547424322266665 0.6272269406997864
vt 0.07474914872973863 0.42089675811648875
vt 0.04258203125 0.4225912721688928
vt 0.04258203125 0.38657734374999997
vt 0.06535187284501784 0.38657796286471224
vt 0.6113626450265441 0.7109375
vt 0.6035501450265441 0.7109375
vt 0.6035501450265441 0.67492421875
vt 0.6348001450265441 0.67661875
vt 0.08164453125 0.5
vt 0.04258203125 0.5
vt 0.04258203125 0.45774765625
vt 0.08164453125 0.46208125
vt 0.6512847826951358 0.6690868397331926
vt 0.6759009488404815 0.6669973544431276
vt 0.6764783007364151 0.7030064562502708
vt 0.6690499912646769 0.703125
vt 0.5234375 0.55749921875
vt 0.5625 0.55749921875
vt 0.5625 0.5859375
vt 0.5234375 0.5859375
vt 0.6339627461853452 0.6053485469676615
vt 0.6092935189031727 0.6040108581182857
vt 0.6132941737243834 0.5758557046922447
vt 0.6305975801527884 0.5761461565842265
vt 0.5584947064640247 0.4574833383353125
vt 0.5662898507388987 0.45800380157503096
vt 0.5643953125 0.48637890625
vt 0.5411528509273285 0.48267619039853715
vt 0.0859375 0.1875
vt 0.10340703125 0.1875
vt 0.11039453125 0.21716015624999996
vt 0.0859375 0.21875
vt 0.06601953125 0.38657734374999997
vt 0.04258203125 0.38657734374999997
vt 0.04258203125 0.35813906250000005
vt 0.05039453125 0.35813906250000005
vt 0.01133203125 0.38657734374999997
vt 0.04258203125 0.38657734374999997
vt 0.04258203125 0.42259140625
vt 0.01133203125 0.42259140625
vt 0.01133203125 0.42259140625
vt 0.04258203125 0.42259140625
vt 0.04258203125 0.45774765625
vt 0.0035195312499999992 0.45774765625
vt 0.0035195312499999992 0.45774765625
vt 0.04258203125 0.45774765625
vt 0.04258203125 0.5
vt 0.0035195312499999992 0.5
vt 0.75453984375 0.7578125
vt 0.74672734375 0.7578125
vt 0.74672734375 0.71875
vt 0.75453984375 0.71875
vt 0.6015625 0.5859375
vt 0.5625 0.5859375
vt 0.5625 0.55749921875
vt 0.6015625 0.55749921875
vt 0.6015625 0.55749921875
vt 0.5625 0.55749921875
vt 0.5625 0.52234296875
vt 0.59375 0.52234296875
vt 0.59471171875 0.52234296875
vt 0.5625 0.52234296875
vt 0.5643953125 0.48637890625
vt 0.59660703125 0.48637890625
vt 0.59660703125 0.48637890625
vt 0.5643953125 0.48637890625
vt 0.56628984375 0.45800390625
vt 0.59092265625 0.45749765624999994
vt 0.3203125 0.5078125
vt 0.3046875 0.515625
vt 0.3046875 0.484375
vt 0.3203125 0.484375
vt 0.01914453125 0.35813906250000005
vt 0.04258203125 0.35813906250000005
vt 0.04258203125 0.38657734374999997
vt 0.01133203125 0.38657734374999997
vt 0.77261328125 0.73046875
vt 0.79008203125 0.73046875
vt 0.79008203125 0.765625
vt 0.765625 0.765625
vt 0.5830638654768981 0.634802655897535
vt 0.6073899677466756 0.6391155359697787
vt 0.60355017056534 0.6749239805851923
vt 0.5718371017547362 0.6698195453643794
vt 0.571383066197882 0.6766194663601566
vt 0.6035501450265441 0.67492421875
vt 0.6035501450265441 0.7109374081080568
vt 0.5803792172730327 0.703311911735218
vt 0.72202265625 0.71875
vt 0.74672734375 0.71875
vt 0.74672734375 0.7578125
vt 0.72202265625 0.7578125
vt 0.72202265625 0.7578125
vt 0.74672734375 0.7578125
vt 0.74672734375 0.796875
vt 0.72202265625 0.796875
vt 0.6998517382364151 0.6950048937502709
vt 0.6764783007364151 0.7030064562502708
vt 0.6759009569864151 0.6669978625002708
vt 0.7076431444864151 0.6681838000002709
vt 0.7080902173048642 0.6682005033361902
vt 0.6759009569864151 0.6669978625002708
vt 0.6791376845402768 0.6311296370671854
vt 0.7037674470502217 0.6316503460214425
vt 0.7038376339497244 0.6316518298744447
vt 0.6791376845402768 0.6311296370671854
vt 0.6823676458024951 0.5952609883766208
vt 0.6996682988030917 0.5951172604876327
vt 0.3203125 0.5549304487787974
vt 0.3046875 0.5588063501221229
vt 0.3046875 0.5273135746841727
vt 0.3203125 0.5234375
vt 0.2890625 0.4765625
vt 0.3046875 0.46875
vt 0.3046875 0.484375
vt 0.2890625 0.484375
vt 0.2890625 0.484375
vt 0.3046875 0.484375
vt 0.3046875 0.515625
vt 0.296875 0.5078125
vt 0.7745223785224025 0.7015418354003764
vt 0.7855468328374341 0.7022694192424093
vt 0.7892219905388991 0.73046875
vt 0.77261328125 0.73046875
vn -0.9805806756909202 0 0.19611613513818416
vn 0.9701425001453321 0 0.2425356250363329
vn 0 1 0
vn 0 -1 0
vn -0.23708851639822462 -0.2107453479095329 -0.948354065592898
vn -0.30942637387763794 -0.2062842492517587 0.9282791216329142
vn -0.24253562503633308 0 -0.9701425001453319
vn 0.9282791216329142 -0.2062842492517587 0.30942637387763794
vn -0.30942637387763794 -0.2062842492517587 0.9282791216329142
vn -0.948354065592898 -0.2107453479095329 0.23708851639822462
vn -1.1954843586233425e-16 0.21693045781865616 -0.9761870601839528
vn -0.8320502943378437 0.5547001962252291 1.0189677296904535e-16
vn -0.30942637387763794 0.2062842492517587 0.9282791216329142
vn 0.9615239476408232 0.274721127897378 -1.1775272247818614e-16
vn -0.3052145041378633 -0.2616124321181684 -0.9156435124135894
vn 0.9615239476408232 -0.27472112789737807 -1.1775272247818614e-16
vn -0.398216086792002 -0.45510409919085953 0.7964321735840042
vn -0.9615239476408232 -0.27472112789737807 1.1775272247818614e-16
vn -0.9761870601839528 -0.21693045781865616 1.1954843586233425e-16
vn -1 0 1.2246467991473532e-16
vn -0.8320502943378437 0.5547001962252291 1.0189677296904535e-16
vn 0 1 0
vn 0.9615239476408232 0.274721127897378 -1.1775272247818614e-16
vn 1 0 -1.2246467991473532e-16
vn 0.948354065592898 -0.2107453479095329 -0.23708851639822462
vn 0.934892788611849 -0.26711222531767115 -0.23372319715296236
vn 0 -1 0
vn -0.9615239476408232 -0.27472112789737807 1.1775272247818614e-16
vn 0.4472135954999579 0 -0.8944271909999161
vn 0.30942637387763794 -0.2062842492517587 -0.9282791216329142
vn 0.23708851639822445 0.21074534790953295 -0.9483540655928983
vn 0.316227766016838 0.948683298050514 -3.872673214540388e-17
vn 0.316227766016838 0.948683298050514 -3.872673214540388e-17
vn 0.07212184459746201 0.21636553379238566 0.9736449020657355
vn 0.23708851639822462 -0.2107453479095329 0.948354065592898
vn 0.30942637387763816 -0.2062842492517587 0.9282791216329142
vn 0.3982160867920021 -0.4551040991908594 0.796432173584004
vn 0 -1 0
vn 0 -1 0
vn 0.693103280083672 -0.19802950859533489 -0.6931032800836722
usemtl m_e89d39d3-fb79-db21-aa49-e1bafd5091b4
f 255/913/229 263/914/229 262/915/229 252/916/229
f 251/917/230 267/918/230 266/919/230 256/920/230
f 242/921/231 276/922/231 275/923/231 264/924/231
f 270/925/232 281/926/232 280/927/232 244/928/232
f 254/929/233 273/930/233 272/931/233 249/932/233
f 252/933/234 278/934/234 277/935/234 255/936/234
f 249/937/235 272/938/235 271/939/235 257/940/235
f 259/941/236 268/942/236 267/943/236 251/944/236
f 260/945/237 279/946/237 278/947/237 252/948/237
f 252/949/238 262/950/238 261/951/238 260/952/238
f 241/953/239 274/954/239 273/955/239 254/956/239
f 242/957/240 264/958/240 263/959/240 255/960/240
f 255/961/241 277/962/241 276/963/241 242/964/241
f 256/965/242 266/966/242 265/967/242 246/968/242
f 257/969/243 271/970/243 282/971/243 243/972/243
f 248/973/244 269/974/244 268/975/244 259/976/244
f 244/977/245 280/978/245 279/979/245 260/980/245
f 260/981/246 261/982/246 270/983/246 244/984/246
f 257/985/247 261/986/247 262/987/247 249/988/247
f 249/989/248 262/990/248 263/991/248 254/992/248
f 254/993/249 263/994/249 264/995/249 241/996/249
f 264/997/250 275/998/250 274/999/250 241/1000/250
f 245/1001/251 265/1002/251 266/1003/251 253/1004/251
f 253/1005/252 266/1006/252 267/1007/252 250/1008/252
f 250/1009/253 267/1010/253 268/1011/253 258/1012/253
f 258/1013/254 268/1014/254 269/1015/254 247/1016/254
f 243/1017/255 282/1018/255 281/1019/255 270/1020/255
f 243/1021/256 270/1022/256 261/1023/256 257/1024/256
f 258/1025/257 271/1026/257 272/1027/257 250/1028/257
f 250/1029/258 272/1030/258 273/1031/258 253/1032/258
f 253/1033/259 273/1034/259 274/1035/259 245/1036/259
f 245/1037/260 274/1038/260 275/1039/260 265/1040/260
f 265/1041/261 275/1042/261 276/1043/261 246/1044/261
f 246/1045/262 276/1046/262 277/1047/262 256/1048/262
f 256/1049/263 277/1050/263 278/1051/263 251/1052/263
f 251/1053/264 278/1054/264 279/1055/264 259/1056/264
f 259/1057/265 279/1058/265 280/1059/265 248/1060/265
f 248/1061/266 280/1062/266 281/1063/266 269/1064/266
f 269/1065/267 281/1066/267 282/1067/267 247/1068/267
f 247/1069/268 282/1070/268 271/1071/268 258/1072/268
o cuboid
v -0.8125 3.125 -0.1874999999999999
v -0.8125 3.125 0.06250000000000014
v -0.6875 2.5 -0.1874999999999999
v -0.6875 2.5 0.06250000000000011
v -0.625 3.125 -0.1874999999999999
v -0.5625 3.125 0.06250000000000008
v -0.5625 2.5 -0.18749999999999992
v -0.5625 2.5 0.06250000000000008
v -0.8125 2.8125 -0.1874999999999999
v -0.5625 2.8125 -0.18749999999999992
v -0.5625 2.8125 0.06250000000000008
v -0.8125 2.8125 0.06250000000000014
v -0.75 2.65625 -0.1874999999999999
v -0.625 2.65625 -0.1874999999999999
v -0.625 2.65625 0.06250000000000008
v -0.75 2.65625 0.06250000000000011
v -0.6875 2.8125 -0.2499999999999999
v -0.6875 3.125 -0.2499999999999999
v -0.6875 3.125 0.1250000000000001
v -0.6875 2.8125 0.1250000000000001
v -0.6875 2.65625 0.06250000000000011
v -0.5625 2.4375 0.06250000000000008
v -0.5625 2.4375 -0.18749999999999992
v -0.6875 2.65625 -0.1874999999999999
v -0.6875 2.96875 -0.2499999999999999
v -0.5625 2.96875 -0.18749999999999992
v -0.5625 2.96875 0.06250000000000008
v -0.6875 2.96875 0.1250000000000001
v -0.84375 2.96875 0.06250000000000014
v -0.84375 2.96875 -0.1874999999999999
v -0.75 2.65625 -0.06249999999999989
v -0.8125 2.8125 -0.06249999999999988
v -0.84375 2.96875 -0.062499999999999875
v -0.8125 3.125 -0.06249999999999988
v -0.6875 3.125 -0.062499999999999896
v -0.58125 3.125 -0.06249999999999991
v -0.5625 2.96875 -0.06249999999999991
v -0.5625 2.8125 -0.06249999999999991
v -0.625 2.65625 -0.0624999999999999
v -0.5625 2.5 -0.06249999999999991
v -0.5625 2.4375 -0.06249999999999991
v -0.6875 2.5 -0.062499999999999896
vt 0.03125 0.859375
vt 0.015625000000000003 0.859375
vt 0.015625000000000003 0.83945703125
vt 0.03125 0.83945703125
vt 0.042510319557508135 0.21405157555099286
vt 0.058135319557508135 0.21405157555099286
vt 0.058135319557508135 0.23372345055099286
vt 0.042510319557508135 0.2334437630509929
vt 0.578125 0.359375
vt 0.578125 0.3359375
vt 0.59375 0.3359375
vt 0.59375 0.3515625
vt 0.6015625 0.20496953124999995
vt 0.5859375 0.20496953124999995
vt 0.5859375 0.1875
vt 0.6015625 0.1875
vt 0.5828236721732067 0.3046875
vt 0.5796999660173254 0.2854076611413837
vt 0.6004651236616094 0.28204330466325334
vt 0.600008949338223 0.30190315328089357
vt 0.12835762328133302 0.7467595831379732
vt 0.1283677068294203 0.7268422640907447
vt 0.14905005667238547 0.7306829764565833
vt 0.1454939101971302 0.7498329305505804
vt 0.59375291559747 0.2632902632084113
vt 0.5765266597026321 0.26619083804938026
vt 0.5765275431187461 0.24515492940856853
vt 0.5836134061971866 0.24515492940856853
vt 0.042510319557508135 0.17348438805099287
vt 0.058135319557508135 0.17348438805099287
vt 0.058135319557508135 0.19452032555099286
vt 0.042510319557508135 0.19452032555099286
vt 0.1448035452761872 0.6904440847088626
vt 0.1526160452761872 0.6904440847088626
vt 0.1526160452761872 0.7114800222088626
vt 0.1369910452761872 0.7085784597088626
vt 0.03125 0.8195390625
vt 0.015625000000000003 0.8195390625
vt 0.015625000000000003 0.798503125
vt 0.03125 0.798503125
vt 0.5836134061971866 0.24515492940856853
vt 0.5758009061971866 0.24515492940856853
vt 0.5601759061971866 0.21781117940856853
vt 0.5758009061971866 0.22562367940856853
vt 0.71875 0.47115234375000004
vt 0.734375 0.47115234375000004
vt 0.734375 0.4921875
vt 0.71875 0.4921875
vt 0.1526160452761872 0.6709128347088626
vt 0.1682410452761872 0.6631003347088626
vt 0.1526160452761872 0.6904440847088626
vt 0.1448035452761872 0.6904440847088626
vt 0.03125 0.798503125
vt 0.015625000000000003 0.798503125
vt 0.015624999999999998 0.7774671875
vt 0.03125 0.7774671875
vt 0.5590315785931687 0.30298656337199603
vt 0.5557848763383905 0.2822035298804808
vt 0.5729598646607144 0.2853936713648888
vt 0.5694488542944444 0.30429614397777194
vt 0.5625 0.3515625
vt 0.56484375 0.3359375
vt 0.578125 0.3359375
vt 0.578125 0.359375
vt 0.15910374265047034 0.75
vt 0.15585989396332878 0.7307400111044313
vt 0.17308602803152542 0.7278387128386519
vt 0.176329876718667 0.7470987017342205
vt 0.16984217934438384 0.7085787239430832
vt 0.1526160452761872 0.7114800222088626
vt 0.1526160452761872 0.6904441135495011
vt 0.15970190834837927 0.6904438159742584
vt 0.1604285452761872 0.6904440847088626
vt 0.1526160452761872 0.6904440847088626
vt 0.1682410452761872 0.6631003347088626
vt 0.1682410452761872 0.6709128347088626
vt 0.71875 0.46333984375000004
vt 0.734375 0.46333984375000004
vt 0.734375 0.47115234375000004
vt 0.71875 0.47115234375000004
vt 0.5601759061971866 0.22562367940856853
vt 0.5601759061971866 0.21781117940856853
vt 0.5758009061971866 0.24515492940856853
vt 0.5679884061971866 0.24515492940856853
vt 0.5687150431256353 0.2451546013177548
vt 0.5765275431187461 0.24515492940856853
vt 0.5765266597014209 0.2661908668900187
vt 0.5609017815681275 0.26328864821094977
vt 0.5765266597014209 0.2661908668900187
vt 0.5729598646607144 0.2853936713648888
vt 0.5557848763383906 0.2822035298804808
vt 0.5593516713790971 0.2630007254056107
vt 0.042510319557508135 0.19452032555099286
vt 0.058135319557508135 0.19452032555099286
vt 0.058135319557508135 0.21405157555099286
vt 0.042510319557508135 0.21405157555099286
vt 0.16984217934438384 0.7085787239430832
vt 0.17308602803152542 0.7278387128386519
vt 0.15585989396332878 0.7307400111044313
vt 0.1526160452761872 0.7114800222088626
vt 0.1526160452761872 0.7114800222088626
vt 0.14905005667238547 0.7306829764565833
vt 0.1283677068294203 0.7268422640907447
vt 0.13549929997793883 0.7083014426069778
vt 0.03125 0.83945703125
vt 0.015625000000000003 0.83945703125
vt 0.015625000000000003 0.8195390625
vt 0.03125 0.8195390625
vt 0.59375291559747 0.2632902632084113
vt 0.6004651236616094 0.28204330466325334
vt 0.5796999660173254 0.2854076611413837
vt 0.5765848812904343 0.26618103463801734
vt 3.469446951953614e-18 0.798503125
vt 0.015625000000000003 0.798503125
vt 0.015625000000000003 0.8195390625
vt 3.469446951953614e-18 0.8195390625
vt 3.469446951953614e-18 0.8195390625
vt 0.015625000000000003 0.8195390625
vt 0.015625000000000003 0.83945703125
vt 3.469446951953614e-18 0.83945703125
vt 3.469446951953614e-18 0.83945703125
vt 0.015625000000000003 0.83945703125
vt 0.015625000000000003 0.859375
vt 3.469446951953614e-18 0.859375
vt 0.59375 0.3203125
vt 0.59375 0.3359375
vt 0.578125 0.3359375
vt 0.578125 0.3125
vt 0.578125 0.3125
vt 0.578125 0.3359375
vt 0.56484375 0.3359375
vt 0.5703125 0.3203125
vt 0.07467718044249186 0.234375
vt 0.058135319557508135 0.23372345055099286
vt 0.05813531955750813 0.21405195902809737
vt 0.07289442577345429 0.21405158878036157
vt 0.07376031955750814 0.21405157555099286
vt 0.058135319557508135 0.21405157555099286
vt 0.058135319557508135 0.19452032555099286
vt 0.07376031955750814 0.19452032555099286
vt 0.07376031955750814 0.19452032555099286
vt 0.058135319557508135 0.19452032555099286
vt 0.05813531955750814 0.17348438805099287
vt 0.07376031955750814 0.17348438805099287
vt 0.75 0.4921875
vt 0.734375 0.4921875
vt 0.734375 0.47115234375000004
vt 0.75 0.47115234375000004
vt 0.75 0.47115234375000004
vt 0.734375 0.47115234375000004
vt 0.734375 0.46333984375000004
vt 0.75 0.46333984375000004
vt 0.5703125 0.1875
vt 0.5859375 0.1875
vt 0.5859375 0.20496953124999995
vt 0.5703125 0.20496953124999995
vt 0 0.7774671875
vt 0.015624999999999998 0.7774671875
vt 0.015625000000000003 0.798503125
vt 5.204170427930421e-18 0.798503125
vn -0.9805806756909202 0.19611613513818404 1.2008649857906342e-16
vn 0.9928768384869222 0.11914522061843069 -1.2159234422005529e-16
vn 0 1 0
vn -0.44721359549995804 -0.8944271909999161 5.4767869826420275e-17
vn -0.37139067635410383 0 -0.9284766908852593
vn -0.37037037037037024 0.07407407407407407 0.9259259259259259
vn -0.4210759605332596 -0.3368607684266076 -0.8421519210665189
vn 0.9284766908852594 -0.3713906763541037 -1.1370560075755595e-16
vn 1.1370560075755595e-16 -0.3713906763541037 0.9284766908852594
vn -0.9284766908852594 -0.3713906763541037 1.1370560075755595e-16
vn -1.2246467991473532e-16 0 -1
vn 0.9284766908852594 0.3713906763541037 -1.1370560075755595e-16
vn 1.2246467991473532e-16 0 1
vn -0.9284766908852594 -0.3713906763541037 1.1370560075755595e-16
vn 0.4402254531628118 0.17609018126512477 -0.8804509063256238
vn 0 1 0
vn 0.44721359549995804 0 0.8944271909999159
vn 0.4210759605332596 -0.3368607684266076 0.8421519210665189
vn 1.2246467991473532e-16 0 1
vn 1 0 -1.2246467991473532e-16
vn -1.2246467991473532e-16 0 -1
vn -1.1370560075755595e-16 -0.3713906763541037 -0.9284766908852594
vn 0.4472135954999579 0 -0.8944271909999161
vn 1 0 -1.2246467991473532e-16
vn 0.44721359549995804 0 0.8944271909999159
vn -0.37139067635410367 0 0.9284766908852595
vn -0.9805806756909202 -0.19611613513818404 1.2008649857906342e-16
vn -0.37037037037037046 -0.07407407407407407 -0.9259259259259259
vn -0.9284766908852594 -0.3713906763541037 1.1370560075755595e-16
vn -0.9805806756909202 -0.19611613513818404 1.2008649857906342e-16
vn -0.9805806756909202 0.19611613513818404 1.2008649857906342e-16
vn 0 1 0
vn 0 1 0
vn 0.9378618426812277 0.11254342112174735 -0.32825164493842984
vn 1 0 -1.2246467991473532e-16
vn 0.9284766908852594 -0.3713906763541037 -1.1370560075755595e-16
vn 0.9284766908852594 0.3713906763541037 -1.1370560075755595e-16
vn 1 0 -1.2246467991473532e-16
vn -0.44721359549995804 -0.8944271909999161 5.4767869826420275e-17
vn -0.9284766908852594 -0.3713906763541037 1.1370560075755595e-16
usemtl m_e89d39d3-fb79-db21-aa49-e1bafd5091b4
f 284/1073/269 316/1074/269 315/1075/269 311/1076/269
f 309/1077/270 319/1078/270 318/1079/270 288/1080/270
f 301/1081/271 317/1082/271 316/1083/271 284/1084/271
f 286/1085/272 324/1086/272 323/1087/272 304/1088/272
f 300/1089/273 307/1090/273 312/1091/273 283/1092/273
f 284/1093/274 311/1094/274 310/1095/274 301/1096/274
f 291/1097/275 299/1098/275 306/1099/275 295/1100/275
f 297/1101/276 321/1102/276 320/1103/276 293/1104/276
f 298/1105/277 303/1106/277 302/1107/277 294/1108/277
f 294/1109/278 314/1110/278 313/1111/278 298/1112/278
f 295/1113/279 306/1114/279 305/1115/279 285/1116/279
f 290/1117/280 322/1118/280 321/1119/280 297/1120/280
f 286/1121/281 304/1122/281 303/1123/281 298/1124/281
f 298/1125/282 313/1126/282 324/1127/282 286/1128/282
f 287/1129/283 308/1130/283 307/1131/283 300/1132/283
f 288/1133/284 318/1134/284 317/1135/284 301/1136/284
f 301/1137/285 310/1138/285 309/1139/285 288/1140/285
f 293/1141/286 302/1142/286 303/1143/286 297/1144/286
f 297/1145/287 303/1146/287 304/1147/287 290/1148/287
f 304/1149/288 323/1150/288 322/1151/288 290/1152/288
f 289/1153/289 305/1154/289 306/1155/289 296/1156/289
f 296/1157/290 306/1158/290 299/1159/290 292/1160/290
f 299/1161/291 307/1162/291 308/1163/291 292/1164/291
f 293/1165/292 320/1166/292 319/1167/292 309/1168/292
f 293/1169/293 309/1170/293 310/1171/293 302/1172/293
f 302/1173/294 310/1174/294 311/1175/294 294/1176/294
f 311/1177/295 315/1178/295 314/1179/295 294/1180/295
f 291/1181/296 312/1182/296 307/1183/296 299/1184/296
f 295/1185/297 313/1186/297 314/1187/297 291/1188/297
f 291/1189/298 314/1190/298 315/1191/298 312/1192/298
f 312/1193/299 315/1194/299 316/1195/299 283/1196/299
f 283/1197/300 316/1198/300 317/1199/300 300/1200/300
f 300/1201/301 317/1202/301 318/1203/301 287/1204/301
f 287/1205/302 318/1206/302 319/1207/302 308/1208/302
f 308/1209/303 319/1210/303 320/1211/303 292/1212/303
f 292/1213/304 320/1214/304 321/1215/304 296/1216/304
f 296/1217/305 321/1218/305 322/1219/305 289/1220/305
f 289/1221/306 322/1222/306 323/1223/306 305/1224/306
f 305/1225/307 323/1226/307 324/1227/307 285/1228/307
f 285/1229/308 324/1230/308 313/1231/308 295/1232/308
o cuboid
v 0.75 4.1875 0.3125
v 0.75 4.1875 -0.3125
v 0.8125 3.125 0.1875
v 0.8125 3.125 -0.0625
v 0.5 4.125 0.3125
v 0.5 4.125 -0.3125
v 0.625 3.125 0.1875
v 0.5625 3.125 -0.0625
v 0.9375 3.625 0.25
v 0.5 3.625 0.25
v 0.5 3.625 -0.25
v 0.875 3.625 -0.25
v 0.4375 3.90625 0.3125
v 0.9375 3.90625 0.3125
v 0.875 3.90625 -0.3125
v 0.4375 3.90625 -0.3125
v 0.875 3.34375 0.25
v 0.5625 3.34375 0.25
v 0.5625 3.34375 -0.1875
v 0.875 3.34375 -0.1875
v 0.875 3.34375 0
v 0.9375 3.625 0
v 0.9375 3.90625 0
v 0.75 4.1875 0
v 0.5 4.125 0
v 0.4375 3.90625 0
v 0.4375 3.625 0
v 0.5 3.34375 0
v 0.5625 3.125 0
v 0.8125 3.125 0
v 0.6875 3.34375 0.3125
v 0.6875 3.625 0.3125
v 0.6875 3.90625 0.375
v 0.6875 4.1875 0.3125
v 0.6875 4.1875 0
v 0.6875 4.1875 -0.3125
v 0.6875 3.90625 -0.375
v 0.6875 3.625 -0.3125
v 0.6875 3.34375 -0.25
v 0.6875 3.125 -0.125
v 0.6875 3.125 0
v 0.6875 3.125 0.25
vt 0.17616796875000001 0.43431015625
vt 0.13633203124999999 0.43431015625
vt 0.13633203124999999 0.39915390625
vt 0.16850703125 0.39915390625
vt 0.41310078125 0.40515546874999997
vt 0.4453125 0.40515546874999997
vt 0.4453125 0.44031171874999997
vt 0.40741640625 0.44031171874999997
vt 0.75453984375 0.7109375
vt 0.74672734375 0.7109375
vt 0.74672734375 0.671875
vt 0.75453984375 0.671875
vt 0.796875 0.375
vt 0.78125 0.375
vt 0.78125 0.359375
vt 0.796875 0.3671875
vt 0.6357146110819865 0.41104333692185635
vt 0.6035501450265441 0.40929921874999997
vt 0.6073899677466756 0.37349053596977855
vt 0.639554433802118 0.3752346541416349
vt 0.6547424322266665 0.30691444069978635
vt 0.6791376630126881 0.31081737562801337
vt 0.6759009569864151 0.3466853625002708
vt 0.651506497639877 0.3427825509928113
vt 0.639554433802118 0.3752346541416349
vt 0.6073899677466756 0.37349053596977855
vt 0.6092935189031727 0.3383858581182857
vt 0.6338894164138332 0.33971957066080116
vt 0.42268385972959166 0.3662022399957414
vt 0.44720779989420995 0.3691916454482437
vt 0.4453125 0.40515546874999997
vt 0.4133704404679403 0.40177495900204496
vt 0.6579791382529395 0.2710464538275289
vt 0.682374369038961 0.2749493887557559
vt 0.6791376630126881 0.31081737562801337
vt 0.6547424322266665 0.30691444069978635
vt 0.16849914872973865 0.39745925811648875
vt 0.13633203124999999 0.3991537721688928
vt 0.13633203124999999 0.36313984374999997
vt 0.15910187284501784 0.36314046286471224
vt 0.6113626450265441 0.4453125
vt 0.6035501450265441 0.4453125
vt 0.6035501450265441 0.40929921874999997
vt 0.6348001450265441 0.41099375000000005
vt 0.17539453124999999 0.4765625
vt 0.13633203124999999 0.4765625
vt 0.13633203124999999 0.43431015625
vt 0.17539453124999999 0.43864375
vt 0.6512847826951358 0.3487743397331925
vt 0.6759009488404815 0.3466848544431276
vt 0.6764783007364151 0.3826939562502708
vt 0.6690499912646769 0.3828125
vt 0.40625 0.44031171874999997
vt 0.4453125 0.44031171874999997
vt 0.4453125 0.46875
vt 0.40625 0.46875
vt 0.6339627461853452 0.3397235469676615
vt 0.6092935189031727 0.3383858581182857
vt 0.6132941737243834 0.3102307046922447
vt 0.6305975801527884 0.3105211565842265
vt 0.4413072064640246 0.3402958383353125
vt 0.4491023507388987 0.34081630157503096
vt 0.44720781249999997 0.36919140625
vt 0.42396535092732845 0.36548869039853715
vt 0.3828125 0.1875
vt 0.40028203125 0.1875
vt 0.40726953125 0.21716015624999996
vt 0.3828125 0.21875
vt 0.15976953124999999 0.36313984374999997
vt 0.13633203124999999 0.36313984374999997
vt 0.13633203124999999 0.33470156250000005
vt 0.14414453124999999 0.33470156250000005
vt 0.10508203125 0.36313984374999997
vt 0.13633203124999999 0.36313984374999997
vt 0.13633203124999999 0.39915390625
vt 0.10508203125 0.39915390625
vt 0.10508203125 0.39915390625
vt 0.13633203124999999 0.39915390625
vt 0.13633203124999999 0.43431015625
vt 0.09726953125 0.43431015625
vt 0.09726953125 0.43431015625
vt 0.13633203124999999 0.43431015625
vt 0.13633203124999999 0.4765625
vt 0.09726953125 0.4765625
vt 0.75453984375 0.671875
vt 0.74672734375 0.671875
vt 0.74672734375 0.6328125
vt 0.75453984375 0.6328125
vt 0.484375 0.46875
vt 0.4453125 0.46875
vt 0.4453125 0.44031171874999997
vt 0.484375 0.44031171874999997
vt 0.484375 0.44031171874999997
vt 0.4453125 0.44031171874999997
vt 0.4453125 0.40515546874999997
vt 0.4765625 0.40515546874999997
vt 0.47752421875 0.40515546874999997
vt 0.4453125 0.40515546874999997
vt 0.44720781249999997 0.36919140625
vt 0.47941953125000003 0.36919140625
vt 0.47941953125000003 0.36919140625
vt 0.44720781249999997 0.36919140625
vt 0.44910234375 0.34081640625
vt 0.47373515625 0.34031015624999994
vt 0.796875 0.3984375
vt 0.78125 0.40625
vt 0.78125 0.375
vt 0.796875 0.375
vt 0.11289453125 0.33470156250000005
vt 0.13633203124999999 0.33470156250000005
vt 0.13633203124999999 0.36313984374999997
vt 0.10508203125 0.36313984374999997
vt 0.25698828125 0.19921875
vt 0.27445703125 0.19921875
vt 0.27445703125 0.234375
vt 0.25 0.234375
vt 0.5830638654768981 0.36917765589753504
vt 0.6073899677466756 0.37349053596977855
vt 0.60355017056534 0.4092989805851923
vt 0.5718371017547362 0.4041945453643794
vt 0.571383066197882 0.41099446636015646
vt 0.6035501450265441 0.40929921874999997
vt 0.6035501450265441 0.44531240810805683
vt 0.5803792172730327 0.437686911735218
vt 0.72202265625 0.6328125
vt 0.74672734375 0.6328125
vt 0.74672734375 0.671875
vt 0.72202265625 0.671875
vt 0.72202265625 0.671875
vt 0.74672734375 0.671875
vt 0.74672734375 0.7109375
vt 0.72202265625 0.7109375
vt 0.6998517382364151 0.37469239375027086
vt 0.6764783007364151 0.3826939562502708
vt 0.6759009569864151 0.3466853625002708
vt 0.7076431444864151 0.3478713000002709
vt 0.7080902173048642 0.3478880033361902
vt 0.6759009569864151 0.3466853625002708
vt 0.6791376845402768 0.3108171370671854
vt 0.7037674470502217 0.31133784602144254
vt 0.7038376339497244 0.3113393298744447
vt 0.6791376845402768 0.3108171370671854
vt 0.6823676458024951 0.2749484883766208
vt 0.6996682988030917 0.2748047604876327
vt 0.4921875 0.8752429487787974
vt 0.4765625 0.8791188501221229
vt 0.4765625 0.8476260746841727
vt 0.4921875 0.84375
vt 0.765625 0.3671875
vt 0.78125 0.359375
vt 0.78125 0.375
vt 0.765625 0.375
vt 0.765625 0.375
vt 0.78125 0.375
vt 0.78125 0.40625
vt 0.7734375 0.3984375
vt 0.25889737852240247 0.1702918354003764
vt 0.26992183283743404 0.17101941924240927
vt 0.27359699053889913 0.19921875
vt 0.25698828125 0.19921875
vn 0.9805806756909202 0 -0.19611613513818404
vn -0.9701425001453319 0 -0.24253562503633297
vn 0 1 0
vn 0 -1 0
vn 0.23708851639822456 -0.21074534790953295 0.9483540655928983
vn 0.30942637387763805 -0.2062842492517587 -0.9282791216329142
vn 0.24253562503633297 0 0.9701425001453319
vn -0.9282791216329142 -0.2062842492517587 -0.30942637387763805
vn 0.30942637387763805 -0.2062842492517587 -0.9282791216329142
vn 0.948354065592898 -0.2107453479095329 -0.2370885163982245
vn 0 0.21693045781865616 0.9761870601839528
vn 0.8320502943378437 0.5547001962252291 0
vn 0.30942637387763805 0.2062842492517587 -0.9282791216329142
vn -0.9615239476408232 0.274721127897378 0
vn 0.30521450413786316 -0.2616124321181684 0.9156435124135894
vn -0.9615239476408232 -0.27472112789737807 0
vn 0.3982160867920021 -0.45510409919085953 -0.7964321735840042
vn 0.9615239476408232 -0.27472112789737807 0
vn 0.9761870601839528 -0.21693045781865616 0
vn 1 0 0
vn 0.8320502943378437 0.5547001962252291 0
vn 0 1 0
vn -0.9615239476408232 0.274721127897378 0
vn -1 0 0
vn -0.948354065592898 -0.2107453479095329 0.2370885163982245
vn -0.934892788611849 -0.26711222531767115 0.23372319715296225
vn 0 -1 0
vn 0.9615239476408232 -0.27472112789737807 0
vn -0.44721359549995804 0 0.8944271909999161
vn -0.30942637387763805 -0.2062842492517587 0.9282791216329142
vn -0.23708851639822456 0.21074534790953295 0.9483540655928983
vn -0.316227766016838 0.948683298050514 0
vn -0.316227766016838 0.948683298050514 0
vn -0.07212184459746189 0.21636553379238566 -0.9736449020657355
vn -0.23708851639822456 -0.21074534790953295 -0.9483540655928983
vn -0.30942637387763805 -0.2062842492517587 -0.9282791216329142
vn -0.3982160867920021 -0.45510409919085953 -0.7964321735840042
vn 0 -1 0
vn 0 -1 0
vn -0.6931032800836721 -0.19802950859533489 0.6931032800836721
usemtl m_e89d39d3-fb79-db21-aa49-e1bafd5091b4
f 339/1233/309 347/1234/309 346/1235/309 336/1236/309
f 335/1237/310 351/1238/310 350/1239/310 340/1240/310
f 326/1241/311 360/1242/311 359/1243/311 348/1244/311
f 354/1245/312 365/1246/312 364/1247/312 328/1248/312
f 338/1249/313 357/1250/313 356/1251/313 333/1252/313
f 336/1253/314 362/1254/314 361/1255/314 339/1256/314
f 333/1257/315 356/1258/315 355/1259/315 341/1260/315
f 343/1261/316 352/1262/316 351/1263/316 335/1264/316
f 344/1265/317 363/1266/317 362/1267/317 336/1268/317
f 336/1269/318 346/1270/318 345/1271/318 344/1272/318
f 325/1273/319 358/1274/319 357/1275/319 338/1276/319
f 326/1277/320 348/1278/320 347/1279/320 339/1280/320
f 339/1281/321 361/1282/321 360/1283/321 326/1284/321
f 340/1285/322 350/1286/322 349/1287/322 330/1288/322
f 341/1289/323 355/1290/323 366/1291/323 327/1292/323
f 332/1293/324 353/1294/324 352/1295/324 343/1296/324
f 328/1297/325 364/1298/325 363/1299/325 344/1300/325
f 344/1301/326 345/1302/326 354/1303/326 328/1304/326
f 341/1305/327 345/1306/327 346/1307/327 333/1308/327
f 333/1309/328 346/1310/328 347/1311/328 338/1312/328
f 338/1313/329 347/1314/329 348/1315/329 325/1316/329
f 348/1317/330 359/1318/330 358/1319/330 325/1320/330
f 329/1321/331 349/1322/331 350/1323/331 337/1324/331
f 337/1325/332 350/1326/332 351/1327/332 334/1328/332
f 334/1329/333 351/1330/333 352/1331/333 342/1332/333
f 342/1333/334 352/1334/334 353/1335/334 331/1336/334
f 327/1337/335 366/1338/335 365/1339/335 354/1340/335
f 327/1341/336 354/1342/336 345/1343/336 341/1344/336
f 342/1345/337 355/1346/337 356/1347/337 334/1348/337
f 334/1349/338 356/1350/338 357/1351/338 337/1352/338
f 337/1353/339 357/1354/339 358/1355/339 329/1356/339
f 329/1357/340 358/1358/340 359/1359/340 349/1360/340
f 349/1361/341 359/1362/341 360/1363/341 330/1364/341
f 330/1365/342 360/1366/342 361/1367/342 340/1368/342
f 340/1369/343 361/1370/343 362/1371/343 335/1372/343
f 335/1373/344 362/1374/344 363/1375/344 343/1376/344
f 343/1377/345 363/1378/345 364/1379/345 332/1380/345
f 332/1381/346 364/1382/346 365/1383/346 353/1384/346
f 353/1385/347 365/1386/347 366/1387/347 331/1388/347
f 331/1389/348 366/1390/348 355/1391/348 342/1392/348
o cuboid
v 0.8125 3.125 0.1875
v 0.8125 3.125 -0.0625
v 0.6875 2.5 0.1875
v 0.6875 2.5 -0.0625
v 0.625 3.125 0.1875
v 0.5625 3.125 -0.0625
v 0.5625 2.5 0.1875
v 0.5625 2.5 -0.0625
v 0.8125 2.8125 0.1875
v 0.5625 2.8125 0.1875
v 0.5625 2.8125 -0.0625
v 0.8125 2.8125 -0.0625
v 0.75 2.65625 0.1875
v 0.625 2.65625 0.1875
v 0.625 2.65625 -0.0625
v 0.75 2.65625 -0.0625
v 0.6875 2.8125 0.25
v 0.6875 3.125 0.25
v 0.6875 3.125 -0.125
v 0.6875 2.8125 -0.125
v 0.6875 2.65625 -0.0625
v 0.5625 2.4375 -0.0625
v 0.5625 2.4375 0.1875
v 0.6875 2.65625 0.1875
v 0.6875 2.96875 0.25
v 0.5625 2.96875 0.1875
v 0.5625 2.96875 -0.0625
v 0.6875 2.96875 -0.125
v 0.84375 2.96875 -0.0625
v 0.84375 2.96875 0.1875
v 0.75 2.65625 0.0625
v 0.8125 2.8125 0.0625
v 0.84375 2.96875 0.0625
v 0.8125 3.125 0.0625
v 0.6875 3.125 0.0625
v 0.58125 3.125 0.0625
v 0.5625 2.96875 0.0625
v 0.5625 2.8125 0.0625
v 0.625 2.65625 0.0625
v 0.5625 2.5 0.0625
v 0.5625 2.4375 0.0625
v 0.6875 2.5 0.0625
vt 0.640625 0.296875
vt 0.625 0.296875
vt 0.625 0.27695703125000004
vt 0.640625 0.27695703125000004
vt 0.20657281955750814 0.21405157555099286
vt 0.22219781955750814 0.21405157555099286
vt 0.22219781955750814 0.23372345055099286
vt 0.20657281955750814 0.2334437630509929
vt 0.78125 0.3515625
vt 0.78125 0.328125
vt 0.796875 0.328125
vt 0.796875 0.34375
vt 0.828125 0.62684453125
vt 0.8125 0.62684453125
vt 0.8125 0.609375
vt 0.828125 0.609375
vt 0.7312611721732067 0.5859375
vt 0.7281374660173254 0.5666576611413838
vt 0.7489026236616094 0.5632933046632533
vt 0.748446449338223 0.5831531532808936
vt 0.073670123281333 0.3170720831379732
vt 0.07368020682942031 0.2971547640907447
vt 0.09436255667238545 0.3009954764565833
vt 0.0908064101971302 0.3201454305505804
vt 0.74219041559747 0.5445402632084113
vt 0.7249641597026321 0.5474408380493803
vt 0.7249650431187461 0.5264049294085685
vt 0.7320509061971866 0.5264049294085685
vt 0.20657281955750814 0.17348438805099287
vt 0.22219781955750814 0.17348438805099287
vt 0.22219781955750814 0.19452032555099286
vt 0.20657281955750814 0.19452032555099286
vt 0.09011604527618719 0.26075658470886265
vt 0.09792854527618719 0.26075658470886265
vt 0.09792854527618719 0.28179252220886264
vt 0.08230354527618719 0.2788909597088626
vt 0.640625 0.25703906249999997
vt 0.625 0.25703906249999997
vt 0.625 0.23600312499999998
vt 0.640625 0.23600312499999998
vt 0.7320509061971866 0.5264049294085685
vt 0.7242384061971866 0.5264049294085685
vt 0.7086134061971866 0.49906117940856853
vt 0.7242384061971866 0.5068736794085685
vt 0 0.20552734375000004
vt 0.015625 0.20552734375000004
vt 0.015625 0.2265625
vt 0 0.2265625
vt 0.09792854527618719 0.24122533470886265
vt 0.11355354527618719 0.23341283470886265
vt 0.09792854527618719 0.26075658470886265
vt 0.09011604527618719 0.26075658470886265
vt 0.640625 0.23600312499999998
vt 0.625 0.23600312499999998
vt 0.625 0.2149671875
vt 0.640625 0.2149671875
vt 0.7074690785931687 0.584236563371996
vt 0.7042223763383905 0.5634535298804808
vt 0.7213973646607144 0.5666436713648888
vt 0.7178863542944444 0.5855461439777719
vt 0.765625 0.34375
vt 0.76796875 0.328125
vt 0.78125 0.328125
vt 0.78125 0.3515625
vt 0.10441624265047035 0.3203125
vt 0.10117239396332878 0.3010525111044313
vt 0.11839852803152542 0.29815121283865187
vt 0.121642376718667 0.31741120173422055
vt 0.11515467934438384 0.2788912239430832
vt 0.09792854527618719 0.28179252220886264
vt 0.09792854527618719 0.2607566135495011
vt 0.10501440834837926 0.2607563159742584
vt 0.10574104527618719 0.26075658470886265
vt 0.09792854527618719 0.26075658470886265
vt 0.11355354527618719 0.23341283470886265
vt 0.11355354527618719 0.24122533470886265
vt 0 0.19771484375000004
vt 0.015625 0.19771484375000004
vt 0.015625 0.20552734375000004
vt 0 0.20552734375000004
vt 0.7086134061971866 0.5068736794085685
vt 0.7086134061971866 0.49906117940856853
vt 0.7242384061971866 0.5264049294085685
vt 0.7164259061971866 0.5264049294085685
vt 0.7171525431256353 0.5264046013177548
vt 0.7249650431187461 0.5264049294085685
vt 0.7249641597014209 0.5474408668900187
vt 0.7093392815681275 0.5445386482109498
vt 0.7249641597014209 0.5474408668900187
vt 0.7213973646607144 0.5666436713648888
vt 0.7042223763383906 0.5634535298804808
vt 0.7077891713790971 0.5442507254056108
vt 0.20657281955750814 0.19452032555099286
vt 0.22219781955750814 0.19452032555099286
vt 0.22219781955750814 0.21405157555099286
vt 0.20657281955750814 0.21405157555099286
vt 0.11515467934438384 0.2788912239430832
vt 0.11839852803152542 0.29815121283865187
vt 0.10117239396332878 0.3010525111044313
vt 0.09792854527618719 0.28179252220886264
vt 0.09792854527618719 0.28179252220886264
vt 0.09436255667238545 0.3009954764565833
vt 0.07368020682942031 0.2971547640907447
vt 0.08081179997793883 0.2786139426069779
vt 0.640625 0.27695703125000004
vt 0.625 0.27695703125000004
vt 0.625 0.25703906249999997
vt 0.640625 0.25703906249999997
vt 0.74219041559747 0.5445402632084113
vt 0.7489026236616094 0.5632933046632533
vt 0.7281374660173254 0.5666576611413838
vt 0.7250223812904343 0.5474310346380173
vt 0.609375 0.23600312499999998
vt 0.625 0.23600312499999998
vt 0.625 0.25703906249999997
vt 0.609375 0.25703906249999997
vt 0.609375 0.25703906249999997
vt 0.625 0.25703906249999997
vt 0.625 0.27695703125000004
vt 0.609375 0.27695703125000004
vt 0.609375 0.27695703125000004
vt 0.625 0.27695703125000004
vt 0.625 0.296875
vt 0.609375 0.296875
vt 0.796875 0.3125
vt 0.796875 0.328125
vt 0.78125 0.328125
vt 0.78125 0.3046875
vt 0.78125 0.3046875
vt 0.78125 0.328125
vt 0.76796875 0.328125
vt 0.7734375 0.3125
vt 0.23873968044249186 0.234375
vt 0.22219781955750814 0.23372345055099286
vt 0.2221978195575081 0.21405195902809737
vt 0.23695692577345429 0.21405158878036157
vt 0.23782281955750814 0.21405157555099286
vt 0.22219781955750814 0.21405157555099286
vt 0.22219781955750814 0.19452032555099286
vt 0.23782281955750814 0.19452032555099286
vt 0.23782281955750814 0.19452032555099286
vt 0.22219781955750814 0.19452032555099286
vt 0.22219781955750814 0.17348438805099287
vt 0.23782281955750814 0.17348438805099287
vt 0.03125 0.2265625
vt 0.015625 0.2265625
vt 0.015625000000000003 0.20552734375000004
vt 0.03125 0.20552734375000004
vt 0.03125 0.20552734375000004
vt 0.015625 0.20552734375000004
vt 0.015625 0.19771484375000004
vt 0.03125 0.19771484375000004
vt 0.796875 0.609375
vt 0.8125 0.609375
vt 0.8125 0.62684453125
vt 0.796875 0.62684453125
vt 0.609375 0.2149671875
vt 0.625 0.2149671875
vt 0.625 0.23600312499999998
vt 0.609375 0.23600312499999998
vn 0.9805806756909202 0.19611613513818404 0
vn -0.9928768384869222 0.11914522061843069 0
vn 0 1 0
vn 0.44721359549995804 -0.8944271909999161 0
vn 0.3713906763541037 0 0.9284766908852593
vn 0.37037037037037035 0.07407407407407407 -0.9259259259259259
vn 0.4210759605332596 -0.33686076842660767 0.8421519210665191
vn -0.9284766908852594 -0.3713906763541037 0
vn 0 -0.3713906763541037 -0.9284766908852594
vn 0.9284766908852594 -0.3713906763541037 0
vn 0 0 1
vn -0.9284766908852594 0.3713906763541037 0
vn 0 0 -1
vn 0.9284766908852594 -0.3713906763541037 0
vn -0.4402254531628119 0.17609018126512477 0.8804509063256238
vn 0 1 0
vn -0.44721359549995804 0 -0.8944271909999161
vn -0.4210759605332596 -0.33686076842660767 -0.8421519210665191
vn 0 0 -1
vn -1 0 0
vn 0 0 1
vn 0 -0.3713906763541037 0.9284766908852594
vn -0.44721359549995804 0 0.8944271909999161
vn -1 0 0
vn -0.44721359549995804 0 -0.8944271909999161
vn 0.3713906763541037 0 -0.9284766908852593
vn 0.9805806756909202 -0.19611613513818404 0
vn 0.37037037037037035 -0.07407407407407407 0.9259259259259259
vn 0.9284766908852594 -0.3713906763541037 0
vn 0.9805806756909202 -0.19611613513818404 0
vn 0.9805806756909202 0.19611613513818404 0
vn 0 1 0
vn 0 1 0
vn -0.937861842681228 0.11254342112174738 0.3282516449384298
vn -1 0 0
vn -0.9284766908852594 -0.3713906763541037 0
vn -0.9284766908852594 0.3713906763541037 0
vn -1 0 0
vn 0.44721359549995804 -0.8944271909999161 0
vn 0.9284766908852594 -0.3713906763541037 0
usemtl m_e89d39d3-fb79-db21-aa49-e1bafd5091b4
f 368/1393/349 400/1394/349 399/1395/349 395/1396/349
f 393/1397/350 403/1398/350 402/1399/350 372/1400/350
f 385/1401/351 401/1402/351 400/1403/351 368/1404/351
f 370/1405/352 408/1406/352 407/1407/352 388/1408/352
f 384/1409/353 391/1410/353 396/1411/353 367/1412/353
f 368/1413/354 395/1414/354 394/1415/354 385/1416/354
f 375/1417/355 383/1418/355 390/1419/355 379/1420/355
f 381/1421/356 405/1422/356 404/1423/356 377/1424/356
f 382/1425/357 387/1426/357 386/1427/357 378/1428/357
f 378/1429/358 398/1430/358 397/1431/358 382/1432/358
f 379/1433/359 390/1434/359 389/1435/359 369/1436/359
f 374/1437/360 406/1438/360 405/1439/360 381/1440/360
f 370/1441/361 388/1442/361 387/1443/361 382/1444/361
f 382/1445/362 397/1446/362 408/1447/362 370/1448/362
f 371/1449/363 392/1450/363 391/1451/363 384/1452/363
f 372/1453/364 402/1454/364 401/1455/364 385/1456/364
f 385/1457/365 394/1458/365 393/1459/365 372/1460/365
f 377/1461/366 386/1462/366 387/1463/366 381/1464/366
f 381/1465/367 387/1466/367 388/1467/367 374/1468/367
f 388/1469/368 407/1470/368 406/1471/368 374/1472/368
f 373/1473/369 389/1474/369 390/1475/369 380/1476/369
f 380/1477/370 390/1478/370 383/1479/370 376/1480/370
f 383/1481/371 391/1482/371 392/1483/371 376/1484/371
f 377/1485/372 404/1486/372 403/1487/372 393/1488/372
f 377/1489/373 393/1490/373 394/1491/373 386/1492/373
f 386/1493/374 394/1494/374 395/1495/374 378/1496/374
f 395/1497/375 399/1498/375 398/1499/375 378/1500/375
f 375/1501/376 396/1502/376 391/1503/376 383/1504/376
f 379/1505/377 397/1506/377 398/1507/377 375/1508/377
f 375/1509/378 398/1510/378 399/1511/378 396/1512/378
f 396/1513/379 399/1514/379 400/1515/379 367/1516/379
f 367/1517/380 400/1518/380 401/1519/380 384/1520/380
f 384/1521/381 401/1522/381 402/1523/381 371/1524/381
f 371/1525/382 402/1526/382 403/1527/382 392/1528/382
f 392/1529/383 403/1530/383 404/1531/383 376/1532/383
f 376/1533/384 404/1534/384 405/1535/384 380/1536/384
f 380/1537/385 405/1538/385 406/1539/385 373/1540/385
f 373/1541/386 406/1542/386 407/1543/386 389/1544/386
f 389/1545/387 407/1546/387 408/1547/387 369/1548/387
f 369/1549/388 408/1550/388 397/1551/388 379/1552/388
o cuboid
v 0 3.78125 0.4375
v 0 3.375 0.4375
v 0 2.5625 0.3125
v 0.0625 2.4375 -0.3125
v 0 3.375 -0.4375
v 0 3.84375 -0.4375
v 0 4.375 -0.3125
v 0 4.375 0.3125
v 0 2.4375 -0.15625
v 0 4.3125 0
v 0 4.3125 0.15625
v 0 2.4375 0.015625
v 0 2.9999998663912546 -0.4374999777318758
v 0 2.9999998663912546 0.3749999777318758
v 0.75 4.1875 0.3125
v 0.75 4.1875 -0.3125
v 0.375 2.6875 0.3125
v 0.375 2.6875 -0.3125
v 0.5 3.375 0.4375
v 0.5 3.375 -0.4375
v 0.5625 3.78125 0.4375
v 0.5625 3.84375 -0.4375
v 0.28125 3.78125 0.4375
v 0.25 3.375 0.4375
v 0.21875 2.625 0.3125
v 0.21875 2.5 -0.3125
v 0.25 3.375 -0.4375
v 0.28125 3.84375 -0.4375
v 0.21875 4.375 -0.3125
v 0.21875 4.375 0.3125
v 0.5625 3.84375 0.03125
v 0.5 3.375 0.03125
v 0.375 2.6875 -0.03125
v 0.21875 2.5 -0.03125
v 0.21875 4.375 0
v 0.75 4.1875 0
v 0.5 3.375 0.234375
v 0.5625 3.84375 0.234375
v 0.75 4.1875 0.15625
v 0.21875 4.375 0.15625
v 0.21875 2.5 0.140625
v 0.375 2.6875 0.140625
v 0.23437499443296894 2.9999998663912546 0.3749999777318758
v 0.4375 2.9999998663912546 0.3749999777318758
v 0.4375 2.9999998663912546 0.18749998329890685
v 0.4375 2.9999998663912546 -1.1134062095907726e-8
v 0.4375 2.9999998663912546 -0.3749999777318758
v 0.23437499443296894 2.9999998663912546 -0.3749999777318758
v -0.375 2.6875 0.3125
v -0.375 2.6875 -0.3125
v -0.5 3.375 0.4375
v -0.5 3.375 -0.4375
v -0.5625 3.78125 0.4375
v -0.5625 3.84375 -0.4375
v -0.28125 3.78125 0.4375
v -0.25 3.375 0.4375
v -0.21875 2.625 0.3125
v -0.21875 2.5 -0.3125
v -0.25 3.375 -0.4375
v -0.28125 3.84375 -0.4375
v -0.21875 4.375 -0.3125
v -0.21875 4.375 0.3125
v -0.5625 3.84375 0.03125
v -0.5 3.375 0.03125
v -0.375 2.6875 -0.03125
v -0.21875 2.5 -0.03125
v -0.21875 4.375 0
v -0.5 3.375 0.234375
v -0.5625 3.84375 0.234375
v -0.21875 4.375 0.15625
v -0.21875 2.5 0.140625
v -0.375 2.6875 0.140625
v -0.23437499443296894 2.9999998663912546 0.3749999777318758
v -0.4375 2.9999998663912546 0.3749999777318758
v -0.4375 2.9999998663912546 0.18749998329890685
v -0.4375 2.9999998663912546 -1.1134062095907726e-8
v -0.4375 2.9999998663912546 -0.3749999777318758
v -0.23437499443296894 2.9999998663912546 -0.3749999777318758
v -0.75 4.1875 0.3125
v -0.75 4.1875 0
v -0.75 4.1875 0.15625
v -0.75 4.1875 -0.3125
v -0.22656249721648447 2.8124999331956273 -0.3437499888659379
v 0 2.7812499331956273 -0.4062499888659379
v 0.22656249721648447 2.8124999331956273 -0.3437499888659379
v 0.4375 2.8437499331956273 -0.3437499888659379
v 0.4375 2.8437499331956273 -0.015625005567031048
v 0.4375 2.8437499331956273 0.1640624916494534
v 0.4375 2.8437499331956273 0.3437499888659379
v 0.22656249721648447 2.8124999331956273 0.3437499888659379
v 0 2.7812499331956273 0.3437499888659379
v -0.22656249721648447 2.8124999331956273 0.3437499888659379
v -0.4375 2.8437499331956273 0.3437499888659379
v -0.4375 2.8437499331956273 0.1640624916494534
v -0.4375 2.8437499331956273 -0.015625005567031048
v -0.4375 2.8437499331956273 -0.3437499888659379
vt 0.054697330423420655 0.6929133104280389
vt 0.029306705423420655 0.6929133104280389
vt 0.029306705423420655 0.6338008104280388
vt 0.054697330423420655 0.6338008104280388
vt 0.035166080423420655 0.5862789354280389
vt 0.058603580423420655 0.5862789354280389
vt 0.054697330423420655 0.6338008104280388
vt 0.029306705423420655 0.6338008104280388
vt 0.058603580423420655 0.7418586229280388
vt 0.039072330423420655 0.7418586229280388
vt 0.029306705423420655 0.6929133104280389
vt 0.054697330423420655 0.6929133104280389
vt 0.2890625 0.7483734375
vt 0.29296875 0.7991546875
vt 0.2578125 0.7991546875
vt 0.2578125 0.7483734375
vt 0.2578125 0.7008515625
vt 0.287109375 0.7008515625
vt 0.2890625 0.7483734375
vt 0.2578125 0.7483734375
vt 0.7677798188325098 0.91125
vt 0.7462954438325098 0.91125
vt 0.7619204438325098 0.8828125
vt 0.7834048188325098 0.8828125
vt 0.0663329075145968 0.8263116474260104
vt 0.09665322001459681 0.8263116474260104
vt 0.09665322001459681 0.8731866474260104
vt 0.0664586887645968 0.8731866474260104
vt 0.0625524387645968 0.9317803974260104
vt 0.0664586887645968 0.8731866474260104
vt 0.0977086887645968 0.8731866474260104
vt 0.0977086887645968 0.9317803974260104
vt 0.0703649387645968 0.9999999286760104
vt 0.0625524387645968 0.9317803974260104
vt 0.0977086887645968 0.9317803974260104
vt 0.0977086887645968 0.9999999286760104
vt 0.24645176558140042 0.9011414062499999
vt 0.2659830155814004 0.9011414062499999
vt 0.2659830155814004 0.9295796875
vt 0.24645176558140042 0.9295796875
vt 0.29296875 0.7991546875
vt 0.28515625 0.875
vt 0.2578125 0.875
vt 0.2578125 0.7991546875
vt 0.11329108042342065 0.6929133104280389
vt 0.054697330423420655 0.6929133104280389
vt 0.054697330423420655 0.6338008104280388
vt 0.11329108042342065 0.6338008104280388
vt 0.058603580423420655 0.5862789354280389
vt 0.10547858042342065 0.5862789354280389
vt 0.11329108042342065 0.6338008104280388
vt 0.054697330423420655 0.6338008104280388
vt 0.8029360688325098 0.91125
vt 0.7677798188325098 0.91125
vt 0.7834048188325098 0.8828125
vt 0.8029360688325098 0.89032421875
vt 0.20667323441859958 0.903287802361938
vt 0.24645176558140042 0.9011414062499999
vt 0.24645176558140042 0.9295793326075524
vt 0.20809243038848427 0.9295799319933119
vt 0.09766608042342065 0.7418586229280388
vt 0.058603580423420655 0.7418586229280388
vt 0.054697330423420655 0.6929133104280389
vt 0.11329108042342065 0.6929133104280389
vt 0.003916080423420655 0.6338008104280388
vt 0.029306705423420655 0.6338008104280388
vt 0.029306705423420655 0.6929133104280389
vt 0.003916080423420655 0.6851695604280389
vt 0.003896419576579345 0.6851635641722269
vt 0.029306705423420655 0.6929133104280389
vt 0.03724735010591992 0.7421875
vt 0.017964099369120128 0.7414246101590627
vt 0.28551426558140036 0.9295796875
vt 0.2659830155814004 0.9295796875
vt 0.2659830155814004 0.9011414062499999
vt 0.28551426558140036 0.9032875
vt 0.721739860765478 0.8854171233652489
vt 0.7619204438325098 0.8828125
vt 0.7462952856548237 0.9112502878833887
vt 0.7205014311674902 0.9131748123231074
vt 0.011728580423420655 0.5862789354280389
vt 0.035166080423420655 0.5862789354280389
vt 0.029306705423420655 0.6338008104280388
vt 0.003916080423420655 0.6338008104280388
vt 0.011728580423420655 0.5862789354280389
vt 0.015634830423420655 0.5667476854280389
vt 0.038095767923420655 0.5667476854280389
vt 0.035166080423420655 0.5862789354280389
vt 0.035166080423420655 0.5862789354280389
vt 0.038095767923420655 0.5667476854280389
vt 0.060556705423420655 0.5667476854280389
vt 0.058603580423420655 0.5862789354280389
vt 0.058603580423420655 0.5862789354280389
vt 0.060556705423420655 0.5667476854280389
vt 0.10157233042342065 0.5667476854280389
vt 0.10547858042342065 0.5862789354280389
vt 0.0663329075145968 0.8263116474260104
vt 0.06626934693314837 0.8025312870776145
vt 0.09566107328580079 0.7987240350044404
vt 0.09663880359169924 0.8263116474260104
vt 0.2578125 0.7008515625
vt 0.2578124456984059 0.6732303626390282
vt 0.2861381241856817 0.6770971191021447
vt 0.28710401893748494 0.7008515625
vt 0.29296875 0.7991546875
vt 0.2890625 0.7483734375
vt 0.3203125 0.7483734375
vt 0.328125 0.7991546875
vt 0.287109375 0.7008515625
vt 0.3125 0.7008515625
vt 0.3203125 0.7483734375
vt 0.2890625 0.7483734375
vt 0.06250983042342065 0.5457117479280389
vt 0.041025455423420655 0.5457117479280389
vt 0.04102545542342065 0.5152023729280388
vt 0.06250983042342065 0.5152023729280388
vt 0.2998046875 0.1875
vt 0.3251953125 0.1875
vt 0.3232421875 0.234375
vt 0.2919921875 0.234375
vt 0.0664586887645968 0.8731866474260104
vt 0.0625524387645968 0.9317803974260104
vt 0.027396188764596804 0.9317803974260104
vt 0.035208688764596804 0.8731866474260104
vt 0.06242861090746738 0.9317803974260104
vt 0.07026956696168696 0.999996736138846
vt 0.0036283459604841695 0.9772355058016693
vt 0.027396188764596804 0.9317803974260104
vt 0.24645176558140042 0.9295796875
vt 0.2659830155814004 0.9295796875
vt 0.2659830155814004 1
vt 0.24645176558140042 1
vt 0.28515625 0.875
vt 0.29296875 0.7991546875
vt 0.328125 0.7991546875
vt 0.3515625 0.852065625
vt 0.09766608042342065 0.5457117479280389
vt 0.06250983042342065 0.5457117479280389
vt 0.06250983042342065 0.5152023729280388
vt 0.09766608042342065 0.5152023729280388
vt 0.20738926558140042 0.9295796875
vt 0.24645176558140042 0.9295796875
vt 0.2464517655814004 1
vt 0.2073892655814004 1
vt 0.2855142655814004 1
vt 0.2659830155814004 1
vt 0.2659830155814004 0.9295796875
vt 0.28551426558140036 0.9295796875
vt 0.5276285996774954 0.2109375
vt 0.515625 0.1875
vt 0.546875 0.1875
vt 0.546875 0.20671566490283533
vt 0.287109375 0.7008515625
vt 0.2861331939429306 0.6770905156964179
vt 0.31250778107455135 0.6809435202374208
vt 0.3124924001727202 0.7008515625
vt 0.04097891377297211 0.8274454269731755
vt 0.04008877328231475 0.8075478045785858
vt 0.06626937617965088 0.8025422292740618
vt 0.0663329075145968 0.8263116474260104
vt 0.4081932945765794 0.5947383104280388
vt 0.4081932945765794 0.6538508104280389
vt 0.3828026695765793 0.6538508104280389
vt 0.3828026695765793 0.5947383104280388
vt 0.3828026695765793 0.5947383104280388
vt 0.3788964195765793 0.5472164354280389
vt 0.4023339195765794 0.5472164354280389
vt 0.4081932945765794 0.5947383104280388
vt 0.2578125 0.7991546875
vt 0.22265625 0.7991546875
vt 0.2265625 0.7483734375
vt 0.2578125 0.7483734375
vt 0.2265625 0.7483734375
vt 0.228515625 0.7008515625
vt 0.2578125 0.7008515625
vt 0.2578125 0.7483734375
vt 0.7537045561674902 0.26532500000000003
vt 0.7693295561674902 0.29376250000000004
vt 0.7478451811674902 0.29376250000000004
vt 0.7322201811674902 0.26532500000000003
vt 0.0977086887645968 0.8731866474260104
vt 0.0977086887645968 0.8263116474260104
vt 0.12802900126459682 0.8263116474260104
vt 0.1279032200145968 0.8731866474260104
vt 0.0977086887645968 0.8731866474260104
vt 0.12895868876459682 0.8731866474260104
vt 0.13286493876459682 0.9317803974260104
vt 0.0977086887645968 0.9317803974260104
vt 0.0977086887645968 0.9317803974260104
vt 0.13286493876459682 0.9317803974260104
vt 0.12505243876459682 0.9999999286760104
vt 0.0977086887645968 0.9999999286760104
vt 0.6324544844185996 0.4920796875
vt 0.6324544844185996 0.46364140625000005
vt 0.6519857344185996 0.46364140625000005
vt 0.6519857344185996 0.4920796875
vt 0.2578125 0.875
vt 0.23046875 0.875
vt 0.22265625 0.7991546875
vt 0.2578125 0.7991546875
vt 0.3828026695765793 0.5947383104280388
vt 0.3828026695765793 0.6538508104280389
vt 0.3242089195765793 0.6538508104280389
vt 0.3242089195765793 0.5947383104280388
vt 0.3242089195765793 0.5947383104280388
vt 0.3320214195765793 0.5472164354280389
vt 0.3788964195765793 0.5472164354280389
vt 0.3828026695765793 0.5947383104280388
vt 0.7322201811674902 0.26532500000000003
vt 0.7478451811674902 0.29376250000000004
vt 0.7126889311674902 0.29376250000000004
vt 0.7126889311674902 0.2578125
vt 0.6519857344185996 0.49207933260755243
vt 0.6519857344185996 0.46364140625000005
vt 0.6917642655814004 0.46578780236193795
vt 0.6903450696115158 0.4920799319933119
vt 0.4081932945765794 0.6538508104280389
vt 0.4081932945765794 0.5947383104280388
vt 0.4335839195765794 0.5947383104280388
vt 0.4335839195765794 0.6461070604280389
vt 0.6324544844185996 0.46364140625000005
vt 0.6324544844185996 0.4920796875
vt 0.6129232344185996 0.4920796875
vt 0.6129232344185996 0.4657875
vt 0.7693297143451763 0.2937627878833887
vt 0.7537045561674902 0.26532500000000003
vt 0.793885139234522 0.26792962336524884
vt 0.7951235688325098 0.2956873123231074
vt 0.4081932945765794 0.5947383104280388
vt 0.4023339195765794 0.5472164354280389
vt 0.4257714195765794 0.5472164354280389
vt 0.4335839195765794 0.5947383104280388
vt 0.4023339195765794 0.5472164354280389
vt 0.3994042320765794 0.5276851854280389
vt 0.4218651695765794 0.5276851854280389
vt 0.4257714195765794 0.5472164354280389
vt 0.3788964195765793 0.5472164354280389
vt 0.3769432945765793 0.5276851854280389
vt 0.3994042320765794 0.5276851854280389
vt 0.4023339195765794 0.5472164354280389
vt 0.3320214195765793 0.5472164354280389
vt 0.3359276695765793 0.5276851854280389
vt 0.3769432945765793 0.5276851854280389
vt 0.3788964195765793 0.5472164354280389
vt 0.09771942608957927 0.8263116474260104
vt 0.09872614421995048 0.7987085875882893
vt 0.12811371510060515 0.8025439950746014
vt 0.12802900126459682 0.8263116474260104
vt 0.2285232244335404 0.7008515625
vt 0.22949979929286435 0.6770910521245483
vt 0.2578272016260136 0.6732381364513471
vt 0.2578125 0.7008515625
vt 0.1953125 0.7483734375
vt 0.2265625 0.7483734375
vt 0.22265625 0.7991546875
vt 0.1875 0.7991546875
vt 0.1953125 0.7483734375
vt 0.203125 0.7008515625
vt 0.228515625 0.7008515625
vt 0.2265625 0.7483734375
vt 0.3964745445765794 0.47613987292803883
vt 0.3964745445765794 0.5066492479280389
vt 0.3749901695765793 0.5066492479280389
vt 0.3749901695765793 0.47613987292803883
vt 0.7705078125 0.6875
vt 0.7685546875 0.640625
vt 0.7939453125 0.640625
vt 0.8017578125 0.6875
vt 0.16802118876459682 0.9317803974260104
vt 0.13286493876459682 0.9317803974260104
vt 0.12895868876459682 0.8731866474260104
vt 0.16020868876459682 0.8731866474260104
vt 0.3749901695765793 0.47613987292803883
vt 0.3749901695765793 0.5066492479280389
vt 0.3398339195765793 0.5066492479280389
vt 0.3398339195765793 0.47613987292803883
vt 0.4609375 0.2101964351791964
vt 0.4609375 0.1796875
vt 0.48463617035806944 0.19169109967749542
vt 0.4804143352609047 0.2101964351791964
vt 0.20313629374971065 0.7008515625
vt 0.20313593522485418 0.6809340393878698
vt 0.22951401644027047 0.6771030364395327
vt 0.228515625 0.7008515625
vt 0.12802895390538627 0.8263249347153723
vt 0.12811371510060515 0.8025439950746014
vt 0.15429016531164308 0.807569723350732
vt 0.15338671019798375 0.8274572609599582
vt 0.4081932945765794 0.6538508104280389
vt 0.3984276695765794 0.7027961229280388
vt 0.3788964195765793 0.7027961229280388
vt 0.3828026695765793 0.6538508104280389
vt 0.40025264989408005 0.703125
vt 0.4081932945765794 0.6538508104280389
vt 0.4336035804234206 0.6461010641722269
vt 0.41953590063087987 0.7023621101590627
vt 0.6324544844185996 0.5625
vt 0.6324544844185996 0.4920796875
vt 0.6519857344185996 0.4920796875
vt 0.6519857344185996 0.5625
vt 0.1875 0.7991546875
vt 0.22265625 0.7991546875
vt 0.23046875 0.875
vt 0.1640625 0.852065625
vt 0.6324544844185996 0.4920796875
vt 0.6324544844185996 0.5625
vt 0.6129232344185996 0.5625
vt 0.6129232344185996 0.4920796875
vt 0.3828026695765793 0.6538508104280389
vt 0.3788964195765793 0.7027961229280388
vt 0.3398339195765793 0.7027961229280388
vt 0.3242089195765793 0.6538508104280389
vt 0.19168415403951583 0.9772109812844757
vt 0.12505243059657425 1
vt 0.13286493876459682 0.9317803974260104
vt 0.16789735786137855 0.9317657883969583
vt 0.6519857344185996 0.5625
vt 0.6519857344185996 0.4920796875
vt 0.6910482344185996 0.4920796875
vt 0.6910482344185996 0.5625
vt 0.12814427283604707 0.7632749614551517
vt 0.12811371510060515 0.8025439950746014
vt 0.09872589756352583 0.7987085553968604
vt 0.09435783876553655 0.7546023588183802
vt 0.08503564780905785 0.7547719791655323
vt 0.09566107328580079 0.7987240350044404
vt 0.06626965129460988 0.8025312476522064
vt 0.06630389386557839 0.7634666432410162
vt 0.06557357132709642 0.7632790696271272
vt 0.06626937617965088 0.8025422292740618
vt 0.040088091725125896 0.8075479348882599
vt 0.04702049324811094 0.7874109466646001
vt 0.09766608042342065 0.5457117479280389
vt 0.10157233042342065 0.5667476854280389
vt 0.060556705423420655 0.5667476854280389
vt 0.06250983042342065 0.5457117479280389
vt 0.06250983042342065 0.5457117479280389
vt 0.060556705423420655 0.5667476854280389
vt 0.038095767923420655 0.5667476854280389
vt 0.041025455423420655 0.5457117479280389
vt 0.041025455423420655 0.5457117479280389
vt 0.038095767923420655 0.5667476854280389
vt 0.015634830423420655 0.5667476854280389
vt 0.019541080423420655 0.5457117479280389
vt 0.3047153881357035 0.6610176369646357
vt 0.31250778107455135 0.6809435202374208
vt 0.2861329355059884 0.677090477941942
vt 0.28515310640637803 0.6533524004657718
vt 0.28517314100490876 0.653336135132228
vt 0.2861381241856817 0.6770971191021447
vt 0.25781260486794033 0.673230384367363
vt 0.2578105958036298 0.6456177382769741
vt 0.2578399496810322 0.6456169373555612
vt 0.2578272016260136 0.6732381364513471
vt 0.2294996401127487 0.6770910737752297
vt 0.23047633955813904 0.6533378831134212
vt 0.2305108356406248 0.6533428175844512
vt 0.22951401644027047 0.6771030364395327
vt 0.2031362185406259 0.6809339982406936
vt 0.21094691677612598 0.6610316321824938
vt 0.4179589195765794 0.5066492479280389
vt 0.4218651695765794 0.5276851854280389
vt 0.3994042320765794 0.5276851854280389
vt 0.3964745445765794 0.5066492479280389
vt 0.3964745445765794 0.5066492479280389
vt 0.3994042320765794 0.5276851854280389
vt 0.3769432945765793 0.5276851854280389
vt 0.3749901695765793 0.5066492479280389
vt 0.3749901695765793 0.5066492479280389
vt 0.3769432945765793 0.5276851854280389
vt 0.3359276695765793 0.5276851854280389
vt 0.3398339195765793 0.5066492479280389
vt 0.14739441512772697 0.787316060933404
vt 0.15429016531164308 0.807569723350732
vt 0.12811345860514936 0.8025439458289453
vt 0.1287938791479825 0.7635132090906875
vn 0.9912279006826347 -0.13216372009101796 0
vn 0.9863939333305788 -0.16439893031473704 0
vn 0.8778955729143844 -0.4788521306805733 0
vn 0 0 1
vn 0 -0.16439898730535724 0.9863939238321437
vn 0.27472112789737807 -0.9615239476408233 0
vn 0.2576626562741882 -5.737661845302724e-8 -0.9662349380775498
vn 0 0 -1
vn 0 0.22903933372554727 -0.9734171683335759
vn -0.274721127897378 0.9615239476408232 0
vn 0 0.2060104810498419 0.978549784986749
vn 0.9912279006826347 -0.13216372009101796 0
vn 0.9863939333305789 -0.16439893031473704 0
vn 0.27472112789737807 -0.9615239476408232 0
vn -0.26977806394251297 0.9442232237987953 0.18884464475975907
vn 0.8778955729143844 -0.4788521306805733 0
vn 0.9912279006826347 -0.13216372009101796 0
vn 0.8523364789844045 -0.49986650647205677 -0.153805078914479
vn -0.274721127897378 0.9615239476408232 0
vn 0.04154164488114879 -0.9208397948654647 0.387722018890722
vn 0.9863939333305788 -0.16439893031473704 0
vn 1 0 0
vn 1 0 0
vn 1 0 0
vn 0.28370859277837607 -0.16913396682782955 -0.9438766527723822
vn 0.019502683203907835 -0.14139445149117913 0.989761210815698
vn 0 0 1
vn 0 -0.16439898730535726 0.9863939238321439
vn 0.7682212795973759 -0.6401843996644798 0
vn 0 -0.16439898730535726 -0.9863939238321439
vn 0 0 -1
vn 0.08384794337764737 0.2375691729033342 -0.9677450131503467
vn 0.3328201177351375 0.9429903335828895 0
vn 0 0.20601048104984193 0.9785497849867492
vn 0.7682212795973759 -0.6401843996644798 0
vn 0.3328201177351375 0.9429903335828895 0
vn 0.3328201177351375 0.9429903335828895 0
vn 0.6964366011545349 -0.5803638342954458 0.42208278857850606
vn 0.024495203294796253 -0.16534262442172362 0.9859319457066414
vn 0.029041988551753297 -0.1960334253111772 -0.9801670567111134
vn -0.9912279006826347 -0.13216372009101796 0
vn -0.9863939333305788 -0.164398930314737 0
vn 0 0 1
vn 0 -0.16439898730535724 0.9863939238321437
vn -0.27472112789737807 -0.9615239476408233 0
vn -0.2576626562741882 -5.737661845374611e-8 -0.9662349380775498
vn 0 0 -1
vn 0 0.22903933372554727 -0.9734171683335759
vn 0.274721127897378 0.9615239476408232 0
vn 0 0.2060104810498419 0.978549784986749
vn -0.9912279006826347 -0.13216372009101796 0
vn -0.9863939333305789 -0.16439893031473704 0
vn -0.27472112789737807 -0.9615239476408232 0
vn 0.26977806394251297 0.9442232237987953 0.18884464475975907
vn -0.9912279006826347 -0.13216372009101796 0
vn 0.274721127897378 0.9615239476408232 0
vn -0.04154164488114879 -0.9208397948654647 0.387722018890722
vn -0.9863939333305788 -0.16439893031473704 0
vn -1 0 0
vn -1 0 0
vn -1 0 0
vn -0.280821828884178 -0.13573054251185934 -0.9501138459424648
vn -0.02279729736623032 -0.1652804038745576 0.9859830989057871
vn 0 0 1
vn 0 -0.16439898730535724 0.9863939238321439
vn -0.7682212795973759 -0.6401843996644798 0
vn 0 -0.16439898730535726 -0.9863939238321439
vn 0 0 -1
vn -0.7682212795973759 -0.6401843996644798 0
vn -0.6964366011545349 -0.5803638342954458 0.42208278857850606
vn -0.029041988551753297 -0.1960334253111772 0.9801670567111134
vn -0.024495203294796253 -0.16534262442172362 -0.9859319457066414
vn -0.8778955729143844 -0.4788521306805733 0
vn -0.8523364789844045 -0.49986650647205677 -0.153805078914479
vn -0.3328201177351375 0.9429903335828895 0
vn 0 0.20601048104984193 0.9785497849867492
vn -0.3328201177351375 0.9429903335828895 0
vn -0.8778955729143844 -0.4788521306805733 0
vn -0.08384794337764737 0.2375691729033342 -0.9677450131503467
vn -0.3328201177351375 0.9429903335828895 0
vn -0.27763779019094204 -0.10246155034293374 -0.9552062019057523
vn 0.2863343781669924 -0.203297413517855 -0.9363134013441611
vn 0.014793925013105547 -0.09985899515619429 -0.9948916126237581
vn 0.9284766361309755 -0.3713908132397839 0
vn 0.9284766361309755 -0.3713908132397839 0
vn 0.9284766361309755 -0.3713908132397839 0
vn 0.030792929212960955 -0.20785227493028943 0.9776754202273826
vn 0.02279729736623028 -0.16528040387455734 0.9859830989057871
vn -0.019502683203907804 -0.1413944514911789 0.9897612108156982
vn -0.024495203294796198 -0.16534262442172326 0.9859319457066413
vn -0.9284766361309755 -0.3713908132397839 0
vn -0.9284766361309755 -0.3713908132397839 0
vn -0.9284766361309755 -0.3713908132397839 0
vn -0.030792929212960955 -0.20785227493028943 -0.9776754202273826
usemtl m_e89d39d3-fb79-db21-aa49-e1bafd5091b4
f 439/1553/389 446/1554/389 445/1555/389 440/1556/389
f 453/1557/390 454/1558/390 440/1559/390 445/1560/390
f 444/1561/391 447/1562/391 446/1563/391 439/1564/391
f 432/1565/392 431/1566/392 409/1567/392 410/1568/392
f 422/1569/393 451/1570/393 432/1571/393 410/1572/393
f 442/1573/394 449/1574/394 420/1575/394 417/1576/394
f 456/1577/395 421/1578/395 413/1579/395 435/1580/395
f 436/1581/396 435/1582/396 413/1583/396 414/1584/396
f 437/1585/397 436/1586/397 414/1587/397 415/1588/397
f 418/1589/398 419/1590/398 448/1591/398 443/1592/398
f 431/1593/399 438/1594/399 416/1595/399 409/1596/399
f 430/1597/400 439/1598/400 440/1599/400 428/1600/400
f 454/1601/401 455/1602/401 428/1603/401 440/1604/401
f 434/1605/402 442/1606/402 417/1607/402 412/1608/402
f 415/1609/403 418/1610/403 443/1611/403 437/1612/403
f 424/1613/404 444/1614/404 439/1615/404 430/1616/404
f 427/1617/405 445/1618/405 446/1619/405 429/1620/405
f 429/1621/406 446/1622/406 447/1623/406 423/1624/406
f 438/1625/407 448/1626/407 419/1627/407 416/1628/407
f 411/1629/408 420/1630/408 449/1631/408 433/1632/408
f 452/1633/409 453/1634/409 445/1635/409 427/1636/409
f 452/1637/410 497/1638/410 496/1639/410 453/1640/410
f 453/1641/411 496/1642/411 495/1643/411 454/1644/411
f 454/1645/412 495/1646/412 494/1647/412 455/1648/412
f 456/1649/413 493/1650/413 492/1651/413 421/1652/413
f 422/1653/414 499/1654/414 498/1655/414 451/1656/414
f 431/1657/415 432/1658/415 427/1659/415 429/1660/415
f 451/1661/416 452/1662/416 427/1663/416 432/1664/416
f 441/1665/417 450/1666/417 449/1667/417 442/1668/417
f 455/1669/418 456/1670/418 435/1671/418 428/1672/418
f 435/1673/419 436/1674/419 430/1675/419 428/1676/419
f 436/1677/420 437/1678/420 424/1679/420 430/1680/420
f 443/1681/421 448/1682/421 447/1683/421 444/1684/421
f 438/1685/422 431/1686/422 429/1687/422 423/1688/422
f 426/1689/423 441/1690/423 442/1691/423 434/1692/423
f 437/1693/424 443/1694/424 444/1695/424 424/1696/424
f 423/1697/425 447/1698/425 448/1699/425 438/1700/425
f 433/1701/426 449/1702/426 450/1703/426 425/1704/426
f 451/1705/427 498/1706/427 497/1707/427 452/1708/427
f 455/1709/428 494/1710/428 493/1711/428 456/1712/428
f 476/1713/429 477/1714/429 471/1715/429 472/1716/429
f 472/1717/430 484/1718/430 483/1719/430 476/1720/430
f 409/1721/431 463/1722/431 464/1723/431 410/1724/431
f 464/1725/432 481/1726/432 422/1727/432 410/1728/432
f 420/1729/433 479/1730/433 474/1731/433 417/1732/433
f 413/1733/434 421/1734/434 486/1735/434 467/1736/434
f 413/1737/435 467/1738/435 468/1739/435 414/1740/435
f 414/1741/436 468/1742/436 469/1743/436 415/1744/436
f 478/1745/437 419/1746/437 418/1747/437 475/1748/437
f 416/1749/438 470/1750/438 463/1751/438 409/1752/438
f 472/1753/439 471/1754/439 462/1755/439 460/1756/439
f 460/1757/440 485/1758/440 484/1759/440 472/1760/440
f 417/1761/441 474/1762/441 466/1763/441 412/1764/441
f 475/1765/442 418/1766/442 415/1767/442 469/1768/442
f 477/1769/443 476/1770/443 459/1771/443 461/1772/443
f 419/1773/444 478/1774/444 470/1775/444 416/1776/444
f 479/1777/445 420/1778/445 411/1779/445 465/1780/445
f 476/1781/446 483/1782/446 482/1783/446 459/1784/446
f 483/1785/447 502/1786/447 501/1787/447 482/1788/447
f 484/1789/448 503/1790/448 502/1791/448 483/1792/448
f 485/1793/449 504/1794/449 503/1795/449 484/1796/449
f 421/1797/450 492/1798/450 491/1799/450 486/1800/450
f 481/1801/451 500/1802/451 499/1803/451 422/1804/451
f 459/1805/452 464/1806/452 463/1807/452 461/1808/452
f 459/1809/453 482/1810/453 481/1811/453 464/1812/453
f 479/1813/454 480/1814/454 473/1815/454 474/1816/454
f 467/1817/455 486/1818/455 485/1819/455 460/1820/455
f 462/1821/456 468/1822/456 467/1823/456 460/1824/456
f 474/1825/457 473/1826/457 458/1827/457 466/1828/457
f 480/1829/458 479/1830/458 465/1831/458 457/1832/458
f 482/1833/459 501/1834/459 500/1835/459 481/1836/459
f 486/1837/460 491/1838/460 504/1839/460 485/1840/460
f 477/1841/461 489/1842/461 488/1843/461 471/1844/461
f 489/1845/462 477/1846/462 461/1847/462 487/1848/462
f 489/1849/463 478/1850/463 475/1851/463 488/1852/463
f 461/1853/464 463/1854/464 470/1855/464 487/1856/464
f 478/1857/465 489/1858/465 487/1859/465 470/1860/465
f 471/1861/466 488/1862/466 490/1863/466 462/1864/466
f 490/1865/467 469/1866/467 468/1867/467 462/1868/467
f 488/1869/468 475/1870/468 469/1871/468 490/1872/468
f 466/1873/469 491/1874/469 492/1875/469 412/1876/469
f 412/1877/470 492/1878/470 493/1879/470 434/1880/470
f 434/1881/471 493/1882/471 494/1883/471 426/1884/471
f 426/1885/472 494/1886/472 495/1887/472 441/1888/472
f 441/1889/473 495/1890/473 496/1891/473 450/1892/473
f 450/1893/474 496/1894/474 497/1895/474 425/1896/474
f 425/1897/475 497/1898/475 498/1899/475 433/1900/475
f 433/1901/476 498/1902/476 499/1903/476 411/1904/476
f 411/1905/477 499/1906/477 500/1907/477 465/1908/477
f 465/1909/478 500/1910/478 501/1911/478 457/1912/478
f 457/1913/479 501/1914/479 502/1915/479 480/1916/479
f 480/1917/480 502/1918/480 503/1919/480 473/1920/480
f 473/1921/481 503/1922/481 504/1923/481 458/1924/481
f 458/1925/482 504/1926/482 491/1927/482 466/1928/482
o cylinder
v 0 4.125 0.048044704856736155
v 0 4.75 0.048044704856736155
v 3.140352183595491e-17 4.125 -0.2149790660436856
v 3.140352183595491e-17 4.75 -0.2149790660436856
v 2.512281746876393e-17 4.385416666666667 -0.2149790660436856
v 0.11126046697815718 4.125 0.2850209339563144
v 0.11126046697815718 4.75 0.2850209339563144
v 0.25 4.125 0.10657300001020968
v 0.25 4.75 0.10657300001020968
v 0.20048443395120955 4.125 -0.1159479339461047
v 0.20048443395120955 4.75 -0.1159479339461047
v 0.16038754716096765 4.385416666666667 -0.13575416036562088
v 0.19999999999999998 4.385416666666667 0.042262586799430624
v 0.08900837358252575 4.385416666666667 0.18502093395631436
v 0 4.385416666666667 0.18502093395631436
v 0 4.125 0.2850209339563144
v 0 4.75 0.2850209339563144
v -0.11126046697815718 4.125 0.2850209339563144
v -0.11126046697815718 4.75 0.2850209339563144
v -0.25 4.125 0.10657300001020968
v -0.25 4.75 0.10657300001020968
v -0.20048443395120955 4.125 -0.1159479339461047
v -0.20048443395120955 4.75 -0.1159479339461047
v -0.16038754716096765 4.385416666666667 -0.13575416036562088
v -0.19999999999999998 4.385416666666667 0.042262586799430624
v -0.08900837358252575 4.385416666666667 0.18502093395631436
vt 0.234375 0.271809375
vt 0.234375 0.2421875
vt 0.2482828125 0.2421875
vt 0.3359375 0.28238203125000005
vt 0.3185953125 0.3046875
vt 0.3046875 0.275065625
vt 0.15625 0.21370234374999997
vt 0.13364609375 0.21370234374999997
vt 0.12548515625 0.1796875
vt 0.15373984375 0.1796875
vt 0.2482828125 0.2421875
vt 0.265625 0.26449296874999995
vt 0.234375 0.271809375
vt 0.3297484375 0.25456640625000004
vt 0.3359375 0.28238203125000005
vt 0.3046875 0.275065625
vt 0.37575078125 0.2359671875
vt 0.3529546875 0.2359671875
vt 0.34375 0.203125
vt 0.37224609375 0.203125
vt 0.265625 0.26449296874999995
vt 0.2594359375 0.29230859374999996
vt 0.234375 0.271809375
vt 0.3046875 0.2421875
vt 0.3297484375 0.25456640625000004
vt 0.3046875 0.275065625
vt 0.79357578125 0.95442734375
vt 0.77121484375 0.95442734375
vt 0.765625 0.921875
vt 0.79357578125 0.921875
vt 0.2594359375 0.29230859374999996
vt 0.234375 0.3046875
vt 0.234375 0.271809375
vt 0.3529546875 0.2359671875
vt 0.37575078125 0.2359671875
vt 0.37224609375 0.28174765625
vt 0.34375 0.28174765625
vt 0.13364609375 0.21370234374999997
vt 0.15625 0.21370234374999997
vt 0.15373984375 0.26033203125000004
vt 0.12548515625 0.26033203125000004
vt 0.77121484375 0.95442734375
vt 0.79357578125 0.95442734375
vt 0.79357578125 1
vt 0.765625 1
vt 0.47206328125 0.671875
vt 0.4609375 0.671875
vt 0.4609375 0.63700546875
vt 0.4748453125 0.63700546875
vt 0.3185953125 0.3046875
vt 0.3046875 0.3046875
vt 0.3046875 0.275065625
vt 0.7951578125 0.24256875
vt 0.78125 0.24256875
vt 0.78125 0.1953125
vt 0.79237578125 0.1953125
vt 0.234375 0.2421875
vt 0.234375 0.271809375
vt 0.2204671875 0.2421875
vt 0.2907796875 0.3046875
vt 0.2734375 0.28238203125000005
vt 0.3046875 0.275065625
vt 0.67920234375 0.171875
vt 0.67104140625 0.20588984374999997
vt 0.6484375 0.20588984374999997
vt 0.65094765625 0.171875
vt 0.203125 0.26449296874999995
vt 0.2204671875 0.2421875
vt 0.234375 0.271809375
vt 0.2734375 0.28238203125000005
vt 0.2796265625 0.25456640625000004
vt 0.3046875 0.275065625
vt 0.7578125 0.3046875
vt 0.7486078125 0.3375296875
vt 0.72581171875 0.3375296875
vt 0.72931640625 0.3046875
vt 0.2093140625 0.29230859374999996
vt 0.203125 0.26449296874999995
vt 0.234375 0.271809375
vt 0.2796265625 0.25456640625000004
vt 0.3046875 0.2421875
vt 0.3046875 0.275065625
vt 0.7890625 0.4609375
vt 0.78347265625 0.49348984375000005
vt 0.76111171875 0.49348984375000005
vt 0.76111171875 0.4609375
vt 0.234375 0.3046875
vt 0.2093140625 0.29230859374999996
vt 0.234375 0.271809375
vt 0.72931640625 0.38331015625
vt 0.72581171875 0.3375296875
vt 0.7486078125 0.3375296875
vt 0.7578125 0.38331015625
vt 0.65094765625 0.25251953125000004
vt 0.6484375 0.20588984374999997
vt 0.67104140625 0.20588984374999997
vt 0.67920234375 0.25251953125000004
vt 0.76111171875 0.5390625
vt 0.76111171875 0.49348984375000005
vt 0.78347265625 0.49348984375000005
vt 0.7890625 0.5390625
vt 0.4609375 0.63700546875
vt 0.4609375 0.671875
vt 0.44981171875 0.671875
vt 0.4470296875 0.63700546875
vt 0.3046875 0.3046875
vt 0.2907796875 0.3046875
vt 0.3046875 0.275065625
vt 0.78125 0.1953125
vt 0.78125 0.24256875
vt 0.7673421875 0.24256875
vt 0.77012421875 0.1953125
vn 0 1 0
vn 0 -1 0
vn 0.7555125147587499 0.29011680566736003 0.5873951643589492
vn 0 1 0
vn 0 -1 0
vn 0.9675064042354607 0.13259483052706011 -0.21529042867919015
vn 0 1 0
vn 0 -1 0
vn 0.44287548993036424 0 -0.8965831252142434
vn 0 1 0
vn 0.9716992434512847 -0.09512103629396557 -0.21622342317742393
vn 0.771584185725318 -0.21163451951323017 0.5998905520917981
vn 0.4428754899303643 0 -0.8965831252142434
vn 0 0.3584785743688946 0.9335379540856628
vn 0 -1 0
vn 0 -0.2645160119551239 0.9643812935863889
vn 0 1 0
vn 0 -1 0
vn -0.75551251475875 0.2901168056673601 0.5873951643589493
vn 0 1 0
vn 0 -1 0
vn -0.9675064042354607 0.13259483052706017 -0.21529042867919015
vn 0 1 0
vn 0 -1 0
vn -0.44287548993036413 -3.723757536253953e-17 -0.8965831252142437
vn 0 1 0
vn -0.9716992434512847 -0.09512103629396558 -0.21622342317742393
vn -0.771584185725318 -0.21163451951323017 0.5998905520917981
vn -0.4428754899303642 7.629449207938237e-18 -0.8965831252142437
vn 0 0.3584785743688946 0.9335379540856628
vn 0 -1 0
vn 0 -0.2645160119551239 0.9643812935863889
usemtl m_e89d39d3-fb79-db21-aa49-e1bafd5091b4
f 506/1929/483 521/1930/483 511/1931/483
f 512/1932/484 510/1933/484 505/1934/484
f 517/1935/485 518/1936/485 510/1937/485 512/1938/485
f 511/1939/486 513/1940/486 506/1941/486
f 514/1942/487 512/1943/487 505/1944/487
f 516/1945/488 517/1946/488 512/1947/488 514/1948/488
f 513/1949/489 515/1950/489 506/1951/489
f 507/1952/490 514/1953/490 505/1954/490
f 509/1955/491 516/1956/491 514/1957/491 507/1958/491
f 515/1959/492 508/1960/492 506/1961/492
f 517/1962/493 516/1963/493 515/1964/493 513/1965/493
f 518/1966/494 517/1967/494 513/1968/494 511/1969/494
f 516/1970/495 509/1971/495 508/1972/495 515/1973/495
f 518/1974/496 519/1975/496 520/1976/496 510/1977/496
f 510/1978/497 520/1979/497 505/1980/497
f 511/1981/498 521/1982/498 519/1983/498 518/1984/498
f 521/1985/499 506/1986/499 523/1987/499
f 522/1988/500 524/1989/500 505/1990/500
f 522/1991/501 530/1992/501 529/1993/501 524/1994/501
f 525/1995/502 523/1996/502 506/1997/502
f 524/1998/503 526/1999/503 505/2000/503
f 524/2001/504 529/2002/504 528/2003/504 526/2004/504
f 527/2005/505 525/2006/505 506/2007/505
f 526/2008/506 507/2009/506 505/2010/506
f 526/2011/507 528/2012/507 509/2013/507 507/2014/507
f 508/2015/508 527/2016/508 506/2017/508
f 527/2018/509 528/2019/509 529/2020/509 525/2021/509
f 525/2022/510 529/2023/510 530/2024/510 523/2025/510
f 508/2026/511 509/2027/511 528/2028/511 527/2029/511
f 520/2030/512 519/2031/512 530/2032/512 522/2033/512
f 520/2034/513 522/2035/513 505/2036/513
f 519/2037/514 521/2038/514 523/2039/514 530/2040/514
o cuboid
v 0 5.697916666666667 0.5795454545454546
v 0 4.552083333333333 0.6363636363636365
v 0 4.78125 -0.27272727272727276
v 0 5.640625 -0.38636363636363646
v 0 5.8125 0.125
v 0 4.4375 0.125
v 0 5.8125 0.3522727272727273
v 0 4.4375 0.3522727272727273
v 0.05555555555555555 4.552083333333333 -0.21590909090909094
v 0 5.8125 -0.10227272727272729
v 0 4.953125 -0.38636363636363646
v 0 4.953125 0.75
v 0 5.325520833333333 -0.5
v 0 5.3828125 0.6931818181818182
v 0 5.282552083333333 0.6363636363636365
v 0 5.225260416666667 -0.5
v 0.34567901234567894 5.697916666666667 0.47853535353535354
v 0.34567901234567894 5.640625 -0.28535353535353536
v 0.3888888888888889 4.723958333333333 0.5227272727272727
v 0.3888888888888889 4.78125 -0.15909090909090912
v 0.19753086419753085 5.697916666666667 0.5290404040404041
v 0.2222222222222222 4.609375 0.5795454545454546
v 0.2222222222222222 4.78125 -0.21590909090909094
v 0.19753086419753085 5.640625 -0.3358585858585859
v 0.5 4.723958333333333 0.125
v 0.4444444444444444 5.697916666666667 0.125
v 0.2222222222222222 5.8125 0.125
v 0.2222222222222222 4.494791666666666 0.125
v 0.4444444444444444 4.723958333333333 0.3522727272727273
v 0.3950617283950617 5.697916666666667 0.32702020202020204
v 0.2222222222222222 5.755208333333334 0.3522727272727273
v 0.2222222222222222 4.552083333333333 0.3522727272727273
v 0.3950617283950617 5.697916666666667 -0.07702020202020204
v 0.4444444444444444 4.78125 0.011363636363636354
v 0.2222222222222222 4.552083333333333 -0.15909090909090912
v 0.2222222222222222 5.755208333333334 -0.10227272727272729
v 0.4444444444444444 4.953125 0.3522727272727273
v 0.5 4.953125 0.125
v 0.4444444444444444 4.953125 -0.10227272727272729
v 0.3888888888888889 4.953125 -0.27272727272727276
v 0.2222222222222222 4.953125 -0.3295454545454546
v 0.2222222222222222 4.953125 0.5795454545454546
v 0.3888888888888889 4.953125 0.5227272727272727
v 0.5 5.3828125 0.125
v 0.4444444444444444 5.3828125 -0.10227272727272729
v 0.3888888888888889 5.325520833333333 -0.38636363636363646
v 0.2222222222222222 5.325520833333333 -0.44318181818181823
v 0.2222222222222222 5.3828125 0.6363636363636365
v 0.3888888888888889 5.3828125 0.5795454545454546
v 0.4444444444444444 5.3828125 0.3522727272727273
v 0.5 5.282552083333333 0.125
v 0.4444444444444444 5.282552083333333 0.3522727272727273
v 0.3888888888888889 5.282552083333333 0.5227272727272727
v 0.2222222222222222 5.282552083333333 0.5795454545454546
v 0.2222222222222222 5.225260416666667 -0.44318181818181823
v 0.3888888888888889 5.225260416666667 -0.38636363636363646
v 0.4444444444444444 5.282552083333333 -0.10227272727272729
v -0.34567901234567894 5.697916666666667 0.47853535353535354
v -0.34567901234567894 5.640625 -0.28535353535353536
v -0.3888888888888889 4.723958333333333 0.5227272727272727
v -0.3888888888888889 4.78125 -0.15909090909090912
v -0.19753086419753085 5.697916666666667 0.5290404040404041
v -0.2222222222222222 4.609375 0.5795454545454546
v -0.2222222222222222 4.78125 -0.21590909090909094
v -0.19753086419753085 5.640625 -0.3358585858585859
v -0.5 4.723958333333333 0.125
v -0.4444444444444444 5.697916666666667 0.125
v -0.2222222222222222 5.8125 0.125
v -0.2222222222222222 4.494791666666666 0.125
v -0.4444444444444444 4.723958333333333 0.3522727272727273
v -0.3950617283950617 5.697916666666667 0.32702020202020204
v -0.2222222222222222 5.755208333333334 0.3522727272727273
v -0.2222222222222222 4.552083333333333 0.3522727272727273
v -0.3950617283950617 5.697916666666667 -0.07702020202020204
v -0.4444444444444444 4.78125 0.011363636363636354
v -0.2222222222222222 4.552083333333333 -0.15909090909090912
v -0.2222222222222222 5.755208333333334 -0.10227272727272729
v -0.4444444444444444 4.953125 0.3522727272727273
v -0.5 4.953125 0.125
v -0.4444444444444444 4.953125 -0.10227272727272729
v -0.3888888888888889 4.953125 -0.27272727272727276
v -0.2222222222222222 4.953125 -0.3295454545454546
v -0.2222222222222222 4.953125 0.5795454545454546
v -0.3888888888888889 4.953125 0.5227272727272727
v -0.5 5.3828125 0.125
v -0.4444444444444444 5.3828125 -0.10227272727272729
v -0.3888888888888889 5.325520833333333 -0.38636363636363646
v -0.2222222222222222 5.325520833333333 -0.44318181818181823
v -0.2222222222222222 5.3828125 0.6363636363636365
v -0.3888888888888889 5.3828125 0.5795454545454546
v -0.4444444444444444 5.3828125 0.3522727272727273
v -0.5 5.282552083333333 0.125
v -0.4444444444444444 5.282552083333333 0.3522727272727273
v -0.3888888888888889 5.282552083333333 0.5227272727272727
v -0.2222222222222222 5.282552083333333 0.5795454545454546
v -0.2222222222222222 5.225260416666667 -0.44318181818181823
v -0.3888888888888889 5.225260416666667 -0.38636363636363646
v -0.4444444444444444 5.282552083333333 -0.10227272727272729
vt 0.4332296875 0.7200037206026184
vt 0.447028125 0.7417505956026184
vt 0.4177828125 0.7417505956026184
vt 0.4177828125 0.7134513768526184
vt 0.040489843750000004 0.24530546875000003
vt 0.040489843750000004 0.28827421875000003
vt 0.005481250000000007 0.28827421875000003
vt 0.014126562500000007 0.23814375
vt 0.3359375 0.4296875
vt 0.3814268234839274 0.4296875
vt 0.37795391923743793 0.4550092946406741
vt 0.3424322163971638 0.4609375
vt 0.49031171875 0.5085359375
vt 0.4938296875 0.53405
vt 0.46515859375 0.53405
vt 0.46163984375 0.5085359375
vt 0.7012169730050257 0.42632736583477715
vt 0.7302189102169099 0.42217348941033606
vt 0.7325463328482729 0.45076437876542164
vt 0.705038390004006 0.4530041568497809
vt 0.0625 0.259628125
vt 0.0625 0.28827421875000003
vt 0.040489843750000004 0.28827421875000003
vt 0.040489843750000004 0.24530546875000003
vt 0.6349463350773221 0.952327192041848
vt 0.669955710077322 0.961639692041848
vt 0.6442932100773221 0.998890473291848
vt 0.6291260225773221 0.996237348291848
vt 0.4595109375 0.50882265625
vt 0.46409375 0.5341671875
vt 0.44208359375 0.5341671875
vt 0.4375 0.50882265625
vt 0.700009053253374 0.3953898415381485
vt 0.7256532432197093 0.3996527526595889
vt 0.7302189102169099 0.42217348941033606
vt 0.7015610155479778 0.42627808946410806
vt 0.4177828125 0.7131045018526183
vt 0.4177828125 0.7417505956026184
vt 0.3885375 0.7417505956026184
vt 0.3885375 0.7131045018526183
vt 0.7015610155479778 0.42627808946410806
vt 0.6723211786521045 0.42443833732414116
vt 0.6750696914837554 0.4016241360612208
vt 0.7000039614645697 0.3952885011669802
vt 0.7007305536521045 0.4531242748241411
vt 0.6723211786521045 0.4531242748241411
vt 0.6723211786521045 0.42443833732414116
vt 0.7007305536521045 0.4262258373241411
vt 0.6349794085319441 0.952326426593964
vt 0.6056897471528874 0.9530043028418267
vt 0.6084711628461262 0.921875
vt 0.6360832963717101 0.9243425985768797
vt 0.6290343954465849 0.9969286104238053
vt 0.601237768553145 0.9878381848798854
vt 0.6056897471528874 0.9530043028418267
vt 0.6349463350773221 0.952327192041848
vt 0.3885375 0.7132935643526184
vt 0.3885375 0.7419396581026184
vt 0.366128125 0.7419396581026184
vt 0.366128125 0.7132935643526184
vt 0.6561346622625078 0.4078089880085375
vt 0.6750696914837554 0.4016241360612208
vt 0.6723212353658687 0.42443786656802307
vt 0.6495375651803418 0.4254248535917192
vt 0.6489205473827893 0.42563921881446354
vt 0.6723211786521045 0.42443833732414116
vt 0.6723211786521045 0.453125
vt 0.6409298091468776 0.44954865042267944
vt 0.5703125 0.9250559104244966
vt 0.6084711628461262 0.921875
vt 0.6056897308251447 0.9530044855801525
vt 0.5766214662140249 0.9537023347576135
vt 0.5764001301589853 0.9536780317868359
vt 0.6056897471528874 0.9530043028418267
vt 0.6012378438449605 0.9878375957696377
vt 0.5803837886833763 0.9796346407406112
vt 0.45553815248485735 0.719849510460359
vt 0.4692528642901895 0.741649735822695
vt 0.4468445153653197 0.7418641801089664
vt 0.43312980355998765 0.7200639547466304
vt 0.45553815248485735 0.719849510460359
vt 0.43312980355998765 0.7200639547466304
vt 0.461660830063906 0.68496197893395
vt 0.4686503128673475 0.70970950815709
vt 0.4617235308410919 0.5085359375
vt 0.45995919921048384 0.4790753552504883
vt 0.4819665995242546 0.4794699449847063
vt 0.49031171875 0.5085359375
vt 0.7731326908531224 0.44207891724756554
vt 0.7325463328482729 0.45076437876542164
vt 0.7302188807438027 0.4221731273521795
vt 0.7626571069751859 0.41894341309904193
vt 0.7626320016982808 0.41810109726105293
vt 0.7302189102169099 0.42217348941033606
vt 0.7256531979919292 0.3996525295677755
vt 0.753081830430513 0.4013868374888445
vt 0.3885375 0.7954615331026184
vt 0.3885375 0.7829287206026184
vt 0.4177828125 0.7829287206026184
vt 0.4177828125 0.7954615331026184
vt 0.4177828125 0.7954615331026184
vt 0.4177828125 0.7829287206026184
vt 0.447028125 0.7829287206026184
vt 0.447028125 0.7954615331026184
vt 0.447028125 0.7954615331026184
vt 0.447028125 0.7829287206026184
vt 0.4832125 0.7757677831026184
vt 0.4832125 0.7882998143526183
vt 0.4466671875 0.5832773437500001
vt 0.4466671875 0.5707453124999999
vt 0.46867734375000003 0.5707453124999999
vt 0.46867734375000003 0.5832773437500001
vt 0.46867734375000003 0.5832773437500001
vt 0.46867734375000003 0.5707453124999999
vt 0.4973484375 0.5707453124999999
vt 0.4973484375 0.5832773437500001
vt 0.010059375000000002 0.34375
vt 0.011818750000000003 0.32945234375
vt 0.040489843750000004 0.32945234375
vt 0.038730468750000004 0.34375
vt 0.03819765625 0.34367421875000004
vt 0.040489843750000004 0.32945234375
vt 0.0625 0.32945234375
vt 0.06020859375 0.34367421875000004
vt 0.359375 0.7958420018526184
vt 0.366128125 0.7831177831026184
vt 0.3885375 0.7831177831026184
vt 0.3885375 0.7954615331026184
vt 0.41943125 0.8354232518526183
vt 0.4177828125 0.7954615331026184
vt 0.447028125 0.7954615331026184
vt 0.44542734375 0.8354232518526183
vt 0.445226558991368 0.8354143322516555
vt 0.447028125 0.7954615331026184
vt 0.48321214107715493 0.7882998853916917
vt 0.4720091634604297 0.8284584745932533
vt 0.44770468750000003 0.62497734375
vt 0.4466671875 0.5832773437500001
vt 0.46867734375000003 0.5832773437500001
vt 0.4672703125 0.62497734375
vt 0.46834453125 0.625
vt 0.46867734375000003 0.5832773437500001
vt 0.4973484375 0.5832773437500001
vt 0.4938296875 0.625
vt 0.7653440276015007 0.8744960751637515
vt 0.7618252776015006 0.8327734189137515
vt 0.7904963713515006 0.8327734189137515
vt 0.7908291838515007 0.8744960751637515
vt 0.7908291820475158 0.8744958490092741
vt 0.7904963713515006 0.8327734189137515
vt 0.8125 0.8333406013604516
vt 0.8103875291847477 0.875
vt 0.370881072026302 0.8359375
vt 0.359375 0.7958420018526184
vt 0.3886178238758391 0.7954604851566386
vt 0.3907394388533994 0.8353713603062674
vt 0.39013828125 0.8354232518526183
vt 0.3885375 0.7954615331026184
vt 0.4177828125 0.7954615331026184
vt 0.416134375 0.8354232518526183
vt 0.4177828125 0.7417505956026184
vt 0.4177828125 0.7829287206026184
vt 0.3885375 0.7829287206026184
vt 0.3885375 0.7417505956026184
vt 0.3885375 0.7419396581026184
vt 0.3885375 0.7831177831026184
vt 0.366128125 0.7831177831026184
vt 0.366128125 0.7419396581026184
vt 0.0625 0.28827421875000003
vt 0.0625 0.32945234375
vt 0.040489843750000004 0.32945234375
vt 0.040489843750000004 0.28827421875000003
vt 0.040489843750000004 0.28827421875000003
vt 0.040489843750000004 0.32945234375
vt 0.011818750000000003 0.32945234375
vt 0.008300000000000002 0.28827421875000003
vt 0.4938296875 0.53405
vt 0.4973484375 0.5707453124999999
vt 0.46867734375000003 0.5707453124999999
vt 0.46515859375 0.53405
vt 0.46409375 0.5341671875
vt 0.46867734375000003 0.5707453124999999
vt 0.4466671875 0.5707453124999999
vt 0.44208359375 0.5341671875
vt 0.4692528642901895 0.741649735822695
vt 0.4832125 0.7757677831026184
vt 0.4470287616931754 0.7829285946001647
vt 0.4470519594831802 0.7418621949022051
vt 0.447028125 0.7417505956026184
vt 0.447028125 0.7829287206026184
vt 0.4177828125 0.7829287206026184
vt 0.4177828125 0.7417505956026184
vt 0.4105247746853225 0.9026408134625323
vt 0.3812796794553792 0.9027535441779767
vt 0.39499418764996574 0.8809536424651787
vt 0.41041569083893853 0.8743418049538442
vt 0.47108125 0.27264921875000003
vt 0.43607265625 0.27264921875000003
vt 0.43607265625 0.22968046875000003
vt 0.4624359375 0.22251875
vt 0.23152570539005826 0.5042714541291541
vt 0.19816179460994174 0.5162250041393832
vt 0.19816179460994174 0.4707352206532933
vt 0.2263585175789178 0.46875
vt 0.3807395780198857 0.32260894740819634
vt 0.3520684842698857 0.32260894740819634
vt 0.35558645301988573 0.29709488490819647
vt 0.3842583280198857 0.29709488490819647
vt 0.6606235105779921 0.859375
vt 0.6588731912741952 0.830742985880234
vt 0.6881710930936283 0.8307423772297338
vt 0.6881710930936283 0.8576914849466561
vt 0.43607265625 0.27264921875000003
vt 0.4140625 0.27264921875000003
vt 0.4140625 0.244003125
vt 0.43607265625 0.22968046875000003
vt 0.6369848952078866 0.787952973291848
vt 0.6113223952078866 0.750702192041848
vt 0.6463317702078866 0.7413896920418479
vt 0.6521520827078866 0.785299848291848
vt 0.40273047355030006 0.3216883541647839
vt 0.3807395780198857 0.32260894740819634
vt 0.38425832390324444 0.2970949147575015
vt 0.40625 0.2961742888376525
vt 0.6592207447693799 0.8307429786599692
vt 0.6605468078975151 0.8078023933251094
vt 0.6853273810605005 0.7999461802441958
vt 0.6881710930936283 0.8307423772297338
vt 0.4397698699152658 0.9025280827470881
vt 0.4105247746853225 0.9026408134625323
vt 0.41041435375399815 0.8739949325308571
vt 0.43965944898394144 0.8738822018154129
vt 0.7238264231232192 0.5997792145787784
vt 0.7464739580772592 0.5958893222208446
vt 0.7497786802852481 0.625
vt 0.71875 0.625
vt 0.7165804680936283 0.8290055474466561
vt 0.7165804680936283 0.8576914849466561
vt 0.6881710930936283 0.8576914849466561
vt 0.6881710930936283 0.830793047446656
vt 0.6728069424390823 0.7109375
vt 0.6755883581323212 0.7420668028418267
vt 0.6462986967532645 0.741388926593964
vt 0.6451948089134986 0.7134050985768797
vt 0.6755883581323212 0.7420668028418267
vt 0.6800403367320635 0.7769006848798854
vt 0.6522437098386238 0.7859911104238053
vt 0.6463317702078866 0.7413896920418479
vt 0.46217907843093853 0.9024417022416171
vt 0.4397698699152658 0.9025280827470881
vt 0.4396594489839415 0.8738822018154129
vt 0.4620686574996142 0.8737958213099418
vt 0.7165804680936283 0.8290055474466561
vt 0.7140141624257424 0.8061706096125405
vt 0.7328992310245616 0.8125063739103676
vt 0.7393555361950652 0.8301743260752785
vt 0.7165804680936283 0.857692210122515
vt 0.7165804680936283 0.8290055474466561
vt 0.7399810993629435 0.8302064289369785
vt 0.7479718375988552 0.8541158605451944
vt 0.6755883581323212 0.7420668028418267
vt 0.6727756615440142 0.710940126590187
vt 0.7109375 0.7140827094438688
vt 0.7046573089904183 0.7427354559552568
vt 0.6800402614402482 0.7769000957696377
vt 0.6755883581323212 0.7420668028418267
vt 0.7048779751262233 0.7427405317868359
vt 0.7008943166018324 0.7686971407406112
vt 0.3812796794553792 0.9027535441779767
vt 0.35887133053050946 0.9025390998917053
vt 0.3725860423358416 0.8807388745293694
vt 0.39499439126071134 0.8809533188156407
vt 0.3664633647567929 0.8458513430029604
vt 0.39499439126071134 0.8809533188156407
vt 0.3725860423358416 0.8807388745293694
vt 0.3594738819533515 0.8705988722261002
vt 0.4819665995242546 0.4794699449847063
vt 0.5172266058939735 0.4758964521278499
vt 0.5187835703232236 0.5053685699049626
vt 0.4903251026729164 0.5085825536109014
vt 0.658873169109184 0.8307426233012976
vt 0.6606235105779921 0.859375
vt 0.6192156624011448 0.8565324998260084
vt 0.626304748802278 0.8321453256603264
vt 0.6596082040713374 0.8077752750878887
vt 0.658873169109184 0.8307426233012976
vt 0.6262355079150932 0.8321483078238725
vt 0.632855907877913 0.8140722862674332
vt 0.4102780312487227 0.9436712749534335
vt 0.43952297446353955 0.9435243069814342
vt 0.4395859562503327 0.95605696122763
vt 0.4103410130355158 0.9562039291996293
vt 0.38103308803390584 0.9438182429254329
vt 0.4102780312487227 0.9436712749534335
vt 0.4103410130355158 0.9562039291996293
vt 0.38109606982069893 0.9563508971716287
vt 0.34491169482069894 0.9366571471716286
vt 0.38109606982069893 0.9438180846716286
vt 0.38109606982069893 0.9563508971716287
vt 0.34491169482069894 0.9491891784216286
vt 0.37754352158261856 0.3593084151963445
vt 0.39954637985038577 0.35987516575696243
vt 0.3992236862876529 0.37240304171881433
vt 0.3772208280198857 0.3718362911581964
vt 0.3485497342698857 0.35930425990819637
vt 0.3772208280198857 0.35930425990819637
vt 0.3772208280198857 0.3718362911581964
vt 0.3485497342698857 0.3718362911581964
vt 0.43607265625 0.31382734375
vt 0.46474375 0.31382734375
vt 0.466503125 0.328125
vt 0.43783203125 0.328125
vt 0.4140625 0.31382734375
vt 0.43607265625 0.31382734375
vt 0.43836484375 0.32804921875000004
vt 0.41635390625 0.32804921875000004
vt 0.4395239245690379 0.9437133670941121
vt 0.46193301660231795 0.9436007521101716
vt 0.46875 0.956290873363304
vt 0.4395859562503327 0.95605696122763
vt 0.38109606982069893 0.9563508971716287
vt 0.4103410130355158 0.9562039291996293
vt 0.4088934180297049 0.9961734273243826
vt 0.3828976525364894 0.9963040668304006
vt 0.34491205374354406 0.9491892494607019
vt 0.38109606982069893 0.9563508971716287
vt 0.38289763582933095 0.9963036963206657
vt 0.35611503136026923 0.9893478386622636
vt 0.3772208280198857 0.3718362911581964
vt 0.3992236862876529 0.37240304171881433
vt 0.39711277606498807 0.4140625
vt 0.377553638505695 0.4135586949014973
vt 0.3485497342698857 0.3718362911581964
vt 0.3772208280198857 0.3718362911581964
vt 0.3775536405198857 0.41355894740819643
vt 0.3520684842698857 0.41355894740819643
vt 0.7876286286484994 0.7780859189137515
vt 0.8162997223984994 0.7780859189137515
vt 0.8127809723984993 0.8198085751637515
vt 0.7872958161484993 0.8198085751637515
vt 0.765625 0.7786531013604516
vt 0.7876286286484994 0.7780859189137515
vt 0.7872958179524842 0.8198083490092741
vt 0.7677374708152523 0.8203125
vt 0.4394987034970953 0.9584660941293757
vt 0.46865645412512735 0.9607274834227417
vt 0.4545955826425305 1
vt 0.43481473524508296 0.9981579024370909
vt 0.4103410130355158 0.9562039291996293
vt 0.4394987034970953 0.9584660941293757
vt 0.4348116247430953 0.9981842607388537
vt 0.4088934180297049 0.9961734273243826
vt 0.43958604879549346 0.9437849182022848
vt 0.4103407409615085 0.9438014384357298
vt 0.41031748006327634 0.9026233200055946
vt 0.43956278789726133 0.9026067997721496
vt 0.46199542022013484 0.9437722594862475
vt 0.43958604879549346 0.9437849182022848
vt 0.43956278789726133 0.9026067997721496
vt 0.4619721593219027 0.9025941410561124
vt 0.43607265625 0.31382734375
vt 0.4140625 0.31382734375
vt 0.4140625 0.27264921875000003
vt 0.43607265625 0.27264921875000003
vt 0.46474375 0.31382734375
vt 0.43607265625 0.31382734375
vt 0.43607265625 0.27264921875000003
vt 0.4682625 0.27264921875000003
vt 0.3772208280198857 0.35930425990819637
vt 0.3485497342698857 0.35930425990819637
vt 0.3520684842698857 0.32260894740819634
vt 0.3807395780198857 0.32260894740819634
vt 0.3992216905366732 0.3586647079815888
vt 0.3772208280198857 0.35930425990819637
vt 0.3807396311002188 0.32260839385951856
vt 0.4027404936170063 0.321968841932911
vt 0.38109543312752353 0.943817958669175
vt 0.34491169482069894 0.9366571471716286
vt 0.35887133053050946 0.9025390998917053
vt 0.3810722353375187 0.9027515589712154
vt 0.4103407409615085 0.9438014384357298
vt 0.38109543312752353 0.943817958669175
vt 0.38107217222929135 0.9026398402390398
vt 0.41031748006327634 0.9026233200055946
vn 0.9596447874400883 -0.15509410706102444 -0.23457983692979947
vn 0.6086208182610279 0 0.7934612149180811
vn 0.10288652737792338 -0.947803161299658 -0.30180048030857515
vn 0.2085894528750309 -0.5393828276364432 -0.8158165268001198
vn 0.24252817246447766 0.9407153356197945 -0.23713865752082255
vn 0.32267392778813864 0 0.94651018817854
vn 0.7581138263166868 -0.6392527652736222 -0.12891597433018062
vn 0.2735295521706861 -0.530481555724967 -0.8023533530340126
vn 0.32405824273168377 0.942714887946715 -0.07921423711218935
vn 0.9713990064967776 0 0.23745309047699015
vn 0.3363266583563738 0.9131778360221537 0.23019691283058397
vn 0.24964921306261834 0.968336341576219 0
vn 0.4472019148352202 -0.8673006833167912 0.2186320472527747
vn 0.6050702744027922 -0.7823130820561353 0.14790606707623813
vn 0.9507749561339152 0 0.3098822079251277
vn 0.32683632056196854 0.9390583396617714 0.10652443040538247
vn 0.23572769025105417 0.914337707640455 0.3292704244776641
vn 0.43140652704386395 -0.8366672039638579 0.33745577226542234
vn 0.5999874628967845 -0.77574136616958 0.19555146938858184
vn 0.931427049756823 -0.200711552809551 -0.3035762236244458
vn 0.7820252190077364 -0.5687456138238082 -0.25488229360252135
vn 0.3141398618777952 -0.22846535409294189 -0.9214769281748658
vn 0.21540601400903 0.8355142361562398 -0.5054861128745248
vn 0.33973571277372777 0.8297024814765778 -0.4429147070235266
vn 0.9713990064967776 0 0.23745309047699018
vn 0.9713990064967776 0 -0.23745309047699018
vn 0.9814105188040367 0 -0.19192027923278926
vn 0.32267392778813836 0 -0.9465101881785402
vn 0.2477130939531678 0 -0.968833434127946
vn 0.21713777425059277 -0.4812750667372439 0.8492499615134288
vn 0.28435022809149796 -0.4726860934508024 0.8340940024017274
vn 0.9364448030418118 -0.17296527386630864 0.3052116395099237
vn 0.9574583986284769 0.16880809232017227 -0.23404538633140556
vn 0.9604672086533876 0.16829541780647989 -0.2217642745054135
vn 0.30477999182686166 0.3283824827764173 -0.894021309358795
vn 0.23385041050618252 0.32983859553489137 -0.9146149388686259
vn 0.23385041050618258 0.32983859553489137 0.9146149388686259
vn 0.30477999182686216 0.3283824827764169 0.8940213093587949
vn 0.9507919104848062 0.2048844520910022 0.2324158003407302
vn 0.9574583986284769 0.16880809232017221 0.23404538633140556
vn 0.9713990064967777 0 0.23745309047699018
vn 0.9507749561339152 0 0.30988220792512766
vn 0.32267392778813864 0 0.9465101881785399
vn 0.24771309395316826 0 0.9688334341279459
vn 0.2296331003157799 -0.37503077308350646 -0.8981205701239399
vn 0.3000855552311273 -0.3675689097567878 -0.8802509620113077
vn 0.9814281302151239 -0.07391750554135675 -0.17701702629122826
vn 0.9713990064967777 0 -0.23745309047699018
vn -0.9596447874400883 -0.15509410706102444 -0.23457983692979947
vn -0.6086208182610279 0 0.7934612149180811
vn -0.06702480955323159 -0.9424094434151357 -0.3276768467046878
vn -0.20858945287503086 -0.5393828276364431 -0.8158165268001197
vn -0.24252817246447766 0.9407153356197945 -0.23713865752082255
vn -0.32267392778813864 0 0.94651018817854
vn -0.7581138263166869 -0.6392527652736223 -0.1289159743301807
vn -0.2735295521706861 -0.530481555724967 -0.8023533530340126
vn -0.32405824273168377 0.942714887946715 -0.07921423711218932
vn -0.9713990064967776 0 0.23745309047699015
vn -0.3363266583563739 0.9131778360221537 0.23019691283058397
vn -0.24964921306261834 0.968336341576219 0
vn -0.4472019148352202 -0.8673006833167912 0.2186320472527747
vn -0.605070274402792 -0.7823130820561351 0.14790606707623816
vn -0.9507749561339152 0 0.3098822079251277
vn -0.32683632056196854 0.9390583396617714 0.10652443040538245
vn -0.23572769025105422 0.914337707640455 0.3292704244776641
vn -0.43140652704386395 -0.8366672039638579 0.33745577226542234
vn -0.5999874628967845 -0.77574136616958 0.19555146938858184
vn -0.9314270497568231 -0.20071155280955097 -0.3035762236244458
vn -0.7820252190077365 -0.5687456138238082 -0.2548822936025213
vn -0.1947336683589358 -0.23604081013204328 -0.9520312675325748
vn -0.21540601400903 0.8355142361562398 -0.5054861128745248
vn -0.3397357127737279 0.8297024814765779 -0.44291470702352664
vn -0.9713990064967776 0 0.23745309047699018
vn -0.9713990064967776 0 -0.23745309047699018
vn -0.9814105188040366 0 -0.1919202792327892
vn -0.32267392778813836 0 -0.9465101881785402
vn -0.2477130939531678 0 -0.968833434127946
vn -0.21713777425059283 -0.4812750667372439 0.8492499615134288
vn -0.28435022809149785 -0.47268609345080237 0.8340940024017272
vn -0.9364448030418117 -0.17296527386630867 0.30521163950992364
vn -0.9574583986284769 0.16880809232017227 -0.23404538633140556
vn -0.9604672086533876 0.1682954178064799 -0.2217642745054135
vn -0.3047799918268616 0.3283824827764173 -0.894021309358795
vn -0.23385041050618252 0.32983859553489137 -0.9146149388686259
vn -0.23385041050618258 0.32983859553489137 0.9146149388686259
vn -0.30477999182686216 0.3283824827764169 0.8940213093587949
vn -0.9507919104848062 0.20488445209100217 0.23241580034073026
vn -0.9574583986284769 0.1688080923201722 0.23404538633140556
vn -0.9713990064967777 0 0.23745309047699018
vn -0.9507749561339152 0 0.30988220792512766
vn -0.32267392778813864 0 0.9465101881785399
vn -0.24771309395316826 0 0.9688334341279459
vn -0.2296331003157799 -0.37503077308350646 -0.8981205701239399
vn -0.3000855552311273 -0.3675689097567878 -0.8802509620113077
vn -0.9814281302151239 -0.07391750554135675 -0.17701702629122826
vn -0.9713990064967777 0 -0.23745309047699018
usemtl m_e89d39d3-fb79-db21-aa49-e1bafd5091b4
f 564/2041/515 569/2042/515 568/2043/515 555/2044/515
f 552/2045/516 572/2046/516 542/2047/516 532/2048/516
f 536/2049/517 539/2050/517 565/2051/517 558/2052/517
f 533/2053/518 541/2054/518 571/2055/518 553/2056/518
f 557/2057/519 566/2058/519 540/2059/519 535/2060/519
f 549/2061/520 573/2062/520 572/2063/520 552/2064/520
f 558/2065/521 565/2066/521 564/2067/521 555/2068/521
f 553/2069/522 571/2070/522 570/2071/522 550/2072/522
f 556/2073/523 563/2074/523 566/2075/523 557/2076/523
f 555/2077/524 568/2078/524 567/2079/524 559/2080/524
f 557/2081/525 561/2082/525 560/2083/525 556/2084/525
f 535/2085/526 537/2086/526 561/2087/526 557/2088/526
f 558/2089/527 562/2090/527 538/2091/527 536/2092/527
f 555/2093/528 559/2094/528 562/2095/528 558/2096/528
f 559/2097/529 567/2098/529 573/2099/529 549/2100/529
f 547/2101/530 560/2102/530 561/2103/530 551/2104/530
f 551/2105/531 561/2106/531 537/2107/531 531/2108/531
f 532/2109/532 538/2110/532 562/2111/532 552/2112/532
f 552/2113/533 562/2114/533 559/2115/533 549/2116/533
f 550/2117/534 570/2118/534 569/2119/534 564/2120/534
f 550/2121/535 564/2122/535 565/2123/535 553/2124/535
f 553/2125/536 565/2126/536 539/2127/536 533/2128/536
f 534/2129/537 540/2130/537 566/2131/537 554/2132/537
f 554/2133/538 566/2134/538 563/2135/538 548/2136/538
f 580/2137/539 582/2138/539 581/2139/539 574/2140/539
f 574/2141/540 581/2142/540 587/2143/540 575/2144/540
f 575/2145/541 587/2146/541 586/2147/541 576/2148/541
f 576/2149/542 586/2150/542 585/2151/542 577/2152/542
f 577/2153/543 585/2154/543 546/2155/543 543/2156/543
f 544/2157/544 545/2158/544 584/2159/544 578/2160/544
f 578/2161/545 584/2162/545 583/2163/545 579/2164/545
f 579/2165/546 583/2166/546 582/2167/546 580/2168/546
f 556/2169/547 574/2170/547 575/2171/547 563/2172/547
f 563/2173/548 575/2174/548 576/2175/548 548/2176/548
f 548/2177/549 576/2178/549 577/2179/549 554/2180/549
f 554/2181/550 577/2182/550 543/2183/550 534/2184/550
f 531/2185/551 544/2186/551 578/2187/551 551/2188/551
f 551/2189/552 578/2190/552 579/2191/552 547/2192/552
f 547/2193/553 579/2194/553 580/2195/553 560/2196/553
f 560/2197/554 580/2198/554 574/2199/554 556/2200/554
f 568/2201/555 581/2202/555 582/2203/555 567/2204/555
f 567/2205/556 582/2206/556 583/2207/556 573/2208/556
f 573/2209/557 583/2210/557 584/2211/557 572/2212/557
f 572/2213/558 584/2214/558 545/2215/558 542/2216/558
f 541/2217/559 546/2218/559 585/2219/559 571/2220/559
f 571/2221/560 585/2222/560 586/2223/560 570/2224/560
f 570/2225/561 586/2226/561 587/2227/561 569/2228/561
f 569/2229/562 587/2230/562 581/2231/562 568/2232/562
f 609/2233/563 610/2234/563 605/2235/563 596/2236/563
f 542/2237/564 613/2238/564 593/2239/564 532/2240/564
f 606/2241/565 539/2242/565 536/2243/565 599/2244/565
f 612/2245/566 541/2246/566 533/2247/566 594/2248/566
f 540/2249/567 607/2250/567 598/2251/567 535/2252/567
f 613/2253/568 614/2254/568 590/2255/568 593/2256/568
f 605/2257/569 606/2258/569 599/2259/569 596/2260/569
f 611/2261/570 612/2262/570 594/2263/570 591/2264/570
f 607/2265/571 604/2266/571 597/2267/571 598/2268/571
f 608/2269/572 609/2270/572 596/2271/572 600/2272/572
f 601/2273/573 602/2274/573 598/2275/573 597/2276/573
f 602/2277/574 537/2278/574 535/2279/574 598/2280/574
f 538/2281/575 603/2282/575 599/2283/575 536/2284/575
f 603/2285/576 600/2286/576 596/2287/576 599/2288/576
f 614/2289/577 608/2290/577 600/2291/577 590/2292/577
f 602/2293/578 601/2294/578 588/2295/578 592/2296/578
f 537/2297/579 602/2298/579 592/2299/579 531/2300/579
f 603/2301/580 538/2302/580 532/2303/580 593/2304/580
f 600/2305/581 603/2306/581 593/2307/581 590/2308/581
f 610/2309/582 611/2310/582 591/2311/582 605/2312/582
f 606/2313/583 605/2314/583 591/2315/583 594/2316/583
f 539/2317/584 606/2318/584 594/2319/584 533/2320/584
f 607/2321/585 540/2322/585 534/2323/585 595/2324/585
f 604/2325/586 607/2326/586 595/2327/586 589/2328/586
f 622/2329/587 623/2330/587 621/2331/587 615/2332/587
f 628/2333/588 622/2334/588 615/2335/588 616/2336/588
f 627/2337/589 628/2338/589 616/2339/589 617/2340/589
f 626/2341/590 627/2342/590 617/2343/590 618/2344/590
f 546/2345/591 626/2346/591 618/2347/591 543/2348/591
f 625/2349/592 545/2350/592 544/2351/592 619/2352/592
f 624/2353/593 625/2354/593 619/2355/593 620/2356/593
f 623/2357/594 624/2358/594 620/2359/594 621/2360/594
f 616/2361/595 615/2362/595 597/2363/595 604/2364/595
f 617/2365/596 616/2366/596 604/2367/596 589/2368/596
f 618/2369/597 617/2370/597 589/2371/597 595/2372/597
f 543/2373/598 618/2374/598 595/2375/598 534/2376/598
f 619/2377/599 544/2378/599 531/2379/599 592/2380/599
f 620/2381/600 619/2382/600 592/2383/600 588/2384/600
f 621/2385/601 620/2386/601 588/2387/601 601/2388/601
f 615/2389/602 621/2390/602 601/2391/602 597/2392/602
f 623/2393/603 622/2394/603 609/2395/603 608/2396/603
f 624/2397/604 623/2398/604 608/2399/604 614/2400/604
f 625/2401/605 624/2402/605 614/2403/605 613/2404/605
f 545/2405/606 625/2406/606 613/2407/606 542/2408/606
f 626/2409/607 546/2410/607 541/2411/607 612/2412/607
f 627/2413/608 626/2414/608 612/2415/608 611/2416/608
f 628/2417/609 627/2418/609 611/2419/609 610/2420/609
f 622/2421/610 628/2422/610 610/2423/610 609/2424/610