# File exported by ZBrush version 2025
# www.zbrush.com
#Vertex Count 8550
#UV Vertex Count 8615
#Face Count 8548
#Auto scale x=1.000000 y=1.000000 z=1.000000
#Auto offset x=-0.000000 y=-0.000000 z=-0.000000
mtllib ggggge3D1.mtl
usemtl defaultMat
v -0.48828771 2.55796384 0.31863999
v -0.5003398 2.18976283 -0.84803301
v -0.43794056 1.97224891 0.4473167
v -0.59857749 1.68693089 -0.07908459
v -0.40572997 1.59843528 0.10713551
v -0.49432835 2.56159925 0.30319207
v -0.51405364 2.53691577 0.31210726
v -0.49896007 2.54026937 0.33067309
v -0.47935903 2.545475 0.34980306
v -0.47239065 2.56558418 0.32899996
v -0.47292813 2.57773971 0.30856162
v -0.17519505 1.11396753 -0.05689846
v -0.15736752 1.10507476 -0.05560655
v -0.15817922 1.10167169 -0.01772351
v -0.18472528 1.11712813 -0.03797964
v -0.4756627 2.1867249 -0.84490567
v -0.47774013 2.17018604 -0.86866927
v -0.51051062 2.18028378 -0.86435407
v -0.53073263 2.20063614 -0.84200549
v -0.50744819 2.20545959 -0.82765966
v -0.47696286 2.20585131 -0.81748938
v -0.44812017 1.97996425 0.45643669
v -0.46744066 1.97089219 0.42310935
v -0.448612 1.96261525 0.42011883
v -0.42160528 1.96967279 0.45428463
v -0.42688247 1.98073291 0.47606226
v -0.42866015 1.95526826 0.42011064
v -0.59382903 1.67498564 -0.09330603
v -0.57960164 1.66288316 -0.06653082
v -0.59053605 1.68453478 -0.05766363
v -0.61689221 1.70660054 -0.10017059
v -0.61457473 1.69697785 -0.12410204
v -0.61442244 1.7129445 -0.07487205
v -0.39898401 1.56485652 0.09407021
v -0.34977552 1.54983735 0.13111271
v -0.34632188 1.57514095 0.14793857
v -0.44305723 1.59472024 0.0704644
v -0.43344408 1.56963348 0.06410539
v -0.43917816 1.63892471 0.10170693
v -0.46054792 1.62826454 0.07558224
v -0.46811845 1.67658639 0.09930493
v -0.48465627 1.66545796 0.07733855
v -0.50059109 1.66001153 0.05767867
v -0.47981464 1.62486207 0.05430446
v -0.46537408 1.59544026 0.04843928
v -0.49871668 1.625018 0.03387641
v -0.48560419 1.59756338 0.02727621
v -0.47493049 1.57383811 0.01964456
v -0.45532175 1.57154572 0.04197266
v -0.46517223 1.55168879 0.0105539
v -0.44583195 1.5483272 0.03434533
v -0.42394194 1.54540705 0.05779446
v -0.43720647 1.52506065 0.02541712
v -0.41483324 1.52060067 0.05049237
v -0.38547465 1.51337218 0.07775464
v -0.39217966 1.53914761 0.08599208
v -0.34820598 1.49938678 0.10735812
v -0.34971457 1.52536296 0.11868302
v -0.30767032 1.47929334 0.13776953
v -0.30511885 1.50377512 0.15107964
v -0.30206233 1.52759242 0.16625812
v -0.29783299 1.55140757 0.18344828
v -0.26486387 1.47998464 0.18203625
v -0.26067835 1.503479 0.19780337
v -0.25692838 1.52661418 0.21438881
v -0.25381976 1.55009686 0.23052936
v -0.29234582 1.57563066 0.20229005
v -0.22574609 1.47846281 0.22878566
v -0.22222876 1.50141978 0.24462279
v -0.22028163 1.52554464 0.25947323
v -0.21983963 1.5517925 0.27329856
v -0.25188648 1.5747466 0.24596417
v -0.19147968 1.47712969 0.27450197
v -0.19006426 1.50297379 0.28785535
v -0.19058418 1.53147363 0.30018276
v -0.19167026 1.56107175 0.31231308
v -0.22034525 1.57970595 0.28704395
v -0.15735828 1.48497355 0.31076732
v -0.15848675 1.51553487 0.32162448
v -0.16008463 1.54620909 0.33232814
v -0.16092202 1.57600927 0.34359687
v -0.19224208 1.59050536 0.32472741
v -0.12544758 1.50145125 0.33975908
v -0.12721929 1.53244853 0.34993401
v -0.12836971 1.56203198 0.36076054
v -0.12870773 1.59048903 0.37239235
v -0.16066733 1.60500741 0.35548272
v -0.09517401 1.51968002 0.36736655
v -0.09638121 1.54882073 0.3780736
v -0.09699726 1.57677173 0.38942402
v -0.09697191 1.60376346 0.40126714
v -0.12794429 1.61805331 0.384649
v -0.06510593 1.53747546 0.39497441
v -0.06576211 1.56492543 0.40612554
v -0.06597925 1.59161365 0.41755586
v -0.06585772 1.61769962 0.42956847
v -0.09630981 1.63020312 0.41372266
v -0.03378776 1.55600893 0.42070284
v -0.03395018 1.58246314 0.4319891
v -0.03399114 1.60833239 0.44355201
v -0.03381312 1.63374054 0.45533365
v -0.06528231 1.64343071 0.44201427
v 0 1.57827949 0.43941259
v 0 1.60405707 0.45087212
v 0 1.62930917 0.46233904
v 0 1.65387845 0.47439751
v -0.03337709 1.65863752 0.46766829
v -0.03272256 1.68308496 0.4805001
v -0.06271793 1.69378829 0.4683606
v -0.06418851 1.66884851 0.45489329
v -0 1.67809629 0.48675423
v -0 1.70173049 0.499287
v -0.03179481 1.70689117 0.49371278
v -0.03056582 1.7297585 0.50790721
v -0.05884908 1.74159348 0.49763017
v -0.06096142 1.71810579 0.48250973
v 0 1.72414863 0.51316845
v -0 1.74545955 0.52777534
v -0.02935422 1.7512536 0.52339911
v -0.02828571 1.770226 0.54063248
v -0.05470816 1.78435921 0.53210794
v -0.05650596 1.76407563 0.5137431
v 0 1.76386332 0.54453194
v -0 1.77899134 0.56389445
v -0.02815955 1.78542554 0.56079721
v -0.02941364 1.79575276 0.58451408
v -0.05671368 1.81114065 0.57985836
v -0.05448457 1.80046343 0.55405896
v -0 1.79014658 0.58654242
v 0 1.791368 0.61447179
v -0.03225447 1.79937648 0.61298215
v 0 1.78946411 0.64390313
v -0.03596806 1.79890322 0.64293187
v -0.06840535 1.8161081 0.63996672
v -0.0619382 1.81572461 0.60917294
v -0.0981099 1.83437848 0.63555365
v -0.08990409 1.83421623 0.60326111
v -0.08352062 1.82928085 0.57300722
v -0.11717195 1.85235214 0.59751403
v -0.11094012 1.84743261 0.56626308
v -0.10865755 1.83499157 0.53829193
v -0.08095044 1.81778252 0.54595905
v -0.10904437 1.81643903 0.51398235
v -0.08137799 1.80031609 0.52271914
v -0.11030744 1.79534888 0.49217909
v -0.0833355 1.77915406 0.50294399
v -0.11216963 1.77265787 0.47247135
v -0.08559832 1.75639414 0.48509606
v -0.11474647 1.74862921 0.45478409
v -0.08792051 1.73260748 0.46877962
v -0.1180849 1.72335839 0.43923384
v -0.09076705 1.70759463 0.45424816
v -0.12118881 1.69765949 0.42463854
v -0.09324248 1.682096 0.44035404
v -0.12388681 1.67157495 0.41067549
v -0.09506367 1.65629601 0.42680466
v -0.12624107 1.64504957 0.39738297
v -0.15272696 1.68778526 0.39446821
v -0.15631124 1.66078805 0.38096931
v -0.15914148 1.63321828 0.36797237
v -0.18562573 1.6765275 0.36412626
v -0.18920485 1.64839971 0.35051024
v -0.19144564 1.61968457 0.33734661
v -0.21702168 1.66489315 0.3309068
v -0.21959888 1.63645005 0.31601476
v -0.22062611 1.60799741 0.30130398
v -0.2473298 1.65604257 0.29384404
v -0.24950812 1.62861836 0.27750259
v -0.25078433 1.60119795 0.26151189
v -0.28015935 1.65165555 0.25501328
v -0.28398111 1.6252644 0.23753392
v -0.28776541 1.59996604 0.22012168
v -0.3192369 1.65106928 0.21561102
v -0.32609924 1.62680947 0.19568617
v -0.3352524 1.60199582 0.1735146
v -0.36537495 1.65459537 0.1740306
v -0.38082128 1.62900018 0.14622914
v -0.40238994 1.68320703 0.1578356
v -0.41832503 1.66070234 0.13231825
v -0.43560347 1.7131797 0.14506681
v -0.45148456 1.69372928 0.12307329
v -0.46567398 1.74408721 0.13540087
v -0.48144304 1.72740399 0.11538805
v -0.49667525 1.713297 0.09545725
v -0.50936037 1.76156973 0.10930968
v -0.52407759 1.74986624 0.0906053
v -0.53763771 1.74145615 0.07246755
v -0.51134282 1.70332121 0.07630397
v -0.55088979 1.73538112 0.054571
v -0.52522987 1.69745707 0.05792397
v -0.56364935 1.73072755 0.03692127
v -0.53874814 1.69367933 0.04004055
v -0.51637142 1.65743255 0.03868325
v -0.55123764 1.6910727 0.02238899
v -0.53108245 1.65622782 0.01995596
v -0.51550114 1.62606871 0.01380489
v -0.54289484 1.65585768 0.00167727
v -0.52939188 1.62725234 -0.00593289
v -0.51845544 1.60270321 -0.01586808
v -0.50321543 1.60000109 0.00578188
v -0.5082944 1.58135843 -0.02751505
v -0.49249208 1.57710862 -0.00367922
v -0.49859777 1.56233882 -0.04045663
v -0.48271849 1.55628633 -0.01456011
v -0.488999 1.54459226 -0.05465099
v -0.47393292 1.53632092 -0.02674848
v -0.45656168 1.5301311 -0.000058
v -0.46515438 1.51735258 -0.04078329
v -0.44894129 1.508852 -0.01235117
v -0.43027707 1.50169026 0.01503495
v -0.44056275 1.48909544 -0.02748196
v -0.42341259 1.47936201 0.00155797
v -0.40276971 1.47059941 0.02974003
v -0.40811708 1.49542856 0.04174961
v -0.37785428 1.46093118 0.05746208
v -0.38077724 1.48723042 0.06882514
v -0.34727537 1.44740295 0.08490191
v -0.34733727 1.47334492 0.09672993
v -0.31317338 1.42926991 0.11229278
v -0.3103879 1.45416498 0.12507133
v -0.27818843 1.40804266 0.14018125
v -0.27377191 1.4321202 0.15387755
v -0.26933541 1.4561572 0.16767448
v -0.2407346 1.40800404 0.18404573
v -0.23573166 1.43157243 0.1984651
v -0.23059973 1.45513343 0.21327035
v -0.20533409 1.40646076 0.22919203
v -0.20014184 1.42996776 0.24439638
v -0.1951892 1.45328342 0.25971728
v -0.16850583 1.40601921 0.27193966
v -0.16266171 1.43048358 0.28598591
v -0.15859127 1.45641803 0.29896062
v -0.12738943 1.40947401 0.30647891
v -0.12403458 1.43789362 0.31850564
v -0.12371686 1.4691981 0.32952565
v -0.09021534 1.42162895 0.33623093
v -0.09125273 1.45567297 0.34692448
v -0.09343393 1.48879778 0.35712835
v -0.06031817 1.44447112 0.36334651
v -0.06241326 1.47832465 0.37392845
v -0.06396807 1.5089153 0.38424253
v -0.03170787 1.47133374 0.38830152
v -0.0326358 1.50109028 0.39882943
v -0.03335548 1.52896249 0.40960052
v 0 1.49773311 0.40615922
v -0 1.5250597 0.41705063
v 0 1.55196666 0.42805001
v -0 1.46908092 0.39532965
v -0.03051607 1.43625688 0.37676209
v 0 1.43270099 0.38316583
v -0.0295257 1.39792585 0.36428004
v -0 1.39345765 0.36996889
v -0.03002566 1.35882115 0.35000687
v 0 1.35389351 0.35442048
v -0.03183439 1.32212698 0.33367669
v 0 1.31623876 0.33698377
v -0.03364968 1.29099881 0.31319686
v 0 1.28460145 0.31464314
v -0.03573272 1.26420199 0.29173535
v 0 1.25771307 0.29182285
v -0.03731074 1.24081873 0.27052643
v -0 1.23495876 0.26965701
v -0.03832812 1.21914649 0.2499625
v -0 1.21392393 0.24833935
v -0.03905029 1.19932854 0.229823
v 0 1.19485497 0.22758786
v -0.03972755 1.18104565 0.20958574
v 0 1.17702174 0.20712302
v -0.04009274 1.16493082 0.18968784
v -0 1.16155493 0.18709377
v -0.03997802 1.15042591 0.16984076
v 0 1.14771556 0.16725166
v -0.03934538 1.13737011 0.15030024
v 0 1.13488256 0.14781093
v -0.03837253 1.12538218 0.13090056
v 0 1.12320172 0.12872964
v -0.03722793 1.11434435 0.11171842
v 0 1.11220324 0.10994964
v -0.03596926 1.10477352 0.09220518
v -0 1.10271143 0.09061405
v -0.03463387 1.0968995 0.07194828
v 0 1.09440624 0.07051225
v -0.03313782 1.09079241 0.05073742
v -0 1.08826446 0.04912508
v -0.03131406 1.08710849 0.02766359
v -0 1.08554852 0.0256989
v -0.02953792 1.08446848 0.00103229
v 0 1.08365511 -0.00178468
v -0.02854774 1.08303809 -0.03071732
v -0 1.08251214 -0.03475675
v -0.02959277 1.08314597 -0.06329121
v -0 1.08265805 -0.0660206
v -0.03067142 1.08468234 -0.09605837
v 0 1.08373713 -0.09792594
v -0.03124941 1.08785581 -0.1304408
v 0 1.08656013 -0.13165217
v -0.03136173 1.09660375 -0.16597494
v 0 1.09530544 -0.16685032
v -0.03138772 1.10812234 -0.2018032
v -0 1.10673606 -0.20239688
v -0.03129583 1.12245976 -0.2370947
v 0 1.12079525 -0.23758627
v -0.03136194 1.13729429 -0.27233785
v 0 1.13530111 -0.27281704
v -0.03167637 1.1517868 -0.30743876
v -0 1.14960169 -0.3078919
v -0.03209812 1.1662656 -0.34206536
v 0 1.16379523 -0.3425771
v -0.03257719 1.18047499 -0.37621647
v 0 1.1776278 -0.37682989
v -0.0332271 1.19351887 -0.41023999
v -0 1.1900841 -0.41099831
v -0.0338777 1.20594203 -0.44398555
v -0 1.20207405 -0.44478529
v -0.0344406 1.21781861 -0.47754141
v 0 1.2137053 -0.47823339
v -0.03503056 1.22851681 -0.51114088
v -0 1.22413253 -0.51172268
v -0.03584211 1.2371186 -0.5450533
v 0 1.23228371 -0.54555815
v -0.03668545 1.24466037 -0.57903891
v -0 1.23958563 -0.57940876
v -0.03762872 1.25067782 -0.6131435
v -0 1.24519491 -0.61339235
v -0.03865394 1.25581836 -0.6471942
v -0 1.25005567 -0.64728599
v -0.03983984 1.2593429 -0.68115514
v -0 1.25300169 -0.68112981
v -0.04125449 1.26158714 -0.71488601
v 0 1.2548182 -0.71471285
v -0.04287517 1.26172804 -0.7483434
v -0 1.2543528 -0.74801129
v -0.04463578 1.2601602 -0.7814387
v 0 1.25222849 -0.78094416
v -0.04655574 1.25674164 -0.81419825
v -0 1.24809849 -0.8134951
v -0.0488236 1.25073003 -0.84640419
v -0 1.24144733 -0.84543788
v -0.05113424 1.24295032 -0.87825244
v 0 1.23296809 -0.87704801
v -0.05361615 1.23310303 -0.9098109
v -0 1.22221136 -0.9082604
v -0.05630414 1.22118115 -0.94099456
v 0 1.209486 -0.93906211
v -0.05900352 1.20812666 -0.97207528
v -0 1.1955893 -0.96975499
v -0.06179856 1.1949985 -1.00308716
v 0 1.18133425 -1.00054919
v -0.06453593 1.18358004 -1.03423512
v -0 1.16850328 -1.03153073
v -0.06662726 1.17654788 -1.06579756
v 0 1.16030514 -1.06340622
v -0.06662316 1.17841291 -1.09792006
v 0 1.16258919 -1.09844434
v -0.06269615 1.19400739 -1.12498343
v -0 1.18049037 -1.12485563
v -0.05607193 1.21989631 -1.14314484
v -0 1.20672106 -1.14118075
v -0.04931452 1.2540152 -1.15387225
v 0 1.24487566 -1.15292668
v -0.04375488 1.29493677 -1.15934968
v -0 1.28957355 -1.15896391
v -0.03965924 1.34147989 -1.16049385
v 0 1.33830261 -1.16015207
v -0.03774243 1.39076709 -1.15785181
v -0 1.38897192 -1.15741455
v -0.03722696 1.44050931 -1.15211176
v -0 1.43919682 -1.15160417
v -0.03699287 1.48946487 -1.14396286
v 0 1.48820829 -1.1434611
v -0.03671712 1.53718519 -1.13399732
v 0 1.53587353 -1.13354563
v -0.0362285 1.58388841 -1.1225028
v 0 1.58256399 -1.1221106
v -0.03555454 1.6299889 -1.10965013
v 0 1.62868619 -1.10926795
v -0.03480813 1.67578911 -1.09559702
v 0 1.67452478 -1.09523105
v -0.0340504 1.72142112 -1.08039546
v -0 1.72023797 -1.08004999
v -0.03331756 1.76690113 -1.06404256
v -0 1.76583504 -1.06372249
v -0.03264058 1.8122096 -1.04647326
v 0 1.81128644 -1.04618549
v -0.03203795 1.85720717 -1.02762448
v 0 1.8564639 -1.02734708
v -0.03151732 1.90154421 -1.00742888
v 0 1.90091419 -1.0071783
v -0.03110207 1.94485759 -0.98577797
v 0 1.94432103 -0.98555088
v -0.03080586 1.98673367 -0.96255052
v 0 1.98632288 -0.96231776
v -0.03064022 2.02677297 -0.93756091
v -0 2.02653193 -0.93727397
v -0.03059873 2.06458854 -0.91057974
v 0 2.06463646 -0.91010212
v -0.03066907 2.09944248 -0.881778
v 0 2.09981322 -0.88104105
v -0.03080447 2.1303184 -0.85237145
v -0 2.13049244 -0.85187256
v -0.0309777 2.15875911 -0.82206249
v 0 2.15882372 -0.82170087
v -0.03116704 2.18579864 -0.7910701
v -0 2.18582034 -0.7906273
v -0.03132863 2.21222615 -0.75974738
v -0 2.21207594 -0.75919425
v -0.03145343 2.23853063 -0.728329
v -0 2.2383635 -0.72766244
v -0.03163056 2.26526784 -0.69701886
v 0 2.26506495 -0.6961556
v -0.03178528 2.29469728 -0.6685394
v 0 2.29424667 -0.66712772
v -0.03170724 2.33075904 -0.64846038
v 0 2.33087015 -0.64775621
v -0.03164501 2.37000751 -0.63311719
v 0 2.37043571 -0.63267761
v -0.03175671 2.41061592 -0.61936253
v 0 2.41130757 -0.61909931
v -0.03211783 2.45193719 -0.60557538
v 0 2.45281958 -0.60560596
v -0.0326852 2.49312305 -0.5907371
v 0 2.49413871 -0.59093552
v -0.03336556 2.53336501 -0.57374727
v 0 2.53448844 -0.57394719
v -0.03424449 2.5717957 -0.55384796
v -0 2.57306861 -0.55401825
v -0.0352799 2.60746431 -0.53063303
v 0 2.60889411 -0.53082478
v -0.036275 2.63955903 -0.50400114
v 0 2.64118313 -0.50434887
v -0.03709087 2.66780018 -0.47444149
v 0 2.6696465 -0.47484794
v -0.0376359 2.69219684 -0.44235321
v 0 2.69426679 -0.44269192
v -0.03803004 2.71280241 -0.40814298
v -0 2.71504402 -0.40843567
v -0.03824949 2.72947001 -0.37222564
v 0 2.73175382 -0.37245509
v -0.03824423 2.74232101 -0.33503893
v 0 2.74446606 -0.33521693
v -0.03789937 2.75188255 -0.29703992
v -0 2.75395393 -0.29729843
v -0.03725067 2.75880098 -0.25840026
v 0 2.76091337 -0.25882256
v -0.03646253 2.76385259 -0.21940892
v 0 2.76605033 -0.2198892
v -0.03588105 2.76829409 -0.18049153
v 0 2.77085208 -0.18097502
v -0.03548653 2.77166795 -0.14186836
v 0 2.7746489 -0.14241963
v -0.03495711 2.77407527 -0.10371007
v 0 2.77722644 -0.10455697
v -0.03402395 2.7773981 -0.06610176
v 0 2.77870822 -0.06689849
v -0.03213347 2.78118705 -0.02828707
v -0 2.77964592 -0.02865745
v -0.03089397 2.77949547 0.0110547
v 0 2.77831697 0.0110494
v -0.03062133 2.77578735 0.05140307
v 0 2.77516007 0.05172143
v -0.03063437 2.77124404 0.09134343
v 0 2.77100467 0.09183604
v -0.03059555 2.76555919 0.13053804
v 0 2.76533317 0.13115319
v -0.0304912 2.75843811 0.1690354
v -0 2.75837039 0.16978752
v -0.03038408 2.75010609 0.20710924
v -0 2.7501204 0.2080034
v -0.0303206 2.74038291 0.24493217
v 0 2.74033117 0.24591979
v -0.03019359 2.7291665 0.2828069
v 0 2.72930598 0.28386658
v -0.03003574 2.71603274 0.32098946
v -0 2.71606969 0.32201281
v -0.02995422 2.70100879 0.35948139
v 0 2.70117878 0.36049109
v -0.03000206 2.68405866 0.39780867
v -0 2.68436813 0.39882242
v -0.03019035 2.66504359 0.43536818
v -0 2.66530847 0.43624517
v -0.03047196 2.6440103 0.47154361
v 0 2.6443603 0.4724037
v -0.03078965 2.62109851 0.50572341
v -0 2.62159633 0.50664663
v -0.03104106 2.59637832 0.5374819
v 0 2.59684634 0.53834039
v -0.03107722 2.56988549 0.56705266
v 0 2.57022428 0.56786334
v -0.03092892 2.54143095 0.59478414
v -0 2.54166078 0.59557509
v -0.0306201 2.51056695 0.62076479
v 0 2.51076197 0.62158834
v -0.03028255 2.47777319 0.64578026
v 0 2.47776651 0.64645385
v -0.03005382 2.44438695 0.67128747
v -0 2.44417691 0.67182076
v -0.03006568 2.41130352 0.69825089
v -0 2.41110634 0.6988781
v -0.03031485 2.37753796 0.72504866
v 0 2.3772943 0.72571909
v -0.03080866 2.34176969 0.74899315
v 0 2.34127807 0.74941813
v -0.03163171 2.30509114 0.77076363
v -0 2.30401682 0.77041059
v -0.03256513 2.27141571 0.7960549
v 0 2.27063942 0.79628086
v -0.03330247 2.2399249 0.82382839
v 0 2.23938417 0.82429766
v -0.03378179 2.20917463 0.85300362
v -0 2.20880961 0.8536244
v -0.03430144 2.17808485 0.8829205
v 0 2.17790174 0.88384485
v -0.03563037 2.1466043 0.91252559
v -0 2.14648079 0.91394621
v -0.03770547 2.11472964 0.94044548
v 0 2.11463213 0.94245457
v -0.04012139 2.08169603 0.96532505
v -0 2.0814228 0.96787542
v -0.04246736 2.0462327 0.98338115
v 0 2.04533648 0.9859935
v -0.04332545 2.00784874 0.98772108
v 0 2.00650763 0.99016046
v -0.04249898 1.96976923 0.97615408
v 0 1.96806716 0.97832119
v -0.04088234 1.93507337 0.9533661
v -0 1.93308389 0.95521837
v -0.03889907 1.90483379 0.92320871
v 0 1.90262699 0.92472314
v -0.03600784 1.877671 0.88780206
v 0 1.8752706 0.88897246
v -0.03265084 1.85071158 0.84773719
v -0 1.84788191 0.84825229
v -0.03380197 1.82394945 0.80618488
v -0 1.81888151 0.8052625
v -0.04149997 1.80311465 0.76923841
v 0 1.79272246 0.7669819
v -0.04545371 1.79229652 0.73658436
v -0 1.77863502 0.73402309
v -0.04365094 1.79238975 0.70448744
v -0 1.78074574 0.70363271
v -0.03996906 1.79613077 0.67357111
v 0 1.78552413 0.67368149
v -0.08193316 1.81171906 0.70461708
v -0.07532203 1.8141427 0.67185813
v -0.11561949 1.83078229 0.70302403
v -0.10717819 1.83202707 0.66873556
v -0.14593544 1.84992134 0.70031213
v -0.13703626 1.84944331 0.66506266
v -0.12671461 1.85151302 0.63098412
v -0.16550689 1.86793077 0.66154432
v -0.15494573 1.86885809 0.62714922
v -0.14556556 1.86938571 0.59315735
v -0.1825681 1.88761794 0.6238414
v -0.17406058 1.88656711 0.59018027
v -0.16910098 1.88029956 0.55721318
v -0.1399872 1.86447882 0.56119716
v -0.16689638 1.86598563 0.52706313
v -0.13781774 1.85107111 0.53209412
v -0.16604605 1.84770619 0.49979645
v -0.13752907 1.83231413 0.50641983
v -0.16610157 1.82731652 0.47450423
v -0.13818268 1.8114885 0.48287013
v -0.16726276 1.80503881 0.45139288
v -0.13961191 1.78906929 0.46133881
v -0.16904375 1.78174853 0.42972236
v -0.14178904 1.76538002 0.44160711
v -0.1723003 1.75687933 0.41068321
v -0.14526152 1.7401551 0.42457652
v -0.1766043 1.73081529 0.3938958
v -0.14904628 1.71424734 0.4089863
v -0.18114942 1.70398545 0.37841886
v -0.20265555 1.74759066 0.37834724
v -0.20776593 1.72066915 0.36146536
v -0.2128818 1.6930195 0.34574255
v -0.23262558 1.73867094 0.34359473
v -0.23859749 1.71129858 0.32656455
v -0.24373397 1.68373692 0.31039065
v -0.2634159 1.73148989 0.3073244
v -0.27017051 1.70479393 0.29004675
v -0.27574446 1.67811584 0.2724795
v -0.29636335 1.72737324 0.27027073
v -0.30475828 1.70161783 0.25239038
v -0.31247431 1.67604458 0.23444595
v -0.33392581 1.72604608 0.23394718
v -0.34471216 1.70155417 0.21568122
v -0.35486912 1.67778825 0.19606635
v -0.37565037 1.72779357 0.19869402
v -0.38882401 1.70529174 0.17924797
v -0.40569177 1.75432419 0.18519137
v -0.42037645 1.7334721 0.16542628
v -0.4348635 1.7806003 0.17511084
v -0.45009976 1.76187038 0.15510562
v -0.46326667 1.80702436 0.16758309
v -0.47845435 1.79069709 0.14747425
v -0.493936 1.77552533 0.12838982
v -0.50708401 1.81927824 0.14277306
v -0.52189534 1.80671572 0.12294369
v -0.53675633 1.79529857 0.10396517
v -0.55002778 1.83727991 0.11819242
v -0.56445252 1.8275485 0.09835289
v -0.57843262 1.81901335 0.07865299
v -0.55096173 1.78559708 0.08507028
v -0.59194582 1.81156384 0.05904541
v -0.56441605 1.77787268 0.06657281
v -0.60443413 1.80531704 0.03890759
v -0.57738328 1.7716068 0.0480299
v -0.61636632 1.7996819 0.01849348
v -0.58973676 1.76634216 0.02938526
v -0.62782704 1.79422497 -0.00216219
v -0.60108548 1.76177287 0.01033783
v -0.57524573 1.72710204 0.01922304
v -0.61127734 1.75773167 -0.00910366
v -0.58495885 1.72451376 0.00113379
v -0.56138616 1.68948149 0.00480691
v -0.5934444 1.72236037 -0.01652825
v -0.5698384 1.68823742 -0.01141451
v -0.55303311 1.65590858 -0.01567391
v -0.57732129 1.68685913 -0.02671376
v -0.56203448 1.65637087 -0.03173317
v -0.55284375 1.63207101 -0.04394199
v -0.5418688 1.62886548 -0.02522973
v -0.5436396 1.6135199 -0.05979223
v -0.53225719 1.60654139 -0.03761271
v -0.53446006 1.59758484 -0.07692095
v -0.52212184 1.5879817 -0.05201152
v -0.52543693 1.58262622 -0.09430684
v -0.51229262 1.57120931 -0.0672376
v -0.5160824 1.5687108 -0.11219278
v -0.50269037 1.55533945 -0.08332881
v -0.50585174 1.55602359 -0.13092517
v -0.49269244 1.54081618 -0.10055029
v -0.47930494 1.52802693 -0.07037919
v -0.48196321 1.52740609 -0.11910082
v -0.46898898 1.51289284 -0.08799266
v -0.45550835 1.50003612 -0.05728597
v -0.45803782 1.49862217 -0.10704898
v -0.44499328 1.48424613 -0.07591915
v -0.431131 1.47102761 -0.04545435
v -0.43388471 1.46894335 -0.09591889
v -0.42081013 1.45408392 -0.06526572
v -0.40656206 1.43990695 -0.03495777
v -0.41548821 1.45887708 -0.01556506
v -0.39023834 1.42628133 -0.00487384
v -0.39713731 1.44738876 0.01375289
v -0.37058866 1.41286563 0.02492656
v -0.37471592 1.43593692 0.04239471
v -0.34594544 1.39840459 0.05410391
v -0.34732821 1.42205584 0.07075971
v -0.31699109 1.38131964 0.08288618
v -0.3157106 1.4047321 0.09842514
v -0.2859227 1.36117839 0.11184314
v -0.28252199 1.38419699 0.12640497
v -0.25524598 1.33818233 0.14156061
v -0.25082299 1.36101675 0.15583935
v -0.24574235 1.38442754 0.16981086
v -0.220941 1.33600676 0.1852937
v -0.21585123 1.35933172 0.19972699
v -0.21057653 1.38287758 0.21434581
v -0.18559227 1.33415615 0.22676129
v -0.18025291 1.35796952 0.24185399
v -0.1746068 1.38195633 0.25706544
v -0.14574827 1.33366215 0.26217144
v -0.13980417 1.35814797 0.2777251
v -0.13341383 1.38316941 0.29277721
v -0.10447068 1.33323597 0.29408073
v -0.09872083 1.36009872 0.31026417
v -0.09300802 1.38953971 0.32421344
v -0.06509898 1.33797705 0.32465666
v -0.06061454 1.37136995 0.33934086
v -0.05875156 1.40783608 0.35210171
v -0.06937176 1.30909407 0.30656758
v -0.10975213 1.30811333 0.27744066
v -0.07313562 1.28312087 0.2878178
v -0.1143497 1.28379964 0.26100328
v -0.07629011 1.25879907 0.26924508
v -0.11791501 1.26044035 0.24430674
v -0.07858553 1.23590266 0.25069519
v -0.1209485 1.23768508 0.22781173
v -0.08052234 1.21401166 0.23251399
v -0.12347881 1.21576595 0.2113064
v -0.08197476 1.19368434 0.21404966
v -0.12539753 1.19463586 0.19411535
v -0.08300212 1.17502594 0.19519826
v -0.12628801 1.17444372 0.17644673
v -0.08306816 1.15831661 0.17568172
v -0.12496756 1.15700411 0.15714834
v -0.08178076 1.14402532 0.15560996
v -0.12150748 1.14261555 0.13700276
v -0.07945358 1.13130116 0.13550314
v -0.11679273 1.13022911 0.11691664
v -0.07649082 1.12043309 0.115344
v -0.11115501 1.11994648 0.09687702
v -0.07326106 1.11118114 0.09521477
v -0.10530508 1.11105394 0.07716751
v -0.06988236 1.10327637 0.07494577
v -0.09950181 1.10307574 0.05740462
v -0.06641607 1.09646582 0.05416855
v -0.09378044 1.09580409 0.0367269
v -0.06282489 1.09078598 0.03201738
v -0.08820229 1.08951509 0.01370854
v -0.05915952 1.08655619 0.00688327
v -0.08380669 1.08597958 -0.01440826
v -0.05650058 1.08408439 -0.02340639
v -0.08391539 1.08562386 -0.04787696
v -0.05781436 1.08406138 -0.05701534
v -0.08810177 1.0896306 -0.08596518
v -0.06057569 1.08684516 -0.09204392
v -0.09042397 1.09866762 -0.12441778
v -0.06176378 1.09201622 -0.12794563
v -0.09058794 1.11049556 -0.16150541
v -0.06172362 1.10163414 -0.1640194
v -0.09045518 1.12340474 -0.19774912
v -0.06179195 1.11328661 -0.20025232
v -0.09028565 1.1385957 -0.23316809
v -0.06149496 1.12839889 -0.23554366
v -0.09080709 1.15417027 -0.26829707
v -0.06166449 1.14389634 -0.27070975
v -0.09201616 1.16938376 -0.30324515
v -0.06236675 1.15890193 -0.30575788
v -0.09365274 1.18433821 -0.33787235
v -0.06334319 1.17370212 -0.34037435
v -0.09541973 1.19914412 -0.37214818
v -0.06444302 1.18822431 -0.37454557
v -0.09719495 1.21350419 -0.40624636
v -0.0656573 1.20204269 -0.40848708
v -0.09889468 1.22727978 -0.44027948
v -0.06686487 1.21507358 -0.4423283
v -0.10044671 1.24063456 -0.47420212
v -0.06795578 1.22754633 -0.47607657
v -0.1020293 1.25314831 -0.50816118
v -0.06907825 1.23900699 -0.5098679
v -0.10397443 1.26397824 -0.5424304
v -0.0705088 1.24861109 -0.54395395
v -0.10604322 1.27370441 -0.57684665
v -0.07201176 1.2571069 -0.57816308
v -0.10843138 1.28214478 -0.61133724
v -0.07374487 1.26416564 -0.6125108
v -0.11116084 1.28958356 -0.64581447
v -0.07565794 1.27028346 -0.64682567
v -0.11437613 1.29583382 -0.68016213
v -0.07795076 1.2749468 -0.68103182
v -0.11798293 1.30066418 -0.71431219
v -0.08053743 1.27828812 -0.71502947
v -0.12197975 1.30404377 -0.74833476
v -0.08345239 1.27988708 -0.74879205
v -0.12652388 1.30561149 -0.78217428
v -0.08672186 1.2796967 -0.78228104
v -0.13154235 1.30537641 -0.81579661
v -0.09030079 1.27768576 -0.81543088
v -0.13708004 1.30322957 -0.84918898
v -0.09438359 1.27339041 -0.8482232
v -0.1430691 1.29912519 -0.88228148
v -0.09871409 1.26724314 -0.88067787
v -0.14933578 1.29320836 -0.91509985
v -0.10327284 1.25919413 -0.91283094
v -0.15582659 1.28562808 -0.94774782
v -0.10807161 1.24928617 -0.9447726
v -0.16250236 1.27684736 -0.98029464
v -0.11298877 1.23817026 -0.97665607
v -0.16911923 1.26798999 -1.01236414
v -0.11789244 1.22713804 -1.00820469
v -0.17543458 1.26030147 -1.0437479
v -0.12274336 1.21763527 -1.03948915
v -0.1802169 1.25560581 -1.07373762
v -0.12653139 1.21194934 -1.07026398
v -0.18122702 1.25655341 -1.10332
v -0.12692485 1.21353876 -1.10086536
v -0.17596808 1.2666397 -1.12997984
v -0.12128478 1.22632122 -1.12771058
v -0.16588971 1.28528714 -1.14998054
v -0.11149092 1.24857425 -1.14682877
v -0.15382835 1.31051302 -1.16007685
v -0.10074469 1.27748835 -1.15683674
v -0.14237383 1.3397547 -1.16403603
v -0.09125495 1.31184577 -1.1612432
v -0.13160818 1.3743602 -1.16411757
v -0.083401 1.35285735 -1.16192162
v -0.12284624 1.41391956 -1.16113948
v -0.0782236 1.39802551 -1.1592127
v -0.11701212 1.45717144 -1.15546309
v -0.07544469 1.44554305 -1.15353
v -0.11336257 1.50252807 -1.14739251
v -0.07420641 1.49359035 -1.14541661
v -0.11094271 1.54845523 -1.13732075
v -0.0734166 1.54101181 -1.13539171
v -0.10902416 1.59426474 -1.1255567
v -0.07242839 1.58757209 -1.12376022
v -0.10701832 1.63955926 -1.11247754
v -0.07112135 1.63349258 -1.11079287
v -0.10486979 1.68447089 -1.09821021
v -0.06966711 1.67905163 -1.09662997
v -0.10268458 1.72910285 -1.08282375
v -0.06819552 1.7243607 -1.08133721
v -0.10053261 1.77359032 -1.06630337
v -0.06676507 1.76949095 -1.06490683
v -0.09847682 1.81795024 -1.04860782
v -0.06541217 1.81445097 -1.04728364
v -0.09660607 1.86207318 -1.02966022
v -0.06419277 1.85910952 -1.02839994
v -0.09498433 1.90565216 -1.00938594
v -0.06314598 1.90316748 -1.00816988
v -0.09369675 1.94827342 -0.98770988
v -0.06230811 1.94621729 -0.98650914
v -0.09277135 1.98946619 -0.96452933
v -0.06170487 1.98781979 -0.96330785
v -0.09223802 2.02874922 -0.93969756
v -0.06136205 2.02753758 -0.93839824
v -0.09207681 2.06561851 -0.91310232
v -0.06126637 2.06489825 -0.91163033
v -0.09225148 2.09957838 -0.88481271
v -0.06139441 2.09930181 -0.88313746
v -0.09268865 2.13049507 -0.85524922
v -0.06167504 2.13031935 -0.85358971
v -0.06203716 2.15887165 -0.82314229
v -0.09325204 2.15899491 -0.8247646
v -0.09378612 2.18589949 -0.79392516
v -0.06240633 2.18585944 -0.79219287
v -0.12387536 2.13077545 -0.85734486
v -0.12463542 2.15906238 -0.8269031
v -0.12535591 2.18584346 -0.79622381
v -0.12594461 2.21210861 -0.76552152
v -0.094241 2.21228551 -0.76295697
v -0.15620756 2.15902042 -0.82955032
v -0.15708413 2.18556881 -0.7990033
v -0.15777686 2.21164941 -0.7685365
v -0.15839231 2.23779225 -0.73818039
v -0.12647232 2.23833894 -0.73490428
v -0.18895864 2.18500661 -0.80211913
v -0.18969667 2.21085071 -0.77177447
v -0.19037425 2.2368505 -0.74166929
v -0.19112235 2.26322746 -0.71188527
v -0.15906521 2.26419472 -0.70803457
v -0.22167509 2.20966339 -0.77507251
v -0.22239753 2.2354331 -0.74517858
v -0.22318989 2.26170754 -0.71574854
v -0.22408291 2.28901195 -0.68737673
v -0.19198232 2.29073715 -0.68338835
v -0.25445601 2.23347687 -0.74860268
v -0.25526598 2.25958323 -0.71945941
v -0.25616872 2.28671097 -0.69128239
v -0.25712594 2.31625413 -0.66569668
v -0.22495809 2.31978797 -0.66284149
v -0.28734338 2.256742 -0.72287285
v -0.28823971 2.28326368 -0.69450116
v -0.28923898 2.31159377 -0.66790521
v -0.29046073 2.34259319 -0.64430642
v -0.25824937 2.34866094 -0.64358472
v -0.32032871 2.27895379 -0.69730401
v -0.32129836 2.3057599 -0.66948092
v -0.32251071 2.33528351 -0.64443957
v -0.32420638 2.36759495 -0.62280416
v -0.29198825 2.37605667 -0.62396657
v -0.35352319 2.29938626 -0.67143702
v -0.3546518 2.32716608 -0.6448903
v -0.35631567 2.35808253 -0.62174332
v -0.3583596 2.39052605 -0.60039472
v -0.32612538 2.40119075 -0.60273319
v -0.38712191 2.31885266 -0.64617562
v -0.38860255 2.34772872 -0.62123519
v -0.39060476 2.37866163 -0.59846293
v -0.39305412 2.41011333 -0.57652247
v -0.36066716 2.42302322 -0.57930648
v -0.4215697 2.33679032 -0.62182861
v -0.4232904 2.36562657 -0.59735029
v -0.42571404 2.39589834 -0.57452321
v -0.42868229 2.42599701 -0.55162185
v -0.39610815 2.44091129 -0.55407577
v -0.45719134 2.35271644 -0.59825539
v -0.45929116 2.3811655 -0.57407367
v -0.46183502 2.41009926 -0.55020517
v -0.46471327 2.43935275 -0.52581107
v -0.43198981 2.45571589 -0.52746963
v -0.49405354 2.36672329 -0.57530432
v -0.49606126 2.39386439 -0.55005234
v -0.49848654 2.42220997 -0.52525407
v -0.50082403 2.45052957 -0.49923205
v -0.46757537 2.46836948 -0.49990135
v -0.53230643 2.3791089 -0.55295002
v -0.5339185 2.40537214 -0.52655643
v -0.53558921 2.43204665 -0.49968701
v -0.53729057 2.4589281 -0.47212472
v -0.50286215 2.47839164 -0.47153011
v -0.57145994 2.39055872 -0.53078496
v -0.57241904 2.41494464 -0.50248438
v -0.57344204 2.43961191 -0.4739606
v -0.57424068 2.46357345 -0.44451218
v -0.53833121 2.48450779 -0.44260409
v -0.61151194 2.4011271 -0.50845736
v -0.61180263 2.42320251 -0.47845017
v -0.61186605 2.44448852 -0.44790568
v -0.61179852 2.46467471 -0.41689992
v -0.57440382 2.48572158 -0.41357395
v -0.65219384 2.41155195 -0.4860579
v -0.65189689 2.43017768 -0.45410373
v -0.65134698 2.44745636 -0.42197483
v -0.65048933 2.4628129 -0.38944613
v -0.61130541 2.482445 -0.38490206
v -0.69360178 2.42169809 -0.4629457
v -0.69297319 2.43611049 -0.42922022
v -0.69192528 2.44902896 -0.39555245
v -0.69076335 2.46017265 -0.36197587
v -0.64992213 2.47648143 -0.35691896
v -0.73565197 2.43103575 -0.43817082
v -0.73478943 2.4419763 -0.40297159
v -0.73341918 2.45071458 -0.36785483
v -0.73141264 2.45717549 -0.33269199
v -0.68921279 2.46870994 -0.32812586
v -0.77809345 2.44000601 -0.41096159
v -0.77687305 2.44718313 -0.37408024
v -0.77477282 2.4519701 -0.33727604
v -0.77162897 2.45384526 -0.30050516
v -0.72869318 2.46124935 -0.29743725
v -0.8204866 2.44684839 -0.37992876
v -0.81845295 2.450248 -0.34141048
v -0.81500411 2.45053052 -0.30292251
v -0.81010496 2.44908523 -0.26460176
v -0.76735776 2.45396852 -0.26372775
v -0.86204397 2.44903373 -0.344424
v -0.85829883 2.44839358 -0.30435773
v -0.85273802 2.44595003 -0.26443973
v -0.84554547 2.44254732 -0.22453342
v -0.80377805 2.44684219 -0.22626842
v -0.90102905 2.44487953 -0.30417689
v -0.89469766 2.4419074 -0.26259845
v -0.88662004 2.4380908 -0.22128516
v -0.87692284 2.43371796 -0.18028424
v -0.83674466 2.43858742 -0.18483081
v -0.93581998 2.43553447 -0.25937733
v -0.92689168 2.43187689 -0.21666403
v -0.91643357 2.42761635 -0.17439764
v -0.9045248 2.42279672 -0.1327468
v -0.86571878 2.42892408 -0.13976833
v -0.96637851 2.42315697 -0.21082364
v -0.95512998 2.4192717 -0.16731955
v -0.94242686 2.41477823 -0.12448003
v -0.92834889 2.40926909 -0.08260373
v -0.89135301 2.4172182 -0.09197782
v -0.99270105 2.40832662 -0.15910814
v -0.97912192 2.40428113 -0.11505533
v -0.96406859 2.39907288 -0.07200127
v -0.9476484 2.39285326 -0.03005338
v -0.91302263 2.40290236 -0.0417299
v -1.01398062 2.39056444 -0.10475027
v -0.99794721 2.38590741 -0.06052257
v -0.98044878 2.38011956 -0.0174393
v -0.96172523 2.37388134 0.0245342
v -0.93007695 2.38618254 0.01081229
v -1.02928173 2.36865544 -0.04860211
v -1.01062083 2.36352109 -0.00445337
v -0.99057424 2.35753774 0.03848223
v -0.96908658 2.35042858 0.07984162
v -0.94145005 2.36610698 0.0648454
v -1.03806042 2.34356761 0.00893311
v -1.01666379 2.33804059 0.05271055
v -0.99384725 2.33159589 0.09499348
v -0.96991592 2.32507395 0.13584993
v -0.94649148 2.34330964 0.11985937
v -1.03965437 2.31547617 0.06690059
v -1.01548397 2.30963039 0.10989432
v -0.99021101 2.30361461 0.15136447
v -0.9640398 2.29825449 0.1915093
v -0.9452188 2.31904554 0.17535936
v -1.0336852 2.28466129 0.12393582
v -1.0071659 2.27929329 0.16598804
v -0.97969085 2.27455782 0.20657146
v -0.95120936 2.27074646 0.24571089
v -0.93684089 2.29378271 0.23041334
v -1.02046394 2.2523334 0.17910677
v -0.99194306 2.24827027 0.22004362
v -0.9623931 2.2451663 0.25937795
v -0.93176019 2.24324894 0.29747468
v -0.92158252 2.26799511 0.28378707
v -0.99994903 2.21954298 0.23117403
v -0.96970313 2.21733808 0.27086335
v -0.93848741 2.2163372 0.3090673
v -0.90649032 2.21644616 0.34600114
v -0.90014827 2.24255561 0.33451831
v -0.97247147 2.1878128 0.27926343
v -0.94103461 2.18760991 0.31774973
v -0.90908044 2.18852663 0.35487419
v -0.87670195 2.19040823 0.39058646
v -0.87396794 2.21758842 0.3817178
v -0.938708 2.15833234 0.32275039
v -0.90730655 2.15981698 0.36029619
v -0.87552171 2.16218566 0.3962939
v -0.84322857 2.16550827 0.43058699
v -0.84400469 2.19319725 0.4248346
v -0.89945244 2.13197088 0.36064091
v -0.868779 2.13449168 0.39703765
v -0.83757853 2.13813352 0.43185603
v -0.8057307 2.1424427 0.46503573
v -0.81046563 2.1694746 0.46330234
v -0.85501927 2.11022114 0.39142084
v -0.82516986 2.11373257 0.42662954
v -0.79461813 2.1180439 0.4603011
v -0.76356536 2.1226027 0.49257025
v -0.77339625 2.14709711 0.496661
v -0.80777275 2.09386539 0.41662034
v -0.77850961 2.09795093 0.45051351
v -0.74857008 2.10250139 0.48300129
v -0.71837216 2.10671663 0.51442134
v -0.73220813 2.12714409 0.52349144
v -0.75989115 2.08125734 0.43862348
v -0.73099285 2.08578944 0.47110492
v -0.70174634 2.08990287 0.50265443
v -0.67234504 2.09306597 0.53360325
v -0.68811261 2.11006069 0.54509395
v -0.71202957 2.07129287 0.45854571
v -0.68365079 2.07541608 0.49009698
v -0.65499961 2.07854294 0.52115202
v -0.62627387 2.08022308 0.55183386
v -0.64296364 2.09491014 0.56415271
v -0.66474711 2.06232905 0.47757178
v -0.63674962 2.06556463 0.50860929
v -0.60861957 2.06718778 0.53927099
v -0.58062905 2.06664419 0.56943827
v -0.59766316 2.07997179 0.58214557
v -0.61797112 2.05358648 0.49631458
v -0.59040689 2.05530548 0.52684032
v -0.56295859 2.05457925 0.55673992
v -0.53585177 2.0514276 0.58563935
v -0.55295634 2.0636878 0.59890788
v -0.57197678 2.04426717 0.51486629
v -0.54499507 2.04353499 0.54441595
v -0.51836043 2.04017448 0.57255297
v -0.49201503 2.03465485 0.59903311
v -0.50887811 2.0460155 0.61324399
v -0.52682 2.03308033 0.53265696
v -0.5007295 2.02970838 0.55989122
v -0.47495657 2.02418112 0.58498424
v -0.44871938 2.01691556 0.60852128
v -0.46515625 2.02727484 0.62417233
v -0.4830653 2.01985025 0.54772394
v -0.45795023 2.01446151 0.57119387
v -0.43223363 2.00738406 0.59273481
v -0.40520709 1.99863839 0.61274802
v -0.42127946 2.00778198 0.63074916
v -0.44111451 2.00532031 0.55761438
v -0.41606167 1.99857938 0.57679969
v -0.38955041 1.99038326 0.59413278
v -0.36168772 1.98086893 0.60893452
v -0.37682169 1.9882344 0.63066589
v -0.40053233 1.99014473 0.55977273
v -0.37476748 1.98251962 0.57346701
v -0.34779289 1.97374939 0.58437049
v -0.32041627 1.96407103 0.5930438
v -0.33301323 1.97020578 0.62115657
v -0.36178112 1.97456324 0.54942333
v -0.33623373 1.96639454 0.55658698
v -0.30987471 1.95710051 0.56282424
v -0.28306287 1.94662761 0.5691142
v -0.29246071 1.95356464 0.60076177
v -0.32709485 1.95742619 0.52631366
v -0.30172842 1.94784975 0.53125548
v -0.27600967 1.93674087 0.53676837
v -0.24988049 1.92446184 0.54252165
v -0.25595825 1.934417 0.57545113
v -0.29651004 1.93476975 0.49938544
v -0.27149105 1.92315697 0.50461077
v -0.24617587 1.91033577 0.51027506
v -0.2207634 1.89612102 0.51623743
v -0.22381646 1.91027522 0.54830277
v -0.26971268 1.9054569 0.47384229
v -0.24472023 1.89231634 0.47988614
v -0.21948167 1.87792134 0.48652988
v -0.1933999 1.8629595 0.49324643
v -0.19463069 1.88104403 0.52198267
v -0.24473568 1.87202024 0.45123791
v -0.21936827 1.85757827 0.45878267
v -0.19333371 1.84250223 0.46671387
v -0.22007067 1.83601999 0.43247395
v -0.19407022 1.8206923 0.4417898
v -0.22168731 1.81335306 0.40766301
v -0.19585052 1.79757285 0.41863152
v -0.22372882 1.7899512 0.38394251
v -0.19851338 1.77335906 0.39717984
v -0.22716443 1.76513302 0.36230021
v -0.24840141 1.80678021 0.37132608
v -0.25126385 1.78330135 0.34713536
v -0.25640377 1.75812792 0.32577472
v -0.27644443 1.80107867 0.33424946
v -0.28101986 1.77786374 0.31009465
v -0.28805863 1.75299251 0.28901314
v -0.30762016 1.79673683 0.29775071
v -0.31409946 1.77448797 0.27359196
v -0.3232831 1.75064277 0.25263804
v -0.34184032 1.79501497 0.26188564
v -0.35105323 1.77355551 0.2385343
v -0.36267292 1.75094413 0.21780176
v -0.37956577 1.79602801 0.22759117
v -0.39171403 1.77548384 0.20541615
v -0.40837314 1.81766426 0.21964027
v -0.42048341 1.79970324 0.19603274
v -0.43785411 1.83807849 0.21501398
v -0.44938859 1.82330226 0.18984615
v -0.46787834 1.85829258 0.21256744
v -0.4790042 1.84646272 0.18661227
v -0.49249929 1.83283007 0.16371983
v -0.50940197 1.86901569 0.18545711
v -0.52194196 1.85872662 0.16121271
v -0.53569579 1.84784293 0.13893534
v -0.55265873 1.88272488 0.16078047
v -0.56547397 1.87457191 0.13681393
v -0.57905775 1.86620366 0.11433492
v -0.59631222 1.89905023 0.13613802
v -0.60922813 1.89271926 0.11173781
v -0.62263566 1.88595187 0.0882954
v -0.59304112 1.85785889 0.0929519
v -0.63621306 1.878919 0.0654104
v -0.60683018 1.8500365 0.07190214
v -0.64949142 1.87199413 0.04257535
v -0.6203016 1.84277582 0.05086557
v -0.66228222 1.86532104 0.01935679
v -0.63294839 1.83625686 0.02928556
v -0.67372548 1.85939216 -0.00500778
v -0.64476966 1.83027935 0.00699126
v -0.68413686 1.85359299 -0.03016763
v -0.65596967 1.82437157 -0.01578356
v -0.69306421 1.84772169 -0.05625061
v -0.66610103 1.81842649 -0.03940687
v -0.63858896 1.78877162 -0.0233639
v -0.67427855 1.81260967 -0.06451571
v -0.64759671 1.78367579 -0.04601902
v -0.62013769 1.75409889 -0.02924257
v -0.65442538 1.77885437 -0.07065208
v -0.62817919 1.75019836 -0.05076908
v -0.60139888 1.71996867 -0.03435183
v -0.63499039 1.74565684 -0.07447935
v -0.6087591 1.71707296 -0.05323296
v -0.58410078 1.6853919 -0.04159463
v -0.57036495 1.6580441 -0.04781677
v -0.5735476 1.64869904 -0.0869658
v -0.56243193 1.63838374 -0.06401557
v -0.56744313 1.63709175 -0.10857939
v -0.55458414 1.62355756 -0.08308603
v -0.56059908 1.62579834 -0.12979944
v -0.54682618 1.61001718 -0.10246557
v -0.55254936 1.61477398 -0.15084551
v -0.53858655 1.59714019 -0.1218334
v -0.5439732 1.60374295 -0.17206761
v -0.52945786 1.58502292 -0.14153724
v -0.53454339 1.59291684 -0.19356049
v -0.51957404 1.57337331 -0.16174006
v -0.52409285 1.58212041 -0.21505206
v -0.5091238 1.56175243 -0.18226194
v -0.49516898 1.54366469 -0.15044029
v -0.49811574 1.54995214 -0.20299951
v -0.48401612 1.53113162 -0.17049451
v -0.4707781 1.51416778 -0.13860446
v -0.47241002 1.51835119 -0.1909343
v -0.45907563 1.50069379 -0.15870489
v -0.4464063 1.48442339 -0.1270429
v -0.44694131 1.48715961 -0.17924593
v -0.43412691 1.4701389 -0.14745003
v -0.42168796 1.45400011 -0.11632743
v -0.42159682 1.45584213 -0.16817727
v -0.40909501 1.43894648 -0.13684384
v -0.39665943 1.42257714 -0.1061334
v -0.40903607 1.43827438 -0.08568627
v -0.38383209 1.4062587 -0.07568705
v -0.39572119 1.42274189 -0.05528955
v -0.37037289 1.38982391 -0.04523048
v -0.38122481 1.40732669 -0.02492361
v -0.35561329 1.37319982 -0.0143991
v -0.36417451 1.39213204 0.00551643
v -0.33785554 1.35616207 0.01706833
v -0.34317663 1.37633311 0.03601399
v -0.31577596 1.33785152 0.04879033
v -0.31697613 1.35910201 0.06608
v -0.28913623 1.31795954 0.07990865
v -0.28777205 1.33927857 0.09600069
v -0.26053378 1.29514586 0.1107048
v -0.25833296 1.31624949 0.12636943
v -0.23166361 1.26939988 0.14011903
v -0.22899544 1.29088342 0.1555486
v -0.22542183 1.31312131 0.17065495
v -0.19762593 1.26525986 0.18096256
v -0.19432565 1.28766608 0.19638037
v -0.19038321 1.31067144 0.21174752
v -0.15909637 1.26294851 0.21534617
v -0.15562018 1.28588247 0.2312922
v -0.15114201 1.30948543 0.24682009
v -0.16201992 1.24055326 0.19950765
v -0.2002252 1.24334263 0.16536831
v -0.16426509 1.21865177 0.18322022
v -0.20167753 1.22217702 0.14917041
v -0.16545538 1.19748151 0.16656588
v -0.20145635 1.20225322 0.13280353
v -0.16494053 1.17783427 0.14932416
v -0.19971701 1.18335938 0.11633378
v -0.16197127 1.16063499 0.13107889
v -0.19512035 1.16628146 0.09957537
v -0.15678203 1.14547359 0.11263221
v -0.18825914 1.15059423 0.08332959
v -0.14983966 1.1321032 0.09432789
v -0.17970441 1.13614845 0.06797319
v -0.14144522 1.12100696 0.07619616
v -0.16920071 1.12393546 0.0530138
v -0.13295173 1.11109471 0.05833069
v -0.1577627 1.11313128 0.03807195
v -0.12465648 1.10260105 0.03986183
v -0.14679126 1.10385727 0.02235215
v -0.11694099 1.09531009 0.01981507
v -0.13802415 1.09655523 0.00389563
v -0.11086862 1.08962476 -0.0043129
v -0.13296118 1.09312224 -0.02383201
v -0.10863292 1.08842396 -0.03637334
v -0.13537086 1.09871614 -0.06586189
v -0.11273157 1.09351754 -0.07717124
v -0.13969971 1.11320757 -0.10991762
v -0.11634232 1.1060096 -0.11832539
v -0.14249071 1.13033115 -0.15143397
v -0.1178337 1.12045097 -0.1576727
v -0.14371216 1.14776086 -0.18978966
v -0.11791318 1.13554132 -0.19448655
v -0.14458361 1.16462814 -0.22582359
v -0.11799456 1.15130806 -0.22998887
v -0.14600133 1.1810882 -0.26093587
v -0.11888069 1.1670959 -0.26501548
v -0.14817273 1.19700884 -0.2957943
v -0.12056491 1.18250691 -0.2998512
v -0.15085424 1.2125504 -0.33058041
v -0.12277479 1.19764649 -0.33450105
v -0.15372061 1.22797524 -0.36529734
v -0.12515726 1.21266639 -0.36899572
v -0.1566154 1.2433108 -0.39987686
v -0.12752069 1.22745609 -0.40338683
v -0.15948909 1.25852131 -0.43424886
v -0.12978473 1.24195599 -0.43766039
v -0.16232706 1.27341783 -0.46842366
v -0.13188692 1.25616705 -0.47175172
v -0.16519707 1.28770983 -0.50257211
v -0.13400512 1.26969957 -0.50585198
v -0.16835224 1.30093884 -0.53680646
v -0.13650184 1.28174758 -0.54020428
v -0.17177616 1.31330537 -0.57108539
v -0.13919232 1.29280269 -0.57465183
v -0.1756961 1.32465636 -0.60542631
v -0.1423234 1.3026719 -0.60911977
v -0.18011198 1.33515882 -0.63979369
v -0.14586512 1.31162643 -0.6435706
v -0.18501864 1.34462976 -0.67402404
v -0.1499243 1.31946563 -0.67794168
v -0.19039025 1.35300123 -0.70820194
v -0.15442851 1.32605004 -0.71218347
v -0.1962289 1.3599751 -0.74234432
v -0.15940389 1.33124709 -0.74632227
v -0.20258525 1.36542463 -0.77662146
v -0.16498747 1.33473253 -0.78042
v -0.20951211 1.36928653 -0.81100332
v -0.17113661 1.33651256 -0.81445604
v -0.21713648 1.37133216 -0.84537363
v -0.1778613 1.33653831 -0.84839135
v -0.2253458 1.37158775 -0.87968349
v -0.18513937 1.33461272 -0.88212019
v -0.23404678 1.3700993 -0.91370874
v -0.19277522 1.3309102 -0.9155761
v -0.24317225 1.36703443 -0.94727444
v -0.20069564 1.32560038 -0.94871711
v -0.25258562 1.36284339 -0.98036187
v -0.20882275 1.31917512 -0.98163431
v -0.26183748 1.35824561 -1.01297903
v -0.21683327 1.31253552 -1.014122
v -0.27039027 1.35373175 -1.04480099
v -0.22430768 1.30654823 -1.04574024
v -0.27720779 1.35010886 -1.07482314
v -0.23004548 1.3024261 -1.07549858
v -0.28072327 1.34931135 -1.10248196
v -0.23229748 1.30230999 -1.10399198
v -0.27932733 1.35402441 -1.12861049
v -0.22864158 1.30968356 -1.13039541
v -0.27185571 1.36645269 -1.150339
v -0.21961879 1.32506954 -1.15133738
v -0.25986596 1.3857932 -1.16350746
v -0.20718222 1.34737467 -1.16257464
v -0.24635045 1.40899992 -1.16837739
v -0.1944015 1.37334358 -1.166574
v -0.23290427 1.43506646 -1.16846799
v -0.18198509 1.40329849 -1.16652798
v -0.2198725 1.46557521 -1.16542875
v -0.17071162 1.4379239 -1.16331553
v -0.20859797 1.49989986 -1.15972423
v -0.16176354 1.47622382 -1.15756285
v -0.19986429 1.53721308 -1.15178811
v -0.15542256 1.51766848 -1.1495248
v -0.19301687 1.57696795 -1.14178013
v -0.15093743 1.56078004 -1.13947296
v -0.18740661 1.61785078 -1.13010537
v -0.1472422 1.60452806 -1.12768471
v -0.18250909 1.65952277 -1.11700379
v -0.143982 1.64835703 -1.11455678
v -0.17807117 1.70145213 -1.10267496
v -0.14088776 1.69204592 -1.10023355
v -0.17387601 1.74347984 -1.08720254
v -0.13783644 1.73558044 -1.08478689
v -0.16988304 1.78570342 -1.07056617
v -0.13485465 1.77907812 -1.06819963
v -0.16610145 1.82812023 -1.05275666
v -0.13198998 1.8225609 -1.05043029
v -0.16265161 1.87061166 -1.03368985
v -0.12937012 1.86593437 -1.03141593
v -0.15968993 1.91282653 -1.01331114
v -0.12712827 1.90889167 -1.01109635
v -0.15737496 1.95424294 -0.99157893
v -0.12534898 1.95096194 -0.98940026
v -0.15573817 1.99427676 -0.96842181
v -0.12408977 1.99162888 -0.96623539
v -0.15478162 2.03237175 -0.94371163
v -0.12335357 2.03038001 -0.9414829
v -0.15445324 2.06802773 -0.9173305
v -0.12311506 2.06669569 -0.91502487
v -0.15465724 2.10092425 -0.88929623
v -0.12331867 2.10015201 -0.88685834
v -0.15531173 2.1311202 -0.85987186
v -0.18631562 2.10182476 -0.89208388
v -0.18702626 2.13146138 -0.86275309
v -0.18801769 2.15880632 -0.83252596
v -0.21899381 2.13172245 -0.86587363
v -0.2199729 2.15843749 -0.83572793
v -0.22091095 2.1841607 -0.80535292
v -0.25206342 2.15806627 -0.83910244
v -0.25294303 2.18303179 -0.80861771
v -0.25371557 2.20800185 -0.7783128
v -0.28505119 2.18174147 -0.81190884
v -0.2857885 2.20592403 -0.78149485
v -0.28653103 2.23102808 -0.75193262
v -0.31786787 2.20386838 -0.78496414
v -0.31861874 2.22826552 -0.7553339
v -0.31943929 2.25337481 -0.72617018
v -0.35069471 2.22577405 -0.75931763
v -0.35157403 2.2498424 -0.72976231
v -0.35252898 2.27405977 -0.70016378
v -0.38379728 2.24698782 -0.73446327
v -0.38493454 2.26949071 -0.70397692
v -0.38604545 2.29300642 -0.67416226
v -0.41764605 2.26625728 -0.70969915
v -0.41914129 2.28726887 -0.67854392
v -0.4203732 2.31073713 -0.649082
v -0.45271584 2.28312635 -0.68522161
v -0.45439609 2.30352544 -0.65404301
v -0.45575499 2.326581 -0.62481558
v -0.48917782 2.29876208 -0.66198158
v -0.49105978 2.31853437 -0.6309309
v -0.49256444 2.34163522 -0.60233902
v -0.5273993 2.3131175 -0.64031249
v -0.52942103 2.33285951 -0.6097266
v -0.53089135 2.35478687 -0.58049595
v -0.56724143 2.32743716 -0.62066483
v -0.56914436 2.34601736 -0.58931219
v -0.57040983 2.36707854 -0.55927616
v -0.60842233 2.34152007 -0.60193431
v -0.6100229 2.35977816 -0.56993681
v -0.61097103 2.37944126 -0.53866994
v -0.65022718 2.35617256 -0.58348727
v -0.65148675 2.37376785 -0.55045604
v -0.65212667 2.39225006 -0.51794481
v -0.69240355 2.37140631 -0.56435817
v -0.69338214 2.38846659 -0.53032594
v -0.69376462 2.40552711 -0.49658331
v -0.73486214 2.38722753 -0.54378151
v -0.73566544 2.40345597 -0.50868433
v -0.73592561 2.41843485 -0.47355845
v -0.77766835 2.40298557 -0.52097255
v -0.77839648 2.41792225 -0.48462149
v -0.7785843 2.43030929 -0.44787216
v -0.82094889 2.41778326 -0.49497252
v -0.8215537 2.43053603 -0.45698449
v -0.82145124 2.44019269 -0.41849923
v -0.86460459 2.43009877 -0.46480533
v -0.86480248 2.44013261 -0.42487955
v -0.86405807 2.44646978 -0.38466349
v -0.90823823 2.43803477 -0.42981302
v -0.90756827 2.44429016 -0.38803821
v -0.90532064 2.44617629 -0.3460282
v -0.95085263 2.43885898 -0.38971445
v -0.94800698 2.4402194 -0.34604838
v -0.94294071 2.4385159 -0.30253779
v -0.98983937 2.43094825 -0.34448364
v -0.98394405 2.42928433 -0.2994917
v -0.97605729 2.42654156 -0.25490042
v -1.02394521 2.41708469 -0.29514417
v -1.01526141 2.41471767 -0.24924981
v -1.00480043 2.41178417 -0.20388481
v -1.05310642 2.39976787 -0.2424201
v -1.0416212 2.39721298 -0.19588092
v -1.02847695 2.39409041 -0.14996552
v -1.076334 2.37878131 -0.18691307
v -1.06204104 2.37594699 -0.14004743
v -1.04639232 2.37269926 -0.09387347
v -1.09294068 2.35425877 -0.12932509
v -1.07610666 2.35143017 -0.08232299
v -1.05785274 2.34797835 -0.03616416
v -1.10249471 2.32678699 -0.0703459
v -1.08314585 2.32398891 -0.02347773
v -1.06223678 2.32028913 0.02235656
v -1.10438895 2.2966113 -0.01116535
v -1.08243393 2.29364299 0.03513693
v -1.05884146 2.28963232 0.08026221
v -1.09796226 2.26394486 0.04683322
v -1.07366073 2.26086998 0.09231933
v -1.0477786 2.25681448 0.13649068
v -1.08247304 2.2292428 0.10234645
v -1.05647969 2.22622346 0.14671652
v -1.02894067 2.2227087 0.18974441
v -1.05863475 2.19374871 0.15409842
v -1.03152549 2.19135642 0.19724728
v -1.00288319 2.18923449 0.23916253
v -1.02701568 2.15946316 0.20124372
v -0.9991824 2.15831947 0.24313992
v -0.96963614 2.15782165 0.28376087
v -0.98787951 2.129009 0.24311009
v -0.95967292 2.12927889 0.28367158
v -0.92986959 2.13028812 0.32283893
v -0.94151449 2.1051855 0.2783654
v -0.9133861 2.10638976 0.3171792
v -0.88438224 2.10793209 0.35486191
v -0.89191854 2.08697867 0.30786576
v -0.86453175 2.0884509 0.34510961
v -0.83641427 2.09064197 0.38141453
v -0.84229594 2.07195997 0.33401686
v -0.81561607 2.07396102 0.36998891
v -0.78806859 2.07720899 0.40485876
v -0.79348903 2.05919432 0.35825473
v -0.76711881 2.06250858 0.39273574
v -0.73995637 2.06666588 0.42622476
v -0.7453714 2.04919004 0.38077843
v -0.71926021 2.05340647 0.41394764
v -0.6922971 2.05809021 0.44607389
v -0.69805461 2.04094839 0.40204364
v -0.67205023 2.04564905 0.43398392
v -0.64534378 2.05008006 0.46541589
v -0.65144902 2.03367185 0.42247781
v -0.62565511 2.0383234 0.45378196
v -0.59905284 2.04216861 0.48454484
v -0.6058228 2.02687525 0.44272661
v -0.58001589 2.0310769 0.47338569
v -0.55340164 2.03361702 0.5034995
v -0.56089794 2.02025556 0.46285784
v -0.53485453 2.02317619 0.49289774
v -0.50855362 2.02305674 0.52166438
v -0.51629865 2.01327157 0.48312979
v -0.49027532 2.01348543 0.51167857
v -0.46547624 2.01050615 0.53613132
v -0.47213044 2.00454664 0.50286722
v -0.44832223 2.00170278 0.52520763
v -0.42485386 1.99663662 0.54382979
v -0.43201541 1.99325418 0.51366353
v -0.40966802 1.98812079 0.52817642
v -0.38634979 1.98177814 0.54000723
v -0.39674562 1.97955799 0.50947177
v -0.37470719 1.9730184 0.51634073
v -0.35149994 1.96569001 0.5216552
v -0.36716312 1.96251893 0.48835107
v -0.34475499 1.95445537 0.49122417
v -0.32108891 1.94517326 0.49489721
v -0.34185376 1.93928372 0.45986121
v -0.31845346 1.92896366 0.46367654
v -0.2943536 1.91762495 0.46840274
v -0.31824731 1.9106059 0.43291375
v -0.29416158 1.89844846 0.43828147
v -0.26966393 1.88554394 0.44443181
v -0.29501789 1.87881612 0.40862554
v -0.27037751 1.86511075 0.41570299
v -0.24549911 1.85078811 0.42376047
v -0.27154278 1.84449338 0.3874318
v -0.24652871 1.82927334 0.3968662
v -0.2735039 1.82318782 0.36020907
v -0.29674094 1.85893654 0.37952631
v -0.29943865 1.83857941 0.35124504
v -0.30295622 1.81795418 0.32386612
v -0.32562539 1.8532257 0.34393376
v -0.32997244 1.83407676 0.31553319
v -0.33507493 1.81504583 0.2878375
v -0.35724815 1.84937012 0.30903172
v -0.36305895 1.83239412 0.28027132
v -0.37013787 1.81500411 0.252698
v -0.39170432 1.84846019 0.27512806
v -0.39916682 1.83357453 0.24655257
v -0.42036786 1.86432004 0.27147549
v -0.4286431 1.85129368 0.24268028
v -0.44908869 1.88024437 0.2690832
v -0.4582839 1.86910378 0.24035596
v -0.47828906 1.89610791 0.26828205
v -0.4883486 1.88693141 0.23968951
v -0.49856486 1.87798428 0.21201409
v -0.51897949 1.90416729 0.24106118
v -0.52975624 1.89713561 0.21319904
v -0.54074913 1.89030706 0.18623217
v -0.5612092 1.91490197 0.21604962
v -0.572618 1.90962672 0.18855297
v -0.58411514 1.90466058 0.1617742
v -0.60431915 1.92758321 0.19178056
v -0.61604344 1.92449998 0.16385382
v -0.62802934 1.92102205 0.13667753
v -0.64807617 1.94233417 0.16683992
v -0.66033977 1.94047987 0.13816294
v -0.67280012 1.93772649 0.11003945
v -0.64054948 1.91659998 0.11038921
v -0.68548685 1.9342302 0.08221579
v -0.65345716 1.91142225 0.0847205
v -0.69834476 1.92981529 0.0546735
v -0.66662704 1.90557241 0.05959831
v -0.71104496 1.92462885 0.02716889
v -0.67953664 1.89946079 0.034496
v -0.72246861 1.91988551 -0.00094723
v -0.69175595 1.89342749 0.00895982
v -0.73278677 1.91516971 -0.02973556
v -0.70246589 1.8880527 -0.0176305
v -0.741755 1.9103527 -0.05922469
v -0.71225756 1.88245666 -0.04494436
v -0.74965727 1.90462255 -0.08896622
v -0.72064423 1.87650919 -0.07290087
v -0.75664216 1.89744174 -0.11855393
v -0.72794258 1.86957907 -0.10120828
v -0.70068448 1.84127473 -0.08315617
v -0.73380482 1.86180639 -0.1298106
v -0.70651084 1.8343575 -0.1109265
v -0.68014448 1.80681181 -0.09115883
v -0.71047073 1.826756 -0.13930657
v -0.68461495 1.79998552 -0.11893559
v -0.65992236 1.77300214 -0.09720265
v -0.68720948 1.79191505 -0.14713729
v -0.66337055 1.76557922 -0.12491957
v -0.63943076 1.73955833 -0.1008773
v -0.66320437 1.75696754 -0.15237754
v -0.64005339 1.73137927 -0.12780982
v -0.65907132 1.74829351 -0.17817734
v -0.6367557 1.72227263 -0.15267621
v -0.65160435 1.74034869 -0.20288948
v -0.63009393 1.71387398 -0.17616376
v -0.60939174 1.68825185 -0.14701917
v -0.62230598 1.70511651 -0.19909223
v -0.60245108 1.67933368 -0.16932837
v -0.5837953 1.65595603 -0.13815778
v -0.58948755 1.66539752 -0.11576353
v -0.59459608 1.66976428 -0.19149011
v -0.57660508 1.6461091 -0.16005934
v -0.58653348 1.65958094 -0.21376514
v -0.5685969 1.63583576 -0.18201881
v -0.57818269 1.64900696 -0.23623926
v -0.56038558 1.62522661 -0.20402593
v -0.56790393 1.63907444 -0.25881224
v -0.55067962 1.61497592 -0.22616067
v -0.55667132 1.62891101 -0.28144738
v -0.53985667 1.60462594 -0.24826365
v -0.54511576 1.61804366 -0.30412897
v -0.52858591 1.59376895 -0.27021157
v -0.51300787 1.57092845 -0.23639567
v -0.51744139 1.58205199 -0.29228019
v -0.50178957 1.55920314 -0.25788658
v -0.4867683 1.53791582 -0.2239985
v -0.49056124 1.54697823 -0.27979871
v -0.47529122 1.52563977 -0.24545511
v -0.46058803 1.50557136 -0.21186256
v -0.46336603 1.51340484 -0.26742783
v -0.44862148 1.49299013 -0.23346436
v -0.4346652 1.47376489 -0.20036748
v -0.43624785 1.48058092 -0.25579786
v -0.42231667 1.46069395 -0.22221139
v -0.4090929 1.44185066 -0.18951821
v -0.40969401 1.44781923 -0.24494431
v -0.39661553 1.42827868 -0.21179162
v -0.38401228 1.40958333 -0.17933586
v -0.39650401 1.42402267 -0.15769195
v -0.37177619 1.39162254 -0.14751218
v -0.38422483 1.40685021 -0.12654909
v -0.35956406 1.37388753 -0.11605749
v -0.37179258 1.38981688 -0.09577415
v -0.34711095 1.35612595 -0.08466044
v -0.35894179 1.372689 -0.06502898
v -0.33419108 1.33812236 -0.05292031
v -0.3453114 1.35529363 -0.03387424
v -0.32029721 1.31965875 -0.02060849
v -0.32991117 1.33743572 -0.00198166
v -0.304232 1.30015111 0.01245681
v -0.31120029 1.31843292 0.0306569
v -0.28434416 1.27931547 0.04568895
v -0.28808486 1.29802727 0.06308483
v -0.26024043 1.25584936 0.0780441
v -0.26134774 1.27503621 0.09466722
v -0.23298923 1.22919714 0.10792177
v -0.23323553 1.24874961 0.12427056
v -0.25780791 1.23713779 0.06136202
v -0.23150819 1.21023738 0.09169016
v -0.25425106 1.2187922 0.04510545
v -0.22824533 1.19222188 0.07589876
v -0.24854593 1.20140063 0.02941758
v -0.22221618 1.17550444 0.06054174
v -0.24045726 1.18545258 0.01493079
v -0.21456956 1.15983867 0.04691816
v -0.23172126 1.16978502 0.00212187
v -0.20527523 1.14491856 0.03464614
v -0.22209651 1.15470933 -0.00856064
v -0.19392876 1.13121759 0.02372994
v -0.21036404 1.14027905 -0.01790967
v -0.18069288 1.11885869 0.01317616
v -0.19709071 1.12751281 -0.02653624
v -0.16707861 1.10823154 0.00132142
v -0.22713074 1.16323673 -0.06053379
v -0.21354559 1.14974236 -0.07075278
v -0.19845454 1.13781201 -0.08100781
v -0.2233325 1.17080164 -0.11544113
v -0.20586432 1.15950167 -0.12599071
v -0.18620245 1.14958798 -0.13542285
v -0.18149107 1.12842845 -0.09194629
v -0.16500929 1.14004731 -0.14381472
v -0.1616808 1.12020516 -0.10072034
v -0.1901158 1.17018961 -0.17583568
v -0.16757039 1.15937805 -0.18337336
v -0.19366216 1.1896522 -0.21376116
v -0.1697902 1.17757833 -0.2204374
v -0.19704327 1.20827126 -0.25024172
v -0.17212927 1.19497394 -0.25609421
v -0.2004846 1.22625482 -0.28593087
v -0.17488554 1.21178269 -0.2912769
v -0.20411828 1.24378478 -0.32106098
v -0.17799732 1.22812819 -0.32627579
v -0.20793788 1.26106882 -0.35567209
v -0.18129369 1.24433064 -0.36104857
v -0.21195486 1.27811002 -0.38985353
v -0.18471419 1.26045978 -0.39553123
v -0.2162517 1.29474604 -0.42379173
v -0.18823921 1.27638387 -0.42975804
v -0.22081093 1.31083571 -0.45756718
v -0.191886 1.29187083 -0.4638096
v -0.22552029 1.32647597 -0.4912467
v -0.19564096 1.3068335 -0.49778378
v -0.2304269 1.34157145 -0.52490425
v -0.19961607 1.32108819 -0.53174865
v -0.23569414 1.3561294 -0.55873972
v -0.20392243 1.33459842 -0.56588494
v -0.24142326 1.37012827 -0.59266763
v -0.20871946 1.34726715 -0.6000517
v -0.24760499 1.38344919 -0.62650984
v -0.21402213 1.359218 -0.6341238
v -0.25417304 1.39605379 -0.66034591
v -0.21977748 1.37033569 -0.66812682
v -0.26104289 1.40769124 -0.69432193
v -0.22595831 1.38049244 -0.70218956
v -0.26817232 1.41823101 -0.72877907
v -0.23252554 1.38928628 -0.73645752
v -0.27571231 1.42751181 -0.76373565
v -0.23951435 1.39662849 -0.77101451
v -0.28389519 1.43529713 -0.79907858
v -0.24711647 1.40246546 -0.80580347
v -0.29273873 1.44150102 -0.83452338
v -0.25537651 1.40661418 -0.84069818
v -0.3023355 1.44607698 -0.86962705
v -0.26426804 1.40896916 -0.87546557
v -0.31272608 1.44896674 -0.9041143
v -0.27381986 1.40964961 -0.90982258
v -0.32364392 1.45026433 -0.93796312
v -0.28394994 1.40876269 -0.9435516
v -0.33493357 1.45005357 -0.97118562
v -0.29439467 1.40664577 -0.97671616
v -0.34606409 1.44867575 -1.00377595
v -0.30465212 1.40377402 -1.00931
v -0.35640725 1.44650483 -1.03569483
v -0.3141978 1.40050804 -1.04130268
v -0.36523926 1.44403874 -1.06629729
v -0.32211008 1.39743137 -1.07179069
v -0.37122055 1.44262611 -1.09355175
v -0.32686212 1.39625299 -1.09897565
v -0.37364745 1.44395422 -1.11877489
v -0.32750612 1.39895832 -1.12451458
v -0.37120217 1.45046651 -1.14197611
v -0.32226145 1.40841674 -1.14697074
v -0.36213606 1.46427774 -1.15872359
v -0.3115682 1.42473411 -1.16226327
v -0.34923845 1.48269057 -1.16734647
v -0.29793673 1.44545197 -1.16871166
v -0.33529484 1.50318193 -1.169595
v -0.28397345 1.4683249 -1.16961169
v -0.32148373 1.52599358 -1.16787743
v -0.27018263 1.49481761 -1.16715192
v -0.30737686 1.5533787 -1.16306781
v -0.25718992 1.52565622 -1.16175711
v -0.29451823 1.58414888 -1.1556921
v -0.2462012 1.55949103 -1.15398097
v -0.28338229 1.61715436 -1.14622569
v -0.23707029 1.59576773 -1.14415168
v -0.27371746 1.65196299 -1.13497424
v -0.2294428 1.63363838 -1.13265311
v -0.26519757 1.68810892 -1.12224221
v -0.22285199 1.67278122 -1.11967766
v -0.25736635 1.72542107 -1.10818505
v -0.21677546 1.71251273 -1.10542535
v -0.24996984 1.76352512 -1.09282982
v -0.21106571 1.75272524 -1.08995032
v -0.24303594 1.80229914 -1.07632446
v -0.20582342 1.79340994 -1.07333588
v -0.23655825 1.84188079 -1.05854749
v -0.20091018 1.83454394 -1.05551886
v -0.23081338 1.88212323 -1.03941059
v -0.19642704 1.87599301 -1.03639042
v -0.22616013 1.9225769 -1.01896178
v -0.19265772 1.91737604 -1.0159434
v -0.22267009 1.96243393 -0.99723935
v -0.189765 1.95804894 -0.9941796
v -0.22025613 2.00096607 -0.97416812
v -0.18775509 1.99735546 -0.97103881
v -0.21880669 2.03751611 -0.94952422
v -0.18656909 2.03469562 -0.94636225
v -0.21819521 2.0716052 -0.92321467
v -0.18612071 2.06960129 -0.92003315
v -0.21830837 2.10299778 -0.89523398
v -0.25063157 2.10443067 -0.89858526
v -0.25118872 2.13216853 -0.86924302
v -0.25067928 2.07397222 -0.92661047
v -0.28356099 2.07679891 -0.93011367
v -0.28326106 2.10628604 -0.9021579
v -0.25149354 2.04073238 -0.95297217
v -0.28470906 2.04434824 -0.95652252
v -0.3182691 2.04845762 -0.96001076
v -0.3167352 2.08009529 -0.93366521
v -0.25325566 2.0049963 -0.97759544
v -0.28691053 2.00940036 -0.98116815
v -0.32099029 2.01425457 -0.9847334
v -0.35536637 2.02020525 -0.98786318
v -0.35200116 2.05335021 -0.96328413
v -0.29034116 1.97260141 -1.00410461
v -0.3252387 1.97848188 -1.00763297
v -0.36116963 1.98619723 -1.01039993
v -0.39955571 1.99859833 -1.01067376
v -0.39097756 2.02884912 -0.98941171
v -0.33164018 1.94236826 -1.0288124
v -0.37010669 1.95314288 -1.03071022
v -0.41091901 1.96971964 -1.02956974
v -0.45341873 1.99234747 -1.02434372
v -0.44055932 2.01722908 -1.00693857
v -0.38175949 1.92181062 -1.04896974
v -0.4243707 1.94229233 -1.04656505
v -0.46824133 1.9679439 -1.04028105
v -0.5130018 1.99725055 -1.02999651
v -0.49741461 2.0195961 -1.01475286
v -0.43973061 1.91555261 -1.06239414
v -0.48479634 1.94337344 -1.05528104
v -0.53018522 1.97424829 -1.04436159
v -0.57557791 2.00674152 -1.02968573
v -0.55817949 2.02863836 -1.01588952
v -0.50285214 1.91860723 -1.06944751
v -0.54894316 1.9507482 -1.05762386
v -0.59464967 1.98411107 -1.04215991
v -0.63959384 2.01802206 -1.02362656
v -0.62042993 2.04002404 -1.0116992
v -0.56927853 1.92696714 -1.06973934
v -0.61546492 1.96093761 -1.0531069
v -0.66049766 1.99520969 -1.03360676
v -0.70422804 2.02972888 -1.01222086
v -0.68336916 2.05228352 -1.00271451
v -0.63799053 1.93721652 -1.06238734
v -0.68316292 1.97159159 -1.04149913
v -0.72665774 2.00611496 -1.01907038
v -0.76869255 2.04091143 -0.99567246
v -0.74662065 2.06461572 -0.98939812
v -0.70735108 1.94697594 -1.04691815
v -0.7504782 1.98129487 -1.02302336
v -0.79178178 2.01580619 -0.99870675
v -0.83214372 2.05043673 -0.97414732
v -0.80971992 2.07578539 -0.97123336
v -0.77501845 1.95515513 -1.02377557
v -0.81534826 1.98936259 -0.9982866
v -0.85464596 2.02365064 -0.97339117
v -0.89381128 2.0576806 -0.94820219
v -0.87219232 2.0850625 -0.94906616
v -0.83852171 1.96202158 -0.9947974
v -0.87655001 1.99573493 -0.96895641
v -0.91444861 2.02901506 -0.94334816
v -0.95252305 2.06169295 -0.91654878
v -0.93282979 2.09116554 -0.92132329
v -0.89646935 1.96755147 -0.96083945
v -0.93319398 1.99981033 -0.93439114
v -0.97000151 2.03159046 -0.90729141
v -1.00690877 2.06269884 -0.8783167
v -0.990152 2.09381508 -0.88704299
v -0.94910377 1.97109484 -0.92205596
v -0.98469787 2.00150299 -0.89412272
v -1.02005982 2.03134369 -0.86473226
v -1.05466759 2.06042981 -0.83252859
v -1.04232919 2.09296608 -0.84547507
v -0.99565666 1.97261929 -0.87742209
v -1.02943003 2.00095605 -0.84733164
v -1.06253385 2.02856564 -0.81520897
v -1.09400796 2.05501127 -0.7801131
v -1.08739686 2.08842563 -0.79660475
v -1.03369748 1.97234273 -0.82622242
v -1.06485593 1.99831521 -0.79387879
v -1.09421801 2.02286434 -0.75909423
v -1.12107229 2.04599952 -0.72168195
v -1.12243056 2.08006501 -0.74137836
v -1.05991864 1.97039461 -0.77006948
v -1.08713614 1.99321949 -0.73517495
v -1.11192584 2.01448798 -0.69846862
v -1.13424181 2.03442239 -0.65996193
v -1.14512431 2.06768131 -0.68174326
v -1.07218551 1.9669367 -0.71134644
v -1.09528923 1.98636019 -0.67447626
v -1.11589717 2.00470876 -0.63655769
v -1.13462281 2.021842 -0.59774893
v -1.15415918 2.05301809 -0.61977356
v -1.07085228 1.9636681 -0.65247482
v -1.09021222 1.98024654 -0.61430126
v -1.10795283 1.99628472 -0.57578742
v -1.12413275 2.01194286 -0.53681808
v -1.15170455 2.038239 -0.55785107
v -1.05656302 1.96571648 -0.59527921
v -1.07364094 1.98042357 -0.55657255
v -1.08935976 1.995175 -0.51770311
v -1.10394263 2.00972247 -0.47857767
v -1.1395061 2.02658152 -0.49710619
v -1.03599631 1.97159743 -0.53973662
v -1.05149674 1.98477006 -0.50105774
v -1.06553435 1.99843037 -0.46231678
v -1.07786965 2.01221847 -0.42344594
v -1.11711239 2.02350139 -0.43890315
v -1.01346874 1.97544932 -0.4845606
v -1.02706003 1.98790371 -0.44657144
v -1.03855156 2.00145864 -0.40870946
v -1.04783868 2.01553058 -0.37085169
v -1.08820605 2.02536058 -0.38418787
v -0.98858368 1.97721576 -0.4306353
v -0.99942278 1.99002003 -0.39390593
v -1.0076828 2.00440597 -0.35752058
v -1.01364707 2.01822781 -0.32082197
v -1.05491006 2.02871799 -0.33254587
v -0.96071386 1.97752475 -0.37855693
v -0.96833717 1.99090278 -0.3432748
v -0.97329956 2.0044415 -0.30804574
v -0.97539752 2.01646065 -0.27243253
v -1.01685249 2.02999591 -0.28352183
v -0.93007552 1.9748286 -0.32792615
v -0.93438732 1.98716735 -0.29383757
v -0.93553674 1.9990344 -0.25972795
v -0.93444722 2.0086472 -0.22478571
v -0.97518199 2.02538275 -0.23570972
v -0.89702236 1.96716404 -0.27848309
v -0.89746326 1.97869634 -0.24561485
v -0.89557898 1.98872876 -0.21213981
v -0.89185285 1.99626016 -0.17757883
v -0.93136256 2.0151546 -0.18859703
v -0.86141341 1.95612847 -0.23013913
v -0.85881251 1.96640181 -0.19795619
v -0.85444229 1.97469449 -0.16481542
v -0.84851044 1.98081755 -0.1307701
v -0.8863058 2.00131321 -0.14179271
v -0.82446277 1.94201946 -0.18232479
v -0.81953346 1.95069217 -0.15055567
v -0.81313216 1.95756268 -0.11817361
v -0.80589377 1.96216535 -0.08499336
v -0.84145844 1.98447942 -0.09577786
v -0.78678947 1.92495465 -0.13521085
v -0.78023225 1.93191611 -0.10422025
v -0.77264672 1.93729245 -0.07281518
v -0.76420074 1.9412595 -0.0412642
v -0.79765456 1.96510112 -0.05145213
v -0.78823733 1.96706366 -0.01797334
v -0.82317864 1.98752498 -0.02486139
v -0.83305245 1.98646831 -0.06031374
v -0.75463539 1.9444983 -0.00998492
v -0.74363541 1.94784295 0.02066784
v -0.77692854 1.96950089 0.01483934
v -0.76457852 1.97150361 0.04731914
v -0.79888528 1.98899507 0.04492865
v -0.8117398 1.98839807 0.01022994
v -0.73102235 1.9518131 0.05055612
v -0.71827197 1.95467591 0.08045834
v -0.75167715 1.97275066 0.07948657
v -0.73837363 1.97332549 0.11141651
v -0.77137208 1.98819208 0.11303288
v -0.78538513 1.98868775 0.07929615
v -0.70556855 1.95646083 0.11046268
v -0.69283235 1.95769095 0.14035421
v -0.72488069 1.97366833 0.14296788
v -0.71094405 1.9738059 0.17441918
v -0.74157059 1.98842859 0.17871984
v -0.75681692 1.98818898 0.14603276
v -0.6798321 1.95841288 0.17048634
v -0.6664803 1.95921146 0.20070475
v -0.69658535 1.97403919 0.20582258
v -0.63565337 1.94401907 0.19593614
v -0.62276971 1.94640159 0.22522844
v -0.65236806 1.96104896 0.23092523
v -0.59234905 1.93116593 0.22018711
v -0.57967174 1.9359579 0.24887782
v -0.60887628 1.95039129 0.25458028
v -0.54964762 1.92057204 0.2442477
v -0.53761291 1.92701566 0.27282166
v -0.56627816 1.94174408 0.27785769
v -0.50802314 1.91179955 0.26945933
v -0.49670466 1.92014873 0.29813808
v -0.52496779 1.93444466 0.30148559
v -0.46815082 1.9059875 0.29721027
v -0.45794796 1.91683435 0.32649171
v -0.48513853 1.92948198 0.32711699
v -0.43997451 1.89214932 0.29812979
v -0.43105757 1.90475916 0.32757121
v -0.42257091 1.91840004 0.35756158
v -0.44795531 1.92865383 0.35630437
v -0.412326 1.87794399 0.3006336
v -0.40437758 1.89279389 0.32982188
v -0.39731144 1.90820431 0.35968551
v -0.39136514 1.92407321 0.39046126
v -0.41490194 1.93272304 0.38842362
v -0.37811094 1.88023912 0.33338144
v -0.37219396 1.89736652 0.36292445
v -0.36768934 1.91452693 0.39342564
v -0.36483812 1.93159914 0.42500278
v -0.38695174 1.94016873 0.42247265
v -0.34722834 1.88537466 0.36742693
v -0.34374654 1.90375685 0.39747259
v -0.34186503 1.92178607 0.42844018
v -0.36426538 1.94822013 0.45723152
v -0.31954062 1.89173376 0.40258607
v -0.32205659 1.87255072 0.37293207
v -0.35193693 1.86702156 0.33808922
v -0.3847855 1.86381566 0.30419427
v -0.38817152 1.96982407 0.48569414
v -0.38514781 1.95628047 0.45552995
v -0.40795791 1.97628378 0.48256894
v -0.40434441 1.96350336 0.45493841
v -0.40818074 1.9478985 0.42081579
v -0.438432 1.94129753 0.38704216
v -0.46162736 1.95055377 0.3872801
v -0.47350385 1.93962633 0.35666203
v -0.48385506 1.96071088 0.39027005
v -0.49829411 1.95130348 0.3597542
v -0.51184231 1.94257307 0.33038485
v -0.52199482 1.96353101 0.36585232
v -0.53749549 1.95579361 0.33622056
v -0.55219602 1.94848644 0.30694133
v -0.56189638 1.96850347 0.34364247
v -0.57833886 1.96181798 0.31380328
v -0.59402811 1.95569157 0.28410771
v -0.60376548 1.97461009 0.32155394
v -0.62100547 1.96903407 0.29128092
v -0.63720226 1.96436429 0.26110702
v -0.64734989 1.98201715 0.29914888
v -0.6648795 1.97791099 0.26827007
v -0.68125504 1.97529566 0.23715233
v -0.69186437 1.99140882 0.27580791
v -0.70942574 1.98947715 0.24367231
v -0.72590768 1.98869526 0.21125155
v -0.73695379 2.00349998 0.25061759
v -0.75471049 2.00299191 0.21711207
v -0.77189165 2.00252318 0.18344613
v -0.78313839 2.016855 0.22361338
v -0.80181145 2.01623249 0.18887911
v -0.81990718 2.0152812 0.15379083
v -0.78847163 2.00192809 0.14959916
v -0.83691644 2.01483917 0.11812399
v -0.80417925 2.00194048 0.11522775
v -0.85297638 2.01594638 0.08132997
v -0.81923478 2.00293922 0.07984016
v -0.8687039 2.01771664 0.0433667
v -0.83376991 2.00407409 0.04359878
v -0.88352692 2.01902294 0.00480212
v -0.84740382 2.00473451 0.00682089
v -0.89714014 2.01940417 -0.03409226
v -0.85975414 2.00469112 -0.03036633
v -0.90892481 2.01969289 -0.07327444
v -0.87019664 2.00485539 -0.06780006
v -0.91864991 2.019809 -0.11239853
v -0.87908816 2.00397586 -0.10511678
v -0.92616379 2.01854491 -0.15097343
v -0.9590047 2.03284621 -0.11741357
v -0.96727448 2.03260707 -0.15804289
v -0.97257888 2.03056383 -0.19752743
v -1.00878894 2.04405021 -0.16281205
v -1.01477849 2.04255247 -0.20451521
v -1.01731777 2.03822517 -0.24487893
v -1.05710196 2.05157852 -0.2097321
v -1.06014025 2.0474925 -0.25252491
v -1.05927121 2.03977584 -0.29333347
v -1.1025964 2.05496501 -0.25935933
v -1.10129702 2.04744052 -0.30270651
v -1.09616553 2.03729629 -0.34410619
v -1.1428411 2.05687499 -0.31237205
v -1.13731026 2.04719543 -0.356238
v -1.12851655 2.03611636 -0.39829942
v -1.17427349 2.06427431 -0.36922246
v -1.16513443 2.05317592 -0.41377988
v -1.15320301 2.04056215 -0.45624533
v -1.19366288 2.08081913 -0.42850631
v -1.18162846 2.06786727 -0.47353512
v -1.16761958 2.0533688 -0.51660096
v -1.20247161 2.10167408 -0.48784139
v -1.18852233 2.08649206 -0.53378582
v -1.17232418 2.0703628 -0.57777875
v -1.20090639 2.12356948 -0.54738074
v -1.18493342 2.10635924 -0.5943135
v -1.1662352 2.0878067 -0.63920116
v -1.18804919 2.14419555 -0.60677915
v -1.16939139 2.12467336 -0.65414392
v -1.14782738 2.1032834 -0.6993919
v -1.16371178 2.16183543 -0.66474932
v -1.14220058 2.13941955 -0.7120344
v -1.11658453 2.11497306 -0.75625145
v -1.12978208 2.17461371 -0.72009849
v -1.10473847 2.1494677 -0.76621168
v -1.07537722 2.12203741 -0.80818307
v -1.08770632 2.18246078 -0.77114069
v -1.05892634 2.15480375 -0.81475329
v -1.02618873 2.12508678 -0.85363924
v -1.03862142 2.1856513 -0.81625855
v -1.00643336 2.15567541 -0.8561697
v -0.9707278 2.12398028 -0.89099621
v -0.98404896 2.18404126 -0.8540349
v -0.94928586 2.15245676 -0.89036452
v -0.91151785 2.11916494 -0.92155075
v -0.92602783 2.17831444 -0.88514101
v -0.8891595 2.1451745 -0.9176557
v -0.85004997 2.11077737 -0.94583654
v -0.86605507 2.16882038 -0.90974283
v -0.82781511 2.13465881 -0.93896162
v -0.78780889 2.09963488 -0.96498048
v -0.80564272 2.15654754 -0.92878663
v -0.76651841 2.12190222 -0.95559382
v -0.72569364 2.0870006 -0.98009145
v -0.74585187 2.14233589 -0.94316142
v -0.70592254 2.10802793 -0.96814644
v -0.66403299 2.07382607 -0.99101042
v -0.68713766 2.12757253 -0.95396262
v -0.64603889 2.09420609 -0.97728341
v -0.60283267 2.06109333 -0.99807727
v -0.62932437 2.11298298 -0.96180403
v -0.5867207 2.08085393 -0.98300409
v -0.54232168 2.04952716 -1.00089979
v -0.57182943 2.09924483 -0.96677452
v -0.52797627 2.06922578 -0.98489499
v -0.48365649 2.04136514 -0.99853247
v -0.51529789 2.08778858 -0.96788108
v -0.47207009 2.06295681 -0.98065465
v -0.43019992 2.04291367 -0.98753094
v -0.46267196 2.08458304 -0.96086818
v -0.42266911 2.06904292 -0.96582478
v -0.38619461 2.05943179 -0.96569776
v -0.41814327 2.09518528 -0.94165766
v -0.38374924 2.08867454 -0.94020211
v -0.35011422 2.08405876 -0.93719971
v -0.38212728 2.11523103 -0.91306483
v -0.34905007 2.11166548 -0.90964603
v -0.31609624 2.10857868 -0.9058122
v -0.34864395 2.13652563 -0.88081872
v -0.31610709 2.13434028 -0.8766632
v -0.28359794 2.13296413 -0.87282115
v -0.2842791 2.15780758 -0.84259617
v -0.31653708 2.15817928 -0.84651994
v -0.3171654 2.18089103 -0.8156743
v -0.34877851 2.1592369 -0.85088163
v -0.34923571 2.18091392 -0.82023561
v -0.34989124 2.20281791 -0.78949594
v -0.38093435 2.16106367 -0.85565638
v -0.3812043 2.18184137 -0.82558691
v -0.3818227 2.20285034 -0.79515194
v -0.38272541 2.22459244 -0.76475131
v -0.41299897 2.18339085 -0.8316273
v -0.41364291 2.20377874 -0.80185699
v -0.41472441 2.22456646 -0.77160948
v -0.41612765 2.24539184 -0.74082344
v -0.44537881 2.20490026 -0.80928409
v -0.44676953 2.22506046 -0.77948814
v -0.44860523 2.24489927 -0.74875325
v -0.45067527 2.26407456 -0.71716439
v -0.4788528 2.22567582 -0.78827333
v -0.48119497 2.24512243 -0.75787699
v -0.4839904 2.26307678 -0.72631979
v -0.48675632 2.28057789 -0.69404083
v -0.5140329 2.24499034 -0.76796048
v -0.51769185 2.26226711 -0.73669689
v -0.52133202 2.27915906 -0.70481938
v -0.52467083 2.295861 -0.67244273
v -0.5516386 2.26159548 -0.74908494
v -0.55641412 2.27796125 -0.71732002
v -0.56081652 2.29402899 -0.68489694
v -0.56446808 2.31029796 -0.65263223
v -0.59170746 2.27651906 -0.73162639
v -0.59741586 2.2925682 -0.6993553
v -0.60216248 2.30845332 -0.66692179
v -0.60585898 2.32457518 -0.63434183
v -0.63405388 2.29067778 -0.71569305
v -0.6400935 2.30683779 -0.68287724
v -0.64479041 2.32290029 -0.64986228
v -0.64811241 2.33925223 -0.61666983
v -0.67770052 2.30475854 -0.7002353
v -0.68376243 2.32134151 -0.66650211
v -0.68796503 2.33784818 -0.63257443
v -0.69070857 2.3545227 -0.59849786
v -0.72231257 2.31930327 -0.6838907
v -0.72769671 2.33644294 -0.64899098
v -0.73128438 2.35349392 -0.61395096
v -0.73349529 2.37043833 -0.57886737
v -0.76695728 2.33443355 -0.66551739
v -0.77171802 2.35223102 -0.62932568
v -0.77467507 2.36967372 -0.5931822
v -0.77648508 2.38667058 -0.5570867
v -0.81157988 2.34987282 -0.64422786
v -0.81563401 2.36825704 -0.60689085
v -0.81819361 2.38577818 -0.56963169
v -0.81983035 2.40252637 -0.53244674
v -0.85628247 2.36488676 -0.61954975
v -0.85980546 2.3833456 -0.58113789
v -0.86210966 2.40058946 -0.54268068
v -0.86363571 2.41658449 -0.50404942
v -0.90118402 2.3783493 -0.59106737
v -0.90433985 2.39623737 -0.55130916
v -0.90642297 2.41266489 -0.51136773
v -0.90779936 2.42730283 -0.47103899
v -0.9461655 2.38892674 -0.55826437
v -0.94895166 2.40574979 -0.5169565
v -0.95081329 2.42098093 -0.47546827
v -0.95155984 2.43234825 -0.43299332
v -0.99080759 2.39563846 -0.5209732
v -0.99323678 2.41106176 -0.4780476
v -0.99438977 2.42314577 -0.43433779
v -0.99355995 2.43012166 -0.38964206
v -1.03474569 2.39791226 -0.47926303
v -1.03625524 2.41039013 -0.43418392
v -1.035115 2.4173522 -0.38799941
v -1.03067958 2.41840362 -0.3414632
v -1.07673013 2.3939979 -0.43268385
v -1.07555222 2.40150189 -0.38497614
v -1.07034802 2.40273094 -0.33712434
v -1.06272661 2.40173721 -0.28955042
v -1.11377167 2.38124179 -0.38100844
v -1.10815167 2.38324666 -0.33174067
v -1.09968102 2.38278341 -0.28286576
v -1.08898627 2.38111662 -0.23452609
v -1.1433984 2.35984516 -0.325486
v -1.13396823 2.35983657 -0.27534335
v -1.12212944 2.35852909 -0.22581645
v -1.10835123 2.35658931 -0.17713294
v -1.16434276 2.33243584 -0.26724773
v -1.1516205 2.33187866 -0.21656413
v -1.13686215 2.3306365 -0.16682699
v -1.12043309 2.32899141 -0.11810673
v -1.17622423 2.30113911 -0.20714679
v -1.16075062 2.30079937 -0.15647576
v -1.1435182 2.29993009 -0.10697087
v -1.12475299 2.29862117 -0.05855979
v -1.17863392 2.26710772 -0.14654567
v -1.16089582 2.26723527 -0.09638303
v -1.14153218 2.26691436 -0.04748199
v -1.120615 2.26597881 0.00024858
v -1.17060887 2.23142957 -0.08681965
v -1.15092098 2.23203587 -0.03763067
v -1.12965405 2.23208189 0.01016609
v -1.10682654 2.23121237 0.05680791
v -1.15204 2.19570112 -0.02925831
v -1.13085508 2.19661068 0.01846659
v -1.10833215 2.19664049 0.064834
v -1.08427166 2.19565796 0.10996533
v -1.1239463 2.16124677 0.02503656
v -1.10160994 2.16198039 0.07065448
v -1.07813286 2.16182255 0.11507517
v -1.0532937 2.16087484 0.15852288
v -1.08644056 2.12918353 0.073893
v -1.06331777 2.12981367 0.11718235
v -1.03943538 2.12971878 0.15965461
v -1.014449 2.12922835 0.20167726
v -1.04044473 2.10238409 0.11549146
v -1.01731395 2.10315012 0.15702313
v -0.99345403 2.10363173 0.19808034
v -0.96823513 2.10430192 0.23853057
v -0.99033212 2.08201694 0.15132392
v -0.96746909 2.08308982 0.19155204
v -0.94349372 2.0844767 0.23098097
v -0.91829621 2.08578395 0.26980549
v -0.93938338 2.06654191 0.18322911
v -0.91646516 2.06827974 0.22186942
v -0.89266938 2.06970787 0.25981539
v -0.86795496 2.07079029 0.29721519
v -0.88856661 2.05439734 0.21225947
v -0.86598908 2.05570077 0.24953895
v -0.8427518 2.05661058 0.28633457
v -0.81866616 2.0574665 0.32266444
v -0.83874762 2.04275345 0.23977699
v -0.81692588 2.04342484 0.27592647
v -0.79429727 2.04412698 0.31166264
v -0.77051442 2.0457859 0.34672987
v -0.79058921 2.03054046 0.26647561
v -0.76937001 2.03125381 0.30145335
v -0.74692755 2.03313422 0.33579888
v -0.72310781 2.03665995 0.36932689
v -0.74399119 2.01821756 0.29220503
v -0.72276902 2.0205183 0.32567644
v -0.70018863 2.02430391 0.35854077
v -0.67642825 2.02885532 0.39074182
v -0.69822055 2.00772523 0.31633907
v -0.67686599 2.01185774 0.34847685
v -0.65435278 2.01677346 0.38017022
v -0.63064003 2.02193689 0.41162082
v -0.65306234 1.99946081 0.33897006
v -0.63183152 2.00475478 0.37020492
v -0.60936856 2.01027798 0.40132334
v -0.58582413 2.0156455 0.43223393
v -0.60889172 1.99280524 0.3607974
v -0.58787953 1.99874723 0.39158564
v -0.56565725 2.00459098 0.42234453
v -0.54175156 2.00976157 0.45302721
v -0.56614816 1.98719573 0.3823919
v -0.54551285 1.99367439 0.41310334
v -0.52286982 1.99955666 0.44390624
v -0.49797368 2.00387382 0.47440034
v -0.52536213 1.98269176 0.4043878
v -0.50435221 1.98955345 0.43551632
v -0.4802798 1.99500083 0.46686628
v -0.45464754 1.9962306 0.49482369
v -0.48605138 1.97998452 0.42823824
v -0.46355277 1.98710382 0.46100613
v -0.43911212 1.98845648 0.4865995
v -0.4179244 1.98511958 0.50022816
v -0.50501531 1.97163343 0.39639896
v -0.54435074 1.97553563 0.37377372
v -0.58548378 1.98072409 0.35191696
v -0.62869155 1.98712062 0.32997453
v -0.6730836 1.99484229 0.3075371
v -0.7182182 2.00489902 0.28371691
v -0.76393902 2.01722669 0.25812953
v -0.81112432 2.03006553 0.23111309
v -0.86018031 2.04165887 0.20313732
v -0.83117967 2.02920007 0.19537279
v -0.88104993 2.04007291 0.16589818
v -0.85082286 2.02792596 0.15906013
v -0.90091824 2.03896641 0.12779663
v -0.86930346 2.02709436 0.12206539
v -0.91953361 2.03994822 0.08856127
v -0.88658237 2.02829623 0.08391097
v -0.93766105 2.04166889 0.04830518
v -0.90345871 2.0302236 0.04465097
v -0.95539426 2.04299259 0.00710549
v -0.91968679 2.03157472 0.00474992
v -0.97165608 2.04339838 -0.03479147
v -0.93462455 2.03202152 -0.035588
v -0.98651492 2.04349613 -0.07727167
v -0.94788503 2.03233337 -0.07640282
v -0.99922812 2.04403829 -0.12017297
v -1.02467441 2.05436968 -0.0758255
v -1.03908538 2.0539956 -0.12058875
v -1.05005061 2.05328083 -0.16551095
v -1.07764959 2.06438493 -0.11918778
v -1.09054684 2.06245446 -0.16672469
v -1.09894216 2.05934667 -0.21385449
v -1.12821376 2.07379055 -0.16696557
v -1.13860607 2.07012915 -0.21713468
v -1.14365136 2.06464004 -0.26589369
v -1.17316842 2.08673143 -0.22009369
v -1.17949616 2.08153533 -0.27227306
v -1.17970323 2.0739479 -0.32226482
v -1.20615482 2.1082592 -0.27830663
v -1.20742821 2.10114812 -0.33102604
v -1.20267689 2.09192061 -0.38112387
v -1.22513854 2.13613152 -0.33792561
v -1.22195458 2.1268692 -0.39008355
v -1.21401274 2.11525082 -0.44002366
v -1.23150205 2.16606378 -0.39740604
v -1.22463297 2.15398788 -0.44902241
v -1.21423447 2.13968205 -0.49898803
v -1.22543525 2.19426107 -0.45674625
v -1.21592962 2.17931222 -0.50799572
v -1.20319795 2.16245555 -0.55787885
v -1.20815706 2.21842837 -0.51503753
v -1.19624781 2.20112609 -0.56576174
v -1.18169069 2.18222999 -0.61576283
v -1.181252 2.23773527 -0.57101118
v -1.16761422 2.21848321 -0.62152373
v -1.15073776 2.19764089 -0.6715281
v -1.1470046 2.25176954 -0.6241334
v -1.13151502 2.23080492 -0.67443835
v -1.11170339 2.20775103 -0.72376364
v -1.10679423 2.26052999 -0.67382746
v -1.08878135 2.23797869 -0.72340768
v -1.06608045 2.21297502 -0.77131927
v -1.06178391 2.26442074 -0.71954137
v -1.0408678 2.24026966 -0.76747989
v -1.01488137 2.21344375 -0.81280934
v -1.01255595 2.26361107 -0.76027214
v -0.98857343 2.23792862 -0.80575275
v -0.95963597 2.20962333 -0.84795057
v -0.9601739 2.25872755 -0.79571121
v -0.93322944 2.23163747 -0.83803975
v -0.90157473 2.20148396 -0.87630802
v -0.90550732 2.25023269 -0.82536435
v -0.8760668 2.2214899 -0.86409199
v -0.84246218 2.19003629 -0.89858579
v -0.84974509 2.23832416 -0.8491652
v -0.81841671 2.20847773 -0.88433873
v -0.78354436 2.1762197 -0.91561102
v -0.79402172 2.22415447 -0.86772435
v -0.76146715 2.19346547 -0.89974337
v -0.72567111 2.16095852 -0.92828452
v -0.73934185 2.20857 -0.88201177
v -0.70586866 2.17762851 -0.91140729
v -0.66916608 2.14544296 -0.93787407
v -0.6863048 2.19231247 -0.89296037
v -0.65183848 2.16161131 -0.92036289
v -0.61353611 2.13029885 -0.94498157
v -0.63508766 2.17604303 -0.90177589
v -0.59878546 2.14591813 -0.9273414
v -0.55827796 2.11599278 -0.94971871
v -0.5849477 2.16007709 -0.9092077
v -0.54600805 2.13146734 -0.9321413
v -0.50426292 2.10566449 -0.94972145
v -0.53522765 2.14581513 -0.91413998
v -0.49475044 2.12316846 -0.93010675
v -0.45504656 2.10621929 -0.93898856
v -0.48699379 2.13959026 -0.91000795
v -0.44949391 2.1273117 -0.91531109
v -0.41524219 2.12000036 -0.91553294
v -0.44632059 2.14727997 -0.890639
v -0.41355538 2.14259958 -0.88851356
v -0.38120093 2.13920974 -0.88484317
v -0.41292116 2.16330146 -0.86053353
v -0.444808 2.16595768 -0.86532759
v -0.44456601 2.18500852 -0.83818346
v -0.4813013 2.15523386 -0.88941103
v -0.51818627 2.1703453 -0.87989598
v -0.52589887 2.15894651 -0.89630794
v -0.55970543 2.18414211 -0.87336915
v -0.5469414 2.19338131 -0.85722482
v -0.5721358 2.17278623 -0.89108699
v -0.60202294 2.20070123 -0.86323559
v -0.58438229 2.21055078 -0.84440285
v -0.61860966 2.18907094 -0.88257598
v -0.64683109 2.21675181 -0.85329955
v -0.62569439 2.2267363 -0.8327763
v -0.66679692 2.20525574 -0.87350422
v -0.69412368 2.2325201 -0.84253305
v -0.67033666 2.24190855 -0.8216716
v -0.71696776 2.2215476 -0.86278164
v -0.74366432 2.24802875 -0.82966572
v -0.71706616 2.25679397 -0.80899512
v -0.76914811 2.23729467 -0.84937214
v -0.79467344 2.26279425 -0.81349378
v -0.76573228 2.27132558 -0.79396015
v -0.82261443 2.25196576 -0.83208674
v -0.84649819 2.27645063 -0.79333061
v -0.81542426 2.28545785 -0.77548819
v -0.8765484 2.26489687 -0.81016004
v -0.89824235 2.28862166 -0.76862442
v -0.86533796 2.2988348 -0.75299012
v -0.9299016 2.2754426 -0.7830317
v -0.94914144 2.29853439 -0.73905283
v -0.914945 2.31064486 -0.72615402
v -0.98179608 2.28295946 -0.75059235
v -0.99854767 2.30538201 -0.7045871
v -0.96365106 2.32018375 -0.69467288
v -1.03142786 2.28686857 -0.71301406
v -1.04592859 2.30846476 -0.66543149
v -1.01116788 2.32645702 -0.65867996
v -1.0780406 2.28651547 -0.67063313
v -1.09062576 2.30719423 -0.62195694
v -1.0568242 2.32878112 -0.61821621
v -1.12102842 2.28153824 -0.62412303
v -1.13210237 2.3009746 -0.57461065
v -1.10027539 2.32655978 -0.57378447
v -1.15946769 2.271214 -0.57381439
v -1.16928267 2.28919363 -0.52356618
v -1.1405406 2.3189044 -0.52537584
v -1.19229245 2.25550079 -0.52020531
v -1.2007569 2.27147984 -0.4690338
v -1.17645669 2.30521845 -0.47314971
v -1.21725344 2.23392486 -0.46349191
v -1.22303342 2.24680495 -0.41101366
v -1.20554792 2.28455305 -0.41712009
v -1.23189091 2.20672392 -0.40434348
v -1.23317515 2.21620178 -0.35076949
v -1.22412622 2.25641083 -0.35760128
v -1.23339521 2.17539572 -0.34415593
v -1.22968697 2.1819477 -0.28969287
v -1.2285099 2.22244501 -0.29646706
v -1.22237956 2.14300417 -0.283894
v -1.21332335 2.14783978 -0.2291387
v -1.21993601 2.18639898 -0.23527811
v -1.19849538 2.11335015 -0.22401902
v -1.18546176 2.11747312 -0.16989107
v -1.19991219 2.15178751 -0.1750458
v -1.16134858 2.09055185 -0.16726034
v -1.14574241 2.09351158 -0.11528959
v -1.16911387 2.12093949 -0.11716243
v -1.11377179 2.07628965 -0.11687804
v -1.09644556 2.07784414 -0.0680635
v -1.12742805 2.09593296 -0.06511569
v -1.06149816 2.06543064 -0.0723797
v -1.04348373 2.06582021 -0.02666529
v -1.07730877 2.07891702 -0.02086936
v -1.00812363 2.05449342 -0.03171751
v -0.99017393 2.05397152 0.01162287
v -1.02410996 2.06543302 0.01780558
v -1.00364828 2.06489181 0.06109297
v -1.03459215 2.08038258 0.06803987
v -1.05653941 2.07957553 0.02449245
v -0.97116553 2.05284094 0.05409165
v -0.95153272 2.05177211 0.09533777
v -0.98264509 2.06486725 0.10301686
v -0.96135807 2.06529307 0.14369338
v -1.01255273 2.08111858 0.11023899
v -0.93147301 2.05133032 0.13542649
v -0.91043329 2.05262851 0.17429257
v -1.06323862 2.10124969 0.0731088
v -1.10885357 2.12782049 0.0291982
v -1.08586216 2.09969234 0.0292266
v -1.130324 2.12602663 -0.01746371
v -1.1074531 2.09804439 -0.01684245
v -1.15051376 2.12367343 -0.06629467
v -1.14524364 2.15968895 -0.02218762
v -1.16519451 2.15756797 -0.07130641
v -1.18361091 2.15503144 -0.12234598
v -1.17190396 2.19422864 -0.07848758
v -1.19022178 2.1922698 -0.12932598
v -1.20647549 2.18969583 -0.18166072
v -1.18868768 2.23034119 -0.13740482
v -1.20476269 2.22863411 -0.18936294
v -1.21824264 2.22618126 -0.24250167
v -1.19452524 2.26640844 -0.19794824
v -1.20803833 2.26490473 -0.25044584
v -1.21863532 2.26210618 -0.30379974
v -1.18951177 2.3006258 -0.25883662
v -1.200212 2.29893446 -0.31128829
v -1.20589828 2.29398393 -0.36436051
v -1.17451286 2.33164477 -0.31864637
v -1.18038725 2.32766032 -0.37061679
v -1.18079757 2.31866908 -0.42230081
v -1.14929223 2.35687828 -0.37611812
v -1.14998865 2.34826278 -0.42663514
v -1.146559 2.33492326 -0.47619736
v -1.114959 2.37346696 -0.43017455
v -1.11227071 2.3602333 -0.47821176
v -1.10731983 2.34429192 -0.52592361
v -1.07466495 2.38107061 -0.47925102
v -1.07070183 2.36533856 -0.52537369
v -1.06487619 2.34777784 -0.57156819
v -1.03159058 2.38226032 -0.52371519
v -1.02694022 2.36503052 -0.56824338
v -1.02037072 2.34635257 -0.61318451
v -0.98719131 2.37866044 -0.56385266
v -0.9818899 2.36010408 -0.60693275
v -0.97435849 2.34071874 -0.65059876
v -0.9420219 2.37080001 -0.59964954
v -0.93596512 2.35152697 -0.64131879
v -0.92722487 2.33171773 -0.6836642
v -0.89651554 2.35959529 -0.6310907
v -0.88957238 2.34000396 -0.67146003
v -0.87943077 2.31987667 -0.71220129
v -0.85091322 2.34598541 -0.65831333
v -0.84288734 2.3265469 -0.6973384
v -0.83137559 2.3064816 -0.73651123
v -0.80534851 2.33127236 -0.68178033
v -0.79619848 2.31217312 -0.71941518
v -0.78316235 2.29238128 -0.75693172
v -0.75986564 2.31629467 -0.70171797
v -0.74956834 2.29767847 -0.73790067
v -0.73544657 2.27814245 -0.77379298
v -0.71441769 2.30177807 -0.71873116
v -0.7035911 2.28361654 -0.75345778
v -0.68919146 2.26404786 -0.78809648
v -0.66969102 2.28778839 -0.73383033
v -0.65911287 2.26989221 -0.76735502
v -0.64473605 2.24989128 -0.80059009
v -0.62634444 2.27401399 -0.74826115
v -0.61633622 2.25590562 -0.78084582
v -0.60253566 2.23478841 -0.81315922
v -0.58492982 2.25965571 -0.76367276
v -0.57605248 2.24060249 -0.79530274
v -0.56427204 2.21825695 -0.82690781
v -0.5462464 2.24389052 -0.78014159
v -0.54000163 2.22338891 -0.81130278
v -0.51093614 2.22563934 -0.79851639
v -0.79204869 1.91631972 -0.16573236
v -0.76230025 1.88907623 -0.14803814
v -0.7955085 1.90678787 -0.19601053
v -0.76562058 1.88045454 -0.17770315
v -0.73732239 1.8537054 -0.15885597
v -0.76592707 1.87190914 -0.20758254
v -0.73826396 1.84528231 -0.18810044
v -0.71212065 1.81848251 -0.16803106
v -0.73577356 1.8371365 -0.21724346
v -0.71035301 1.81026494 -0.19653998
v -0.68640422 1.78333091 -0.17501311
v -0.70628011 1.80134463 -0.22430613
v -0.68229746 1.77456104 -0.20178183
v -0.69935137 1.7929126 -0.25144767
v -0.67496573 1.76648688 -0.22776344
v -0.69099623 1.78428793 -0.27825999
v -0.66623854 1.75828886 -0.25343647
v -0.64325535 1.73182249 -0.22724032
v -0.65684616 1.74952876 -0.27880069
v -0.63454258 1.72256231 -0.25124302
v -0.61401546 1.69559335 -0.22206617
v -0.62609785 1.71221494 -0.27486324
v -0.60584163 1.68526029 -0.24491947
v -0.61728709 1.70106172 -0.29872152
v -0.59731632 1.67438173 -0.26802831
v -0.60588282 1.69096183 -0.32252246
v -0.58636665 1.66457653 -0.29109966
v -0.59327137 1.68066859 -0.34638083
v -0.57453036 1.6544485 -0.31426072
v -0.58046132 1.66933524 -0.37035396
v -0.56242054 1.64340913 -0.33761876
v -0.56800842 1.65643572 -0.39438784
v -0.55061954 1.63102197 -0.36094689
v -0.5337364 1.60611057 -0.32680288
v -0.53841096 1.61773371 -0.3843418
v -0.52204078 1.59337663 -0.34965869
v -0.50612747 1.5696547 -0.31467124
v -0.50910484 1.58051729 -0.37268751
v -0.49363139 1.55729174 -0.33735829
v -0.47847965 1.53480052 -0.3021543
v -0.47966629 1.5450927 -0.36034342
v -0.46510121 1.52286469 -0.32496994
v -0.45060193 1.50132894 -0.29004553
v -0.45073747 1.51055192 -0.34811899
v -0.43698123 1.48911631 -0.31313136
v -0.42321446 1.46817863 -0.27875828
v -0.42253822 1.47633743 -0.33636021
v -0.40943074 1.45547735 -0.30209004
v -0.39641138 1.4349482 -0.26828217
v -0.39474633 1.44215273 -0.32517308
v -0.38228201 1.42175042 -0.29158723
v -0.37004953 1.40161061 -0.25824415
v -0.38367411 1.41498613 -0.23493011
v -0.35810691 1.38184213 -0.22509856
v -0.37126025 1.39566016 -0.20198871
v -0.34655123 1.36240887 -0.19208714
v -0.3591746 1.37694978 -0.16943578
v -0.33538407 1.34314799 -0.15912042
v -0.34724417 1.35853183 -0.13713762
v -0.32442677 1.32385432 -0.1259931
v -0.33532202 1.3400681 -0.10483117
v -0.31338426 1.30441093 -0.09251061
v -0.32333836 1.32127857 -0.07226146
v -0.30184304 1.2845956 -0.05849382
v -0.31084328 1.30198466 -0.0392722
v -0.28918245 1.26409006 -0.02388349
v -0.29673644 1.28199243 -0.00562946
v -0.27415782 1.24247956 0.01108015
v -0.27968102 1.26077294 0.02836852
v -0.28042107 1.2473768 -0.04217016
v -0.26696294 1.22526288 -0.00590739
v -0.26970118 1.2321161 -0.05961109
v -0.25753247 1.20968723 -0.02189762
v -0.25927054 1.21641993 -0.07570718
v -0.24779531 1.19418644 -0.03641033
v -0.248837 1.20042443 -0.09038236
v -0.23829637 1.17840695 -0.04920905
v -0.23747605 1.18474912 -0.10360208
v -0.25772476 1.22129261 -0.12985707
v -0.24563941 1.20539665 -0.14419721
v -0.23060442 1.19126629 -0.15678626
v -0.25271669 1.22601723 -0.18272632
v -0.23634961 1.21192371 -0.19552852
v -0.21605375 1.20063757 -0.20563665
v -0.21142093 1.18038618 -0.16711954
v -0.24138067 1.23248827 -0.23277929
v -0.22034148 1.22040808 -0.24273788
v -0.24645377 1.25293874 -0.26883482
v -0.22458726 1.23971879 -0.27888491
v -0.25165426 1.27304232 -0.30372041
v -0.22899293 1.25857627 -0.31400919
v -0.25700372 1.29253077 -0.33784198
v -0.23357696 1.27702295 -0.34838533
v -0.26282724 1.3113954 -0.37145495
v -0.23837994 1.2950418 -0.38221901
v -0.26921379 1.32966136 -0.40488582
v -0.24362298 1.31252098 -0.4158329
v -0.2758125 1.34742665 -0.43821963
v -0.24912466 1.32942569 -0.44931522
v -0.28241655 1.36470508 -0.47140392
v -0.25471156 1.34584975 -0.48266819
v -0.28922635 1.38154983 -0.50466936
v -0.26054719 1.36185634 -0.51602661
v -0.29655218 1.39800941 -0.53814393
v -0.26679098 1.37738978 -0.54949557
v -0.30434832 1.41423368 -0.57174682
v -0.27350235 1.39257061 -0.58316409
v -0.31256666 1.43021261 -0.60555136
v -0.28063663 1.40726923 -0.61698246
v -0.32098916 1.44569098 -0.63964813
v -0.28805142 1.4213016 -0.65089821
v -0.3292787 1.46022987 -0.67399668
v -0.29554542 1.43442022 -0.68488597
v -0.33717402 1.4736346 -0.7090466
v -0.30306708 1.44651639 -0.71949982
v -0.34535983 1.48618018 -0.74511551
v -0.31099492 1.45742774 -0.75493383
v -0.35456234 1.49791312 -0.78145587
v -0.3197155 1.46714925 -0.79091799
v -0.36505407 1.50849247 -0.81747078
v -0.32926714 1.47557258 -0.82676637
v -0.37658006 1.51777195 -0.85280168
v -0.33978098 1.48241615 -0.86206233
v -0.388758 1.52546179 -0.88739115
v -0.3509916 1.48767924 -0.89665842
v -0.40141597 1.53123235 -0.92140644
v -0.36275109 1.4911673 -0.93062263
v -0.41433864 1.53498542 -0.95471918
v -0.37483996 1.49286913 -0.96388149
v -0.42712047 1.53669226 -0.98731374
v -0.38676309 1.49297273 -0.9964466
v -0.43907788 1.53674078 -1.01891577
v -0.39785838 1.49188137 -1.02817416
v -0.44950234 1.53575038 -1.04894173
v -0.40746343 1.49009764 -1.05851006
v -0.45786848 1.53437054 -1.07685601
v -0.41463232 1.48860263 -1.08606815
v -0.46334463 1.53394532 -1.10168123
v -0.4185068 1.48905491 -1.11090922
v -0.46530056 1.53648841 -1.12482178
v -0.4184322 1.49332642 -1.13423192
v -0.46191057 1.54467165 -1.14494776
v -0.4120658 1.50425458 -1.15294015
v -0.45261794 1.55899977 -1.15801835
v -0.40057158 1.5206623 -1.16364407
v -0.44038453 1.5763278 -1.16364646
v -0.38721784 1.53938889 -1.16750049
v -0.42746716 1.59467804 -1.16424596
v -0.3737767 1.55947923 -1.16692006
v -0.41394895 1.61509203 -1.16172838
v -0.35960578 1.58319282 -1.1631608
v -0.3990218 1.63990783 -1.15610122
v -0.34539324 1.61094164 -1.15652823
v -0.38420987 1.66767406 -1.14778125
v -0.33233752 1.64112234 -1.14756405
v -0.37034055 1.69696998 -1.13744509
v -0.32058191 1.67303323 -1.13671433
v -0.35747966 1.7274369 -1.12545681
v -0.30995047 1.70621359 -1.12427926
v -0.34543302 1.75904917 -1.11201465
v -0.30014115 1.74068391 -1.11051797
v -0.33399501 1.7916994 -1.09741115
v -0.29088348 1.7761662 -1.0955007
v -0.3228181 1.82543492 -1.08161354
v -0.28188097 1.81261003 -1.07926535
v -0.31191313 1.86044383 -1.06443214
v -0.27336478 1.85032486 -1.06164896
v -0.30239039 1.89712858 -1.04568791
v -0.26602771 1.88910138 -1.04259944
v -0.29528427 1.93483352 -1.02558326
v -0.26029014 1.92839336 -1.02221465
v -0.25613045 1.96730089 -1.00058364
v -0.3408145 1.90716457 -1.04825747
v -0.35276851 1.87380552 -1.06616973
v -0.3955565 1.89208841 -1.06576645
v -0.36586234 1.84193503 -1.08266902
v -0.41066813 1.86315929 -1.08157074
v -0.45656666 1.88900685 -1.07739138
v -0.4264301 1.83486878 -1.09632277
v -0.47440859 1.86270463 -1.09143912
v -0.52220261 1.89383101 -1.08263719
v -0.49304938 1.83683097 -1.1044029
v -0.54268086 1.8691219 -1.09467697
v -0.59108912 1.90293562 -1.08051264
v -0.56403106 1.84438467 -1.10543561
v -0.61407131 1.87852466 -1.08987462
v -0.66196698 1.9127742 -1.06975698
v -0.63762438 1.85342884 -1.09733712
v -0.68672829 1.88741648 -1.07505559
v -0.73245143 1.92123138 -1.04980874
v -0.71050059 1.86179721 -1.07820665
v -0.75670039 1.89494645 -1.05008888
v -0.79901182 1.92828631 -1.02171611
v -0.77632612 1.87114 -1.04820418
v -0.81939995 1.90289855 -1.01728344
v -0.85896909 1.93507349 -0.98806077
v -0.83463621 1.8804562 -1.0117042
v -0.87514907 1.91010785 -0.97941207
v -0.91295671 1.94046819 -0.94992911
v -0.88611722 1.88754737 -0.97019815
v -0.92480588 1.91537618 -0.93737626
v -0.96092897 1.94394362 -0.90681701
v -0.9300946 1.89282393 -0.92416948
v -0.96669888 1.91895759 -0.88993817
v -1.00114774 1.94559967 -0.85767579
v -0.96435266 1.89813983 -0.87389862
v -0.99845123 1.92222523 -0.83825159
v -1.03024268 1.94651436 -0.80384677
v -0.98748189 1.90382301 -0.82064563
v -1.01828432 1.92527675 -0.78373742
v -1.04664027 1.9464643 -0.74758005
v -0.99802011 1.91097593 -0.76574915
v -1.02520561 1.92890226 -0.72803068
v -1.0492506 1.9465816 -0.69034391
v -0.99533957 1.92124009 -0.71052098
v -1.01779294 1.93632078 -0.67221391
v -1.03808844 1.95109129 -0.63381958
v -0.98191648 1.93188691 -0.65444636
v -1.00124216 1.94540095 -0.61638641
v -1.01921618 1.9586085 -0.57821273
v -0.96452426 1.93884408 -0.59773194
v -0.98206025 1.95139181 -0.56035298
v -0.99838274 1.96353721 -0.52258569
v -0.945854 1.9414823 -0.54110121
v -0.96146881 1.95366895 -0.50444376
v -0.97579085 1.96541333 -0.46756458
v -0.92519754 1.94155991 -0.48538586
v -0.93851763 1.95379161 -0.44986057
v -0.95046323 1.9656341 -0.41420111
v -0.90226525 1.93970024 -0.43112859
v -0.91342133 1.95156288 -0.39669796
v -0.92292833 1.96311044 -0.36226019
v -0.87787008 1.93462157 -0.37807554
v -0.88654452 1.94579505 -0.34475672
v -0.89318633 1.95623171 -0.31151238
v -0.85164755 1.92594373 -0.32641398
v -0.85776972 1.93557977 -0.29414343
v -0.86146539 1.9452548 -0.26200285
v -0.82415568 1.91311371 -0.27594584
v -0.8275398 1.92221367 -0.24468931
v -0.82730245 1.93223512 -0.21360059
v -0.79591316 1.89740145 -0.22641298
v -0.79276108 1.88877463 -0.25693318
v -0.76320141 1.86346507 -0.23737333
v -0.7876867 1.87969124 -0.28741329
v -0.75850194 1.85447907 -0.26695334
v -0.73125618 1.828377 -0.24594542
v -0.75223887 1.84486222 -0.2962259
v -0.72477924 1.81941127 -0.27419161
v -0.74433547 1.83489036 -0.32528701
v -0.716982 1.80994641 -0.30214572
v -0.73458069 1.82496023 -0.35426816
v -0.70756 1.8004353 -0.33000069
v -0.68160402 1.77526748 -0.30498409
v -0.69671088 1.79060959 -0.35752823
v -0.67132699 1.76555764 -0.33111697
v -0.64757239 1.73943054 -0.30362147
v -0.66021972 1.7549957 -0.35690516
v -0.6381067 1.7282114 -0.32830923
v -0.64752209 1.7442286 -0.38247746
v -0.62621343 1.7176913 -0.35290217
v -0.6336556 1.7330079 -0.40794211
v -0.61286222 1.70706486 -0.37753626
v -0.61950737 1.72067713 -0.43345975
v -0.59917885 1.69543743 -0.40223255
v -0.60494875 1.70724177 -0.45903846
v -0.58586132 1.68208968 -0.42704868
v -0.59029722 1.69241333 -0.48436951
v -0.57233667 1.6674931 -0.45171549
v -0.55515301 1.64252424 -0.4184066
v -0.55768573 1.65240287 -0.47630557
v -0.54109984 1.62825214 -0.44235447
v -0.52489364 1.60426664 -0.40775632
v -0.52503323 1.61404156 -0.46602487
v -0.50957286 1.59084272 -0.43112587
v -0.49446767 1.56779837 -0.39584416
v -0.49252954 1.57710444 -0.45435768
v -0.47841179 1.55465495 -0.41900003
v -0.46451625 1.53243565 -0.38351303
v -0.46157878 1.54023623 -0.44187527
v -0.44858032 1.5187416 -0.40644937
v -0.43556547 1.49739933 -0.37120062
v -0.431851 1.50343251 -0.42868754
v -0.4196603 1.48309969 -0.39367032
v -0.40730011 1.46268463 -0.35912829
v -0.402419 1.46749305 -0.4153226
v -0.39065122 1.44783628 -0.38112226
v -0.37882775 1.42795348 -0.3475143
v -0.37248241 1.43219411 -0.40216544
v -0.36149266 1.4129548 -0.36873713
v -0.35077101 1.39335072 -0.33548694
v -0.36711117 1.40794897 -0.31414815
v -0.34028804 1.37341606 -0.30235028
v -0.35561987 1.38783347 -0.28089073
v -0.32990151 1.35332822 -0.26921927
v -0.34446072 1.36774432 -0.247722
v -0.31967508 1.33331358 -0.23586382
v -0.3335902 1.34785223 -0.21450218
v -0.30962836 1.31340205 -0.20203578
v -0.32295426 1.32814896 -0.18107728
v -0.29967913 1.29353606 -0.16767184
v -0.31252598 1.30846858 -0.14728219
v -0.28985142 1.27346944 -0.13262045
v -0.30216133 1.28864944 -0.11295277
v -0.28000992 1.25313627 -0.09665107
v -0.29165506 1.26838755 -0.07792717
v -0.27791208 1.25782084 -0.15091073
v -0.26889529 1.23737502 -0.11398171
v -0.26597905 1.2417953 -0.1677237
v -0.2867378 1.27818071 -0.18673776
v -0.27379196 1.26228272 -0.20422351
v -0.25905385 1.24664878 -0.21973952
v -0.28137046 1.28285944 -0.23955859
v -0.26519578 1.26737034 -0.25549358
v -0.28904008 1.30324745 -0.27395135
v -0.27150315 1.28794014 -0.29006511
v -0.29722088 1.3230741 -0.30784896
v -0.27813845 1.30793774 -0.32405865
v -0.30563804 1.34262239 -0.34126576
v -0.28526365 1.32709431 -0.3576464
v -0.31406575 1.36188364 -0.37435218
v -0.29268956 1.3459146 -0.39098367
v -0.32254055 1.38091576 -0.40736392
v -0.3002325 1.36447751 -0.42412388
v -0.33123037 1.39968383 -0.44062864
v -0.3079071 1.38268303 -0.45728388
v -0.34048157 1.41779077 -0.47423636
v -0.315907 1.40030312 -0.4906758
v -0.35006874 1.43571043 -0.50817704
v -0.32438218 1.41754579 -0.52434003
v -0.35999181 1.45375752 -0.5424031
v -0.33332085 1.43474912 -0.55818861
v -0.37053468 1.47204864 -0.57697594
v -0.3427788 1.45196974 -0.592229
v -0.3814882 1.4903382 -0.61228203
v -0.35242819 1.46884501 -0.62665259
v -0.39175522 1.5077002 -0.64855831
v -0.36165928 1.48487842 -0.66184794
v -0.40156641 1.52417743 -0.6856029
v -0.37016362 1.49967289 -0.69789803
v -0.41148108 1.53969442 -0.72226536
v -0.37893745 1.51368904 -0.73460674
v -0.42259228 1.55492448 -0.75768107
v -0.3889268 1.52721929 -0.77083545
v -0.43474155 1.56971645 -0.79227882
v -0.40025991 1.54001116 -0.80640208
v -0.44807753 1.58345317 -0.82655584
v -0.41275197 1.55171179 -0.84129178
v -0.46200227 1.59567749 -0.860771
v -0.42593795 1.56175589 -0.87566471
v -0.47632885 1.6060965 -0.89483523
v -0.43951469 1.56989133 -0.90967851
v -0.4911071 1.61431193 -0.92874765
v -0.45333296 1.5758363 -0.94316041
v -0.50586038 1.61997282 -0.96214675
v -0.46700343 1.57937145 -0.97601211
v -0.52016043 1.62300825 -0.9945507
v -0.48000714 1.58069574 -1.00775229
v -0.53328961 1.62379241 -1.02511167
v -0.49162524 1.580518 -1.03784894
v -0.54445743 1.62315285 -1.05347991
v -0.50125873 1.57945513 -1.06601071
v -0.55305272 1.62209343 -1.07906186
v -0.50817549 1.57862496 -1.09114182
v -0.55854779 1.6223402 -1.10166549
v -0.51196205 1.57985746 -1.11393976
v -0.56043851 1.62626147 -1.12255716
v -0.51138407 1.58565664 -1.13464808
v -0.55712491 1.63589632 -1.13956129
v -0.50505262 1.59754276 -1.15010428
v -0.5486474 1.65061175 -1.14935219
v -0.4944587 1.61359977 -1.1578474
v -0.53771531 1.66722822 -1.15293598
v -0.4823485 1.63093316 -1.15980541
v -0.52576971 1.68447315 -1.15242457
v -0.46960768 1.64924502 -1.15833401
v -0.51194775 1.70416426 -1.14916956
v -0.45496612 1.67114114 -1.15388119
v -0.49510681 1.72812938 -1.14247822
v -0.43884614 1.69679248 -1.14637231
v -0.47732353 1.75391995 -1.13337385
v -0.42294067 1.72395312 -1.13662588
v -0.4598118 1.7802869 -1.12240457
v -0.40772739 1.75209486 -1.12513041
v -0.44281056 1.80724287 -1.10998606
v -0.39319366 1.78113365 -1.11214339
v -0.37930107 1.81105685 -1.09797775
v -0.51235479 1.81130766 -1.11612987
v -0.5320332 1.78596127 -1.12641692
v -0.58577632 1.8193767 -1.11459839
v -0.55148732 1.76090288 -1.13478183
v -0.60686004 1.79447722 -1.12178731
v -0.6602475 1.82829296 -1.10282123
v -0.62441885 1.77237963 -1.12623345
v -0.67838358 1.80622935 -1.10570645
v -0.7293291 1.83914399 -1.07895612
v -0.69099551 1.78829431 -1.1059004
v -0.74233305 1.82053947 -1.07784688
v -0.79025787 1.85089969 -1.04514586
v -0.75191021 1.80330193 -1.07516562
v -0.79981541 1.83289563 -1.04141986
v -0.84452158 1.86049437 -1.00548195
v -0.80491489 1.81619238 -1.03508532
v -0.84929525 1.84228324 -0.99791276
v -0.89099049 1.86733138 -0.96036201
v -0.84725236 1.827991 -0.98712146
v -0.88882941 1.85106945 -0.94888019
v -0.9278571 1.87437546 -0.91090041
v -0.87904179 1.84204912 -0.93546772
v -0.91790521 1.86230921 -0.89685297
v -0.95408582 1.88281619 -0.85845273
v -0.90146786 1.8580656 -0.88203543
v -0.93639159 1.87555909 -0.84298521
v -0.96857011 1.89309549 -0.80411768
v -0.9126876 1.87420189 -0.82600742
v -0.94283449 1.89016306 -0.78738182
v -0.97027754 1.90584814 -0.74884867
v -0.9114418 1.88861393 -0.76735884
v -0.93730258 1.90357959 -0.72988522
v -0.96068924 1.91792726 -0.69223827
v -0.9027574 1.89828157 -0.70804464
v -0.92510235 1.91241049 -0.67153465
v -0.94563776 1.92586875 -0.63480353
v -0.89084225 1.90266382 -0.64905953
v -0.91068053 1.91602051 -0.61338228
v -0.92897063 1.92892515 -0.57738244
v -0.87706846 1.90299964 -0.59078788
v -0.89454942 1.91603708 -0.5558536
v -0.91054606 1.92897081 -0.52071946
v -0.86114847 1.90100443 -0.533616
v -0.87638163 1.91393923 -0.49955204
v -0.89002198 1.9269005 -0.46542805
v -0.8433566 1.89692533 -0.47767138
v -0.85625106 1.90985393 -0.44459745
v -0.86772549 1.92257666 -0.4113734
v -0.82404857 1.89059376 -0.42298761
v -0.83466315 1.90316426 -0.39086234
v -0.84385639 1.91513216 -0.3586699
v -0.80325996 1.88161337 -0.36963591
v -0.81171655 1.89314842 -0.33849713
v -0.81862437 1.9038217 -0.30730205
v -0.78117704 1.86957883 -0.31767511
v -0.77310431 1.85882055 -0.34780013
v -0.79306316 1.86991965 -0.40076327
v -0.76324188 1.84800958 -0.37785679
v -0.78084522 1.8585174 -0.43189466
v -0.75139534 1.83738291 -0.40783119
v -0.72334027 1.8146727 -0.38304731
v -0.73788464 1.82643115 -0.43743383
v -0.71063572 1.80379819 -0.41139549
v -0.68445813 1.78021454 -0.3846057
v -0.69635748 1.79259991 -0.4392721
v -0.67098498 1.76917076 -0.41128462
v -0.68157094 1.78025627 -0.46679061
v -0.65687823 1.75712621 -0.43773376
v -0.66608023 1.76705026 -0.49409997
v -0.64214813 1.74425113 -0.46409794
v -0.64952993 1.75323128 -0.52115148
v -0.62640285 1.73079788 -0.49036431
v -0.63189148 1.73867201 -0.54792743
v -0.60998785 1.71637582 -0.51639795
v -0.61315363 1.72328734 -0.57434529
v -0.59280484 1.70084381 -0.54214394
v -0.57471597 1.67676734 -0.50951898
v -0.57449752 1.6844182 -0.56740474
v -0.55718505 1.6610012 -0.53418254
v -0.54081779 1.6374402 -0.50040453
v -0.53841388 1.64460349 -0.55843454
v -0.52223753 1.62217557 -0.52415835
v -0.5070607 1.59960556 -0.48943328
v -0.50351721 1.6051917 -0.54768294
v -0.48853197 1.58375453 -0.51255255
v -0.47480556 1.56196332 -0.4772616
v -0.47093173 1.5652461 -0.535214
v -0.45733481 1.54451465 -0.49959939
v -0.44429668 1.52390122 -0.46402072
v -0.43895968 1.52630984 -0.52106291
v -0.42629259 1.50656318 -0.48536628
v -0.41416272 1.48701322 -0.45011603
v -0.40623363 1.48913776 -0.50569361
v -0.3947781 1.47006547 -0.47063869
v -0.38363575 1.45115399 -0.43611627
v -0.37356704 1.45289838 -0.49012818
v -0.36306726 1.43451619 -0.45585489
v -0.35269707 1.4160943 -0.42207562
v -0.34275403 1.39725303 -0.38867688
v -0.33326923 1.37785589 -0.35558468
v -0.32378161 1.35822296 -0.32258909
v -0.31434679 1.33835959 -0.2893688
v -0.30497765 1.31846046 -0.25573518
v -0.29576319 1.29837083 -0.22159019
v -0.38426953 1.47157168 -0.52480709
v -0.41835102 1.50835776 -0.54133838
v -0.39564815 1.49053311 -0.56007206
v -0.43090307 1.5278908 -0.57757127
v -0.40743306 1.50963759 -0.59615725
v -0.44376805 1.54740166 -0.61401224
v -0.41898793 1.5282557 -0.63298428
v -0.45692098 1.56650924 -0.64999342
v -0.43051222 1.54623675 -0.66965842
v -0.47034615 1.58505129 -0.6851955
v -0.44224757 1.56338906 -0.70521158
v -0.48415774 1.6031425 -0.71987164
v -0.45469355 1.58022201 -0.74015307
v -0.49861192 1.62071776 -0.75426888
v -0.46788054 1.59652829 -0.77449309
v -0.51384884 1.63770043 -0.78860044
v -0.48192748 1.6120733 -0.80870717
v -0.52950918 1.65361166 -0.82280421
v -0.49658 1.62626957 -0.8429234
v -0.54545497 1.66815698 -0.8570736
v -0.5116471 1.63889801 -0.87718898
v -0.56205678 1.68080163 -0.89142048
v -0.5272907 1.64943552 -0.91147339
v -0.57922184 1.69102406 -0.92559164
v -0.54321348 1.65742492 -0.94538533
v -0.59640896 1.69825267 -0.95914697
v -0.55898892 1.6624602 -0.97844618
v -0.61290228 1.70206511 -0.99114137
v -0.57375919 1.66455924 -1.00966453
v -0.62803888 1.70321202 -1.02091944
v -0.58681243 1.66466713 -1.03871464
v -0.64074981 1.70260632 -1.04763305
v -0.59731227 1.66372478 -1.06501948
v -0.65000808 1.70207774 -1.07023274
v -0.60448467 1.66345763 -1.08757078
v -0.65648537 1.70365667 -1.0904777
v -0.60880833 1.66583311 -1.10821247
v -0.65900421 1.70993387 -1.10823702
v -0.60846728 1.67355608 -1.12588894
v -0.65566271 1.72226417 -1.12066817
v -0.60243868 1.68696916 -1.13733494
v -0.64764416 1.7377932 -1.12613821
v -0.59297657 1.7029016 -1.14212656
v -0.63718396 1.75442242 -1.12748134
v -0.58183217 1.71964979 -1.14259171
v -0.56868207 1.73813819 -1.14048218
v -0.70089125 1.77143883 -1.10381603
v -0.70756542 1.75575506 -1.09760665
v -0.75754761 1.78731942 -1.06886363
v -0.70853859 1.74416136 -1.08520078
v -0.75669026 1.77553725 -1.0568273
v -0.80309188 1.80334472 -1.02370739
v -0.74957883 1.77027082 -1.0409702
v -0.79447132 1.79755616 -1.00892972
v -0.83772867 1.82113397 -0.97330308
v -0.78234589 1.7963196 -0.99232715
v -0.82422113 1.81953215 -0.95791697
v -0.86404478 1.8397181 -0.92074418
v -0.80624294 1.81975102 -0.93798017
v -0.84425467 1.83975815 -0.90216797
v -0.8798201 1.85758245 -0.86448931
v -0.81921613 1.83888196 -0.87805342
v -0.85257327 1.85669231 -0.84197163
v -0.88329929 1.87321925 -0.80487847
v -0.82335364 1.8522011 -0.81618309
v -0.85199552 1.86854732 -0.78057843
v -0.87832963 1.8837434 -0.74441146
v -0.82098949 1.8593899 -0.75426298
v -0.84599936 1.87446785 -0.71953755
v -0.86934816 1.88878858 -0.68444109
v -0.81489205 1.86176192 -0.69348645
v -0.83724838 1.87599957 -0.65966141
v -0.85795593 1.88968896 -0.62542295
v -0.80616849 1.86109244 -0.63401275
v -0.82608008 1.87470245 -0.60094261
v -0.84441137 1.88795089 -0.56747162
v -0.79509335 1.85831618 -0.575751
v -0.81266176 1.87144708 -0.54346215
v -0.8287661 1.88424992 -0.51071131
v -0.78179216 1.8537538 -0.51869982
v -0.79734361 1.86618638 -0.4871239
v -0.81150114 1.87835943 -0.45514994
v -0.76696187 1.8469907 -0.462731
v -0.75184875 1.83500075 -0.49302488
v -0.72326308 1.81467819 -0.46647694
v -0.7357859 1.82206296 -0.52281904
v -0.70781827 1.80206012 -0.49512174
v -0.7185136 1.80855894 -0.55218708
v -0.69139879 1.78875398 -0.52343314
v -0.70009082 1.7943449 -0.58119249
v -0.67390817 1.7746706 -0.55144941
v -0.68061864 1.77928173 -0.60981822
v -0.65544652 1.75967907 -0.57906663
v -0.66024619 1.76314699 -0.63782292
v -0.63606464 1.74369418 -0.60622656
v -0.63904428 1.74573802 -0.6652407
v -0.61587131 1.72664916 -0.63286846
v -0.59387016 1.70657753 -0.60029685
v -0.59550964 1.70764315 -0.65893578
v -0.5747379 1.68778991 -0.62574815
v -0.55595314 1.66645002 -0.59225666
v -0.55540049 1.66720223 -0.6506344
v -0.5373283 1.64673006 -0.61670434
v -0.5199545 1.62614035 -0.5824325
v -0.5175687 1.62624716 -0.64068728
v -0.50115943 1.60622894 -0.60598564
v -0.48544326 1.58595228 -0.57077062
v -0.48043704 1.58627808 -0.6286363
v -0.4659425 1.5664308 -0.59304136
v -0.45218765 1.54627537 -0.5570842
v -0.49543303 1.60572958 -0.66366201
v -0.5344432 1.64603102 -0.6749103
v -0.51083499 1.6247909 -0.6981312
v -0.55196797 1.66527164 -0.70884537
v -0.52677005 1.64333939 -0.73231673
v -0.57026863 1.68369984 -0.74268388
v -0.54333293 1.66121411 -0.76641166
v -0.58901941 1.70159411 -0.7766031
v -0.56047666 1.67841959 -0.80060225
v -0.60815757 1.71842002 -0.81057047
v -0.57781839 1.69432663 -0.8347882
v -0.62749648 1.73390293 -0.84444743
v -0.59560269 1.70863449 -0.86896872
v -0.64740556 1.74752187 -0.87817698
v -0.61400818 1.72085952 -0.90311521
v -0.66799724 1.75828111 -0.91153711
v -0.63271033 1.73015725 -0.93683755
v -0.68840384 1.76545465 -0.94388192
v -0.65108203 1.73573613 -0.96927475
v -0.70777201 1.76876938 -0.97383856
v -0.66822397 1.73798358 -0.99922156
v -0.72512286 1.76945817 -1.00064361
v -0.68325448 1.73803889 -1.02623176
v -0.73897779 1.76912498 -1.02276992
v -0.69487083 1.7375307 -1.04886126
v -0.7035073 1.73879575 -1.06832766
v -0.76630681 1.79660677 -0.97106838
v -0.74632334 1.79555869 -0.94460153
v -0.78365987 1.81871652 -0.91247075
v -0.72455984 1.79145407 -0.9151926
v -0.75933784 1.81421113 -0.88394737
v -0.79236471 1.83426833 -0.8507483
v -0.73441273 1.80546057 -0.85341012
v -0.76518356 1.82525789 -0.82149332
v -0.79411149 1.84314203 -0.78833955
v -0.73849225 1.81272375 -0.7913959
v -0.76561081 1.83046639 -0.75959372
v -0.79104292 1.84661078 -0.72687673
v -0.73803657 1.81546592 -0.73015898
v -0.76209712 1.83165729 -0.69875055
v -0.78482145 1.84679937 -0.66665089
v -0.73405408 1.81531071 -0.66974818
v -0.75566953 1.83040905 -0.63895022
v -0.77605909 1.84468114 -0.60758823
v -0.72746831 1.81284534 -0.61038273
v -0.74678921 1.82719051 -0.58029866
v -0.76493513 1.84080863 -0.54971814
v -0.70695638 1.79770219 -0.64004755
v -0.71133703 1.79905211 -0.69993042
v -0.68541973 1.78154873 -0.66910088
v -0.68749058 1.78135991 -0.72930008
v -0.66291642 1.76404213 -0.69739562
v -0.66258424 1.7619903 -0.75762653
v -0.63961231 1.74475634 -0.72480177
v -0.61737018 1.72645854 -0.69191473
v -0.61517053 1.72375774 -0.75124776
v -0.59472912 1.70549392 -0.71772724
v -0.57456135 1.68683099 -0.68424141
v -0.63631588 1.7409091 -0.78475296
v -0.68581867 1.778476 -0.79009628
v -0.65760761 1.75705063 -0.81808674
v -0.70974773 1.79317688 -0.82199692
v -0.67940437 1.77140069 -0.85102349
v -0.70194292 1.78324008 -0.88359016
v -0.71260947 1.79781711 -0.76068782
v -0.19702675 1.89547514 0.55321234
v -0.20169049 1.90369617 0.58678519
v -0.22883293 1.92000258 0.58159875
v -0.20942759 1.9073131 0.62000954
v -0.23649328 1.92574966 0.61461973
v -0.2643401 1.94113779 0.60797023
v -0.24692614 1.92849052 0.64741027
v -0.275406 1.94473576 0.63980454
v -0.30416029 1.95831811 0.63111168
v -0.28828835 1.94738018 0.67033916
v -0.31794321 1.9624331 0.65917056
v -0.34754908 1.97610473 0.6460945
v -0.33208042 1.96852695 0.68573564
v -0.36256429 1.98340725 0.66957622
v -0.39242154 1.99661397 0.65126127
v -0.37750163 1.99251437 0.69157838
v -0.40792334 2.00624895 0.6707611
v -0.43720954 2.01787066 0.64815414
v -0.4230557 2.01737427 0.68954575
v -0.4528476 2.0291624 0.66518735
v -0.48137006 2.03864431 0.63970142
v -0.46802976 2.04193496 0.68181592
v -0.49720808 2.05128312 0.65501421
v -0.52533733 2.05848717 0.62744796
v -0.51242101 2.06560134 0.6699469
v -0.54120016 2.07247376 0.64140027
v -0.5694279 2.0772984 0.61206972
v -0.55606538 2.08856511 0.65451073
v -0.58494001 2.09284329 0.62464147
v -0.61374914 2.09506154 0.59445715
v -0.59852749 2.11140823 0.635558
v -0.62805044 2.11286735 0.60535872
v -0.65797871 2.11219239 0.57529032
v -0.6389026 2.13452529 0.61279678
v -0.66965603 2.13347935 0.58306551
v -0.70083391 2.13091039 0.55349934
v -0.67612803 2.15833473 0.58534276
v -0.70832395 2.15563201 0.55623924
v -0.74083131 2.15175032 0.52690815
v -0.7107678 2.18188858 0.55372381
v -0.74404144 2.17819833 0.52454876
v -0.77734804 2.17384243 0.49454379
v -0.74359059 2.20443892 0.51869052
v -0.77737438 2.2005465 0.48869258
v -0.81084841 2.19666004 0.45746505
v -0.77406555 2.22615933 0.48011738
v -0.80784571 2.22280287 0.44888162
v -0.84109121 2.21979761 0.41605114
v -0.80159354 2.24709796 0.43774703
v -0.83500796 2.24474239 0.40495324
v -0.867832 2.24309778 0.37043607
v -0.82587772 2.26718998 0.39150977
v -0.85865175 2.26626968 0.35700446
v -0.8906759 2.26651287 0.32097306
v -0.84690332 2.28667354 0.34168192
v -0.8783977 2.28773832 0.30556047
v -0.90841543 2.29024052 0.26838582
v -0.86378049 2.3061738 0.28871744
v -0.89250755 2.30944252 0.25152805
v -0.91950625 2.31378793 0.21378006
v -0.87427109 2.32596874 0.23383525
v -0.89929592 2.33086848 0.19649741
v -0.9232468 2.33670282 0.15862724
v -0.87640422 2.34531092 0.17904073
v -0.89862996 2.35145115 0.14194834
v -0.92032277 2.35840868 0.10392675
v -0.87120842 2.36342287 0.125743
v -0.8915714 2.37057614 0.08854426
v -0.91128236 2.37846469 0.05029287
v -0.86076933 2.38076829 0.07429802
v -0.87919592 2.38855242 0.03680334
v -0.89662039 2.39610576 -0.00185191
v -0.84524405 2.39704179 0.02476825
v -0.86157715 2.40425396 -0.01311662
v -0.87699854 2.41095519 -0.05210694
v -0.82511997 2.41127681 -0.02268502
v -0.83966982 2.41757679 -0.06098786
v -0.85326033 2.42351865 -0.10002285
v -0.80166649 2.42393183 -0.06837682
v -0.81452155 2.42925858 -0.10657517
v -0.82630479 2.43420004 -0.14540985
v -0.77546417 2.43607044 -0.11174681
v -0.78641992 2.44008493 -0.14974319
v -0.79589223 2.44374394 -0.18795025
v -0.7466439 2.44942545 -0.15232126
v -0.75497806 2.45169901 -0.18961209
v -0.76188671 2.45331168 -0.22677348
v -0.71516573 2.4650948 -0.18955034
v -0.72083824 2.4650259 -0.22590579
v -0.72519403 2.46358895 -0.26182907
v -0.68187141 2.48294615 -0.2238305
v -0.68483561 2.47962164 -0.25914499
v -0.68718206 2.47499942 -0.29390972
v -0.64724892 2.50185799 -0.2557677
v -0.64821332 2.49545693 -0.29020845
v -0.64921993 2.48739624 -0.32392031
v -0.61151415 2.5207827 -0.28625699
v -0.61124849 2.51094532 -0.31987828
v -0.61123037 2.49819207 -0.35265556
v -0.57457268 2.53693962 -0.31535989
v -0.57412385 2.5229392 -0.34853905
v -0.57421279 2.50569152 -0.38145583
v -0.53819143 2.54818105 -0.34408098
v -0.53842413 2.52946996 -0.37822648
v -0.53865391 2.50812912 -0.411224
v -0.50384694 2.55198407 -0.37558978
v -0.50435876 2.52963638 -0.40956181
v -0.50411707 2.50506401 -0.44163224
v -0.471549 2.54894924 -0.40876591
v -0.47130572 2.52370667 -0.44154265
v -0.46995285 2.49661898 -0.47194844
v -0.43958964 2.54031348 -0.44241502
v -0.43797183 2.51323556 -0.47326511
v -0.43521136 2.4848628 -0.50140458
v -0.40657055 2.52815842 -0.47540774
v -0.4034782 2.49993181 -0.50394994
v -0.39980518 2.47079515 -0.53006255
v -0.37191653 2.51365971 -0.50710487
v -0.36785388 2.48455476 -0.53344607
v -0.36382126 2.45442533 -0.55731374
v -0.33584183 2.49720764 -0.53714245
v -0.33150756 2.4666171 -0.56084251
v -0.32824423 2.43451833 -0.58241403
v -0.29895526 2.477674 -0.56429994
v -0.29561555 2.44468545 -0.58536636
v -0.29365229 2.41061639 -0.60498291
v -0.26269394 2.45380353 -0.58797812
v -0.26084759 2.41872 -0.60663247
v -0.25952997 2.3832674 -0.62456029
v -0.22777333 2.42567014 -0.60775136
v -0.2267998 2.38928103 -0.62461316
v -0.22587761 2.35358047 -0.64224308
v -0.19388878 2.39430522 -0.62412273
v -0.19331567 2.35764741 -0.64063954
v -0.19267815 2.32263183 -0.65983122
v -0.16066561 2.36098766 -0.63872337
v -0.16032704 2.32473063 -0.65653169
v -0.15983641 2.29176259 -0.67922967
v -0.12791974 2.32683897 -0.6539666
v -0.12765903 2.29294443 -0.67584216
v -0.12705589 2.26487207 -0.70453447
v -0.09556102 2.29399466 -0.67284184
v -0.09511542 2.26526927 -0.70139932
v -0.09466481 2.23857212 -0.73206347
v -0.06332433 2.26531505 -0.69874531
v -0.06300014 2.23861098 -0.72980302
v -0.06271871 2.21230483 -0.76100498
v -0.06362243 2.29442262 -0.67010438
v -0.0635765 2.32990884 -0.64960408
v -0.09565045 2.32862329 -0.65157938
v -0.09562306 2.36656665 -0.63525599
v -0.06349301 2.36866331 -0.63394933
v -0.12803523 2.36395978 -0.63691204
v -0.128237 2.40256762 -0.62204444
v -0.09579338 2.40601086 -0.62089866
v -0.16098184 2.39864802 -0.62319767
v -0.16153603 2.4370625 -0.60782468
v -0.12881727 2.44204044 -0.6073116
v -0.19457462 2.43163466 -0.60807323
v -0.1963133 2.46898794 -0.59097361
v -0.16336469 2.4757204 -0.59142553
v -0.2294934 2.46178531 -0.58984464
v -0.23305909 2.49699997 -0.56995761
v -0.19996468 2.50557017 -0.57168805
v -0.2661035 2.4877634 -0.56744974
v -0.27097231 2.5200169 -0.54437738
v -0.2380677 2.53042578 -0.54736107
v -0.30357143 2.50897049 -0.54087555
v -0.30844786 2.53859949 -0.51467627
v -0.27615708 2.55028224 -0.51854676
v -0.3403185 2.52645683 -0.5107544
v -0.34411293 2.55434989 -0.4818474
v -0.31256973 2.56647849 -0.48581287
v -0.37536135 2.54168558 -0.4782992
v -0.37771055 2.56827735 -0.44688785
v -0.34674137 2.58055734 -0.45028427
v -0.40856954 2.5550692 -0.44426173
v -0.40916344 2.58002042 -0.41033402
v -0.3786621 2.59290623 -0.41282174
v -0.439915 2.56556844 -0.40892925
v -0.43938782 2.58856105 -0.37329506
v -0.40874493 2.60272979 -0.37420168
v -0.47088155 2.57182025 -0.37383526
v -0.46972793 2.59233784 -0.33705478
v -0.43830132 2.60906124 -0.33577665
v -0.50312399 2.57183575 -0.33997458
v -0.50331163 2.58829212 -0.30382466
v -0.4689697 2.60984277 -0.29898288
v -0.53873688 2.56337595 -0.3098818
v -0.54048478 2.57543611 -0.27527809
v -0.50517368 2.60142636 -0.26770246
v -0.57578873 2.54805684 -0.28145486
v -0.57749307 2.5569787 -0.24670335
v -0.54313468 2.58500719 -0.23979158
v -0.61206054 2.52866244 -0.25180637
v -0.6123259 2.53464508 -0.21648605
v -0.57925701 2.56372833 -0.21095758
v -0.64590072 2.50675725 -0.22062972
v -0.64403259 2.5104711 -0.18466082
v -0.61237454 2.53941774 -0.1802735
v -0.67789107 2.48492026 -0.18784415
v -0.67305982 2.48644828 -0.15114529
v -0.64149296 2.51361227 -0.14791962
v -0.70824682 2.46457004 -0.15277306
v -0.70042926 2.46428966 -0.11566595
v -0.66761344 2.48811054 -0.1139215
v -0.73694098 2.44703126 -0.11496425
v -0.72601604 2.44475269 -0.07750156
v -0.6916452 2.46427917 -0.07815231
v -0.76333242 2.43189811 -0.07407279
v -0.75046521 2.42780518 -0.03695692
v -0.71435898 2.44276404 -0.04023977
v -0.78794223 2.41835141 -0.03085868
v -0.77342128 2.4124732 0.00565595
v -0.73698484 2.42379188 -0.00061885
v -0.80974501 2.4045999 0.01446069
v -0.79347086 2.39787435 0.0504832
v -0.75803935 2.40687966 0.04136559
v -0.82784944 2.38960552 0.06159808
v -0.80982428 2.38286113 0.09725958
v -0.77655148 2.39174318 0.08568849
v -0.84154993 2.37365984 0.11074081
v -0.82220369 2.36751461 0.14629294
v -0.79165065 2.37709951 0.13222128
v -0.85058081 2.35717916 0.16202257
v -0.82971978 2.35178256 0.19803756
v -0.80299699 2.36214327 0.18177229
v -0.8534801 2.34007525 0.21574455
v -0.82893896 2.33573269 0.25253203
v -0.80785477 2.34721565 0.23440425
v -0.84737038 2.3220787 0.27091303
v -0.8180046 2.31969595 0.30722445
v -0.80147916 2.33271837 0.28896623
v -0.83322119 2.30445194 0.32495641
v -0.80126231 2.30437326 0.35961169
v -0.78662014 2.31898045 0.34197852
v -0.81442701 2.28709602 0.37623989
v -0.7812196 2.28840422 0.40900975
v -0.76832962 2.30525589 0.39238375
v -0.79252308 2.26906013 0.42432603
v -0.75863635 2.2713921 0.45552265
v -0.747469 2.29024505 0.44015029
v -0.76769626 2.24991726 0.46899125
v -0.73331296 2.25272989 0.49891972
v -0.72417712 2.27358007 0.4853293
v -0.73989975 2.22949314 0.51010167
v -0.70544111 2.23234558 0.53931587
v -0.69846516 2.25493359 0.52797871
v -0.70967024 2.2078123 0.5479111
v -0.67575931 2.2100017 0.57691478
v -0.67079198 2.23411941 0.56825172
v -0.67771196 2.18440961 0.58271032
v -0.64497476 2.18546104 0.61204183
v -0.64193409 2.21081161 0.6060732
v -0.64437955 2.15949964 0.6147561
v -0.61293828 2.15898132 0.64472872
v -0.61249691 2.18502426 0.64186257
v -0.60845363 2.13376593 0.64287245
v -0.57782477 2.13085651 0.67307192
v -0.58138316 2.15660405 0.67496258
v -0.56884354 2.10783386 0.66565418
v -0.53843486 2.10222315 0.69548696
v -0.54649925 2.12591481 0.7031207
v -0.52653026 2.08223199 0.68387335
v -0.49588629 2.07381701 0.71257811
v -0.50692254 2.09452104 0.72486591
v -0.48251587 2.05657529 0.69779825
v -0.45141288 2.04534292 0.72483807
v -0.46400284 2.06321215 0.74057316
v -0.43757039 2.03026986 0.70768374
v -0.40584585 2.01645708 0.73219525
v -0.41902598 2.03196907 0.75070852
v -0.39199096 2.00342416 0.71242594
v -0.35979372 1.98768782 0.73345035
v -0.37286502 2.00080394 0.75508838
v -0.34616103 1.97702717 0.71033275
v -0.31422573 1.96018588 0.72689354
v -0.32663428 1.9705379 0.75235223
v -0.30140423 1.95231354 0.69960713
v -0.27071335 1.93478989 0.71120423
v -0.28181543 1.94218277 0.74132478
v -0.25901961 1.9304676 0.67951321
v -0.23034758 1.91147458 0.68705976
v -0.24018193 1.91601538 0.72082269
v -0.21960151 1.90917289 0.65345984
v -0.19281494 1.88821685 0.65796846
v -0.20235689 1.89092397 0.69279277
v -0.17462627 1.87000358 0.69700133
v -0.18033278 1.87635552 0.73377502
v -0.2099163 1.89649748 0.72839462
v -0.18310898 1.88498091 0.7710511
v -0.21596831 1.90436756 0.76382935
v -0.24897363 1.92350113 0.75371801
v -0.22148382 1.91495239 0.79669153
v -0.25752371 1.93379187 0.78399252
v -0.29259237 1.95238733 0.76919984
v -0.2663744 1.94691681 0.81162703
v -0.30329743 1.96538543 0.79503852
v -0.33866202 1.98359835 0.77607339
v -0.31365919 1.98189175 0.81875616
v -0.35018265 1.99976861 0.79792696
v -0.38527819 2.01664328 0.77514576
v -0.36072045 2.01947546 0.81754857
v -0.39649221 2.03577971 0.79329145
v -0.43090719 2.05044269 0.76755726
v -0.40536931 2.05892229 0.8083924
v -0.44038561 2.07275104 0.7816466
v -0.4741756 2.0846939 0.75366604
v -0.44574818 2.0988233 0.79086303
v -0.48037549 2.10982227 0.7622317
v -0.51401197 2.1188848 0.73288255
v -0.48124614 2.13713741 0.76442503
v -0.51575219 2.14558196 0.73498088
v -0.54914337 2.15218234 0.70512133
v -0.51259958 2.17239952 0.7314707
v -0.54677879 2.17868709 0.70189994
v -0.57991433 2.18288564 0.67190343
v -0.54046309 2.20408415 0.69457912
v -0.57448142 2.20818543 0.66509974
v -0.60821086 2.21028327 0.63546478
v -0.56641918 2.23164558 0.65483975
v -0.60118591 2.23385524 0.62593698
v -0.63598632 2.23460507 0.59706097
v -0.59255319 2.2554686 0.61346685
v -0.62790536 2.2562704 0.58499491
v -0.66324317 2.25609684 0.55655002
v -0.61882424 2.27645039 0.57104075
v -0.65409636 2.27624344 0.54272449
v -0.68924355 2.27523613 0.5142253
v -0.64406019 2.29498028 0.52754235
v -0.67877453 2.2938199 0.49900403
v -0.71323365 2.29209423 0.46994084
v -0.66744405 2.3109653 0.48279041
v -0.70131802 2.30898141 0.45358359
v -0.73497438 2.30693101 0.42357766
v -0.68851608 2.32435441 0.43660178
v -0.72141969 2.32169699 0.40625885
v -0.75418907 2.31971836 0.3748759
v -0.70715379 2.33522629 0.38873666
v -0.73923838 2.33265304 0.35698688
v -0.77111446 2.33165097 0.32390791
v -0.72387206 2.34405946 0.33919537
v -0.75469005 2.34275507 0.3057731
v -0.78309744 2.34397506 0.27074685
v -0.73763871 2.35308527 0.28819567
v -0.76285183 2.35426187 0.2533237
v -0.78375697 2.35755538 0.21751801
v -0.7390868 2.36582517 0.23739174
v -0.75649309 2.36830306 0.20248127
v -0.77371609 2.37218618 0.16720227
v -0.7273907 2.38228893 0.19064416
v -0.74287957 2.38378286 0.15552716
v -0.75939852 2.38688182 0.12054754
v -0.71218884 2.3996489 0.1469108
v -0.72682642 2.4001007 0.11180314
v -0.74226582 2.4024806 0.07671871
v -0.69579386 2.4189465 0.10617467
v -0.70915216 2.41861963 0.07097241
v -0.72301304 2.42020964 0.03532176
v -0.67891669 2.44150137 0.06845027
v -0.69066989 2.44053411 0.03283343
v -0.70248919 2.44114565 -0.00349581
v -0.66210734 2.46699976 0.03299639
v -0.67218643 2.46542382 -0.00333461
v -0.68206542 2.46460318 -0.04056911
v -0.64539921 2.49420046 -0.00120364
v -0.65364229 2.4918971 -0.03850777
v -0.66110462 2.48988199 -0.07624643
v -0.62733262 2.5218265 -0.03475907
v -0.63341558 2.51915073 -0.07248213
v -0.63807761 2.51642179 -0.1104066
v -0.60616684 2.54922676 -0.06759931
v -0.60966557 2.54636597 -0.10559499
v -0.61159277 2.54324674 -0.14330235
v -0.58077448 2.57613277 -0.09930552
v -0.58156853 2.57296419 -0.13711172
v -0.58092463 2.56900167 -0.17439058
v -0.55038404 2.60183787 -0.12952052
v -0.54873544 2.59791827 -0.16672626
v -0.54603111 2.59234762 -0.20353987
v -0.51497864 2.62520742 -0.15768012
v -0.51170522 2.61947393 -0.19442132
v -0.50820148 2.61161565 -0.23124001
v -0.47623366 2.64374923 -0.18482524
v -0.47278612 2.63514161 -0.22253601
v -0.4700793 2.62411212 -0.26056218
v -0.43884342 2.65413975 -0.21741524
v -0.43730497 2.64188027 -0.25700739
v -0.43726027 2.62683844 -0.29673671
v -0.40641519 2.65550756 -0.25719481
v -0.40688094 2.64040374 -0.29714593
v -0.40785098 2.62288236 -0.33633935
v -0.37624868 2.6520152 -0.2994841
v -0.37734261 2.63493466 -0.33851054
v -0.3783589 2.61519074 -0.37649846
v -0.34649062 2.64576339 -0.34188464
v -0.34770441 2.62649893 -0.37984338
v -0.34795168 2.60475158 -0.41619116
v -0.31665983 2.63724637 -0.38402143
v -0.31680351 2.61605358 -0.42025706
v -0.31545609 2.59244751 -0.45434147
v -0.28510969 2.62728929 -0.42476642
v -0.28362533 2.60411548 -0.45862042
v -0.28053447 2.57831764 -0.48988986
v -0.25100913 2.61566877 -0.46277302
v -0.24781245 2.58992862 -0.49375569
v -0.2433158 2.56148505 -0.52198594
v -0.21428646 2.60124373 -0.4971587
v -0.20987528 2.5721867 -0.52486121
v -0.20484159 2.54021501 -0.54968977
v -0.1757716 2.58212876 -0.52708137
v -0.171222 2.5491991 -0.55135679
v -0.16684295 2.51347017 -0.57274472
v -0.13720479 2.55712246 -0.55244576
v -0.13361547 2.52050495 -0.57332158
v -0.13062709 2.48181724 -0.59148931
v -0.10029608 2.5263412 -0.57356488
v -0.09804899 2.48691844 -0.59124136
v -0.0964265 2.44636726 -0.60661983
v -0.06541589 2.49075007 -0.59091156
v -0.06423664 2.44981479 -0.60597693
v -0.06365586 2.4088087 -0.61998248
v -0.06682926 2.53069067 -0.57368856
v -0.06857471 2.56871056 -0.55363905
v -0.10295886 2.56374096 -0.55318272
v -0.10589575 2.59834694 -0.52969241
v -0.07060086 2.60396456 -0.53034013
v -0.14103521 2.59097242 -0.52865839
v -0.14455843 2.62139654 -0.50174176
v -0.1087071 2.62947058 -0.50293034
v -0.17983102 2.61186504 -0.49984663
v -0.18296511 2.63827085 -0.4697991
v -0.14738646 2.64840507 -0.47205174
v -0.21753212 2.6272242 -0.46665284
v -0.21929606 2.64991235 -0.43349564
v -0.18483609 2.66109013 -0.43710023
v -0.25268736 2.63859677 -0.42929101
v -0.25279483 2.65849661 -0.39357265
v -0.21964448 2.66947031 -0.39820238
v -0.28504967 2.64776897 -0.38870212
v -0.2836287 2.66567039 -0.35097008
v -0.25149762 2.6756649 -0.35612905
v -0.31523662 2.65582394 -0.34610983
v -0.31308484 2.67195367 -0.30718171
v -0.28117281 2.68112087 -0.31214001
v -0.3448897 2.66240835 -0.30291944
v -0.3436976 2.67666339 -0.26367986
v -0.31098115 2.68581295 -0.26797437
v -0.37567609 2.66671252 -0.25992316
v -0.37574634 2.67931747 -0.22030603
v -0.34313124 2.68879103 -0.22503338
v -0.40705105 2.66835641 -0.21708151
v -0.40811735 2.67933058 -0.17784744
v -0.37552732 2.69066023 -0.18184374
v -0.44112309 2.66407775 -0.17861801
v -0.44364917 2.67154407 -0.14168317
v -0.4087708 2.68857669 -0.14093811
v -0.47957584 2.65002274 -0.14822241
v -0.48223662 2.65438795 -0.11258664
v -0.44568869 2.67698526 -0.10691693
v -0.51731836 2.62914967 -0.12099707
v -0.51783251 2.63195776 -0.08488701
v -0.48322773 2.65751934 -0.0782648
v -0.55035871 2.60481452 -0.09223205
v -0.54801064 2.60730695 -0.05537029
v -0.5162006 2.6343944 -0.04943713
v -0.57791316 2.57882595 -0.06164205
v -0.57285004 2.58136272 -0.02458693
v -0.54344469 2.60979914 -0.01930241
v -0.60068613 2.55194401 -0.02994917
v -0.59342336 2.55459308 0.00671075
v -0.56595635 2.5841403 0.01133384
v -0.61982595 2.524441 0.00227301
v -0.61114168 2.52707099 0.03814676
v -0.58501654 2.55746269 0.04196874
v -0.63629186 2.49659347 0.03496559
v -0.6267184 2.49913406 0.06991678
v -0.60180068 2.52979922 0.07252322
v -0.65187919 2.46919918 0.06835927
v -0.6415655 2.47160458 0.10264954
v -0.61691254 2.50166249 0.10346221
v -0.66747683 2.44341063 0.1033286
v -0.65617317 2.44560289 0.13729868
v -0.63118863 2.47392416 0.1356806
v -0.68300527 2.42035579 0.14092651
v -0.67054474 2.42210054 0.17483845
v -0.64477062 2.44752478 0.17024016
v -0.6983425 2.4003551 0.18160229
v -0.68473362 2.40110778 0.21554659
v -0.65817308 2.4234333 0.20796075
v -0.7122966 2.38149452 0.22500649
v -0.69592803 2.38210916 0.25879997
v -0.67058622 2.40199852 0.24860361
v -0.71894997 2.36578273 0.27210104
v -0.69356191 2.36923646 0.30658596
v -0.67535734 2.38531971 0.29287838
v -0.70857083 2.35541153 0.32202789
v -0.67864948 2.36108779 0.35503333
v -0.66533052 2.3759768 0.34009039
v -0.69257199 2.34764862 0.37141576
v -0.66129487 2.35232853 0.40261828
v -0.64850217 2.36757516 0.38695174
v -0.67497205 2.33853459 0.41942057
v -0.64258146 2.34183192 0.44908088
v -0.62991333 2.35701274 0.43268123
v -0.65530419 2.32681393 0.465976
v -0.62184846 2.32890415 0.49464124
v -0.61001193 2.34483265 0.47790309
v -0.63327771 2.31243538 0.51134443
v -0.59887206 2.31333661 0.53953969
v -0.58803212 2.33032536 0.52274739
v -0.6091479 2.29547071 0.55579793
v -0.57405006 2.29529404 0.58391082
v -0.56412148 2.31357193 0.56744098
v -0.58349114 2.27590942 0.59933227
v -0.5480529 2.27442264 0.62740981
v -0.53873378 2.29441428 0.61179274
v -0.55724984 2.25350332 0.64182627
v -0.52184152 2.24995923 0.66973763
v -0.51238787 2.27152538 0.65494239
v -0.53150475 2.22766661 0.68336772
v -0.49614349 2.22176861 0.71113669
v -0.48605456 2.24441623 0.69675123
v -0.50564652 2.19795513 0.72334754
v -0.46989208 2.19022083 0.75126379
v -0.46025466 2.21434521 0.7382853
v -0.4773224 2.16441178 0.76036638
v -0.44132217 2.15521073 0.78891539
v -0.43355345 2.18160343 0.77902919
v -0.44589313 2.12712812 0.7933619
v -0.40951085 2.11550593 0.82107657
v -0.40442413 2.14458465 0.81650269
v -0.41009193 2.0860486 0.81834614
v -0.37334221 2.07140898 0.8443976
v -0.37225085 2.10201835 0.84727144
v -0.36907702 2.04332494 0.83376681
v -0.33137837 2.02646827 0.85764575
v -0.33548393 2.05540967 0.86909359
v -0.32342577 2.00201273 0.84006238
v -0.28430485 1.98420906 0.86018109
v -0.29195058 2.00918173 0.87952905
v -0.27541881 1.96360349 0.83705925
v -0.2356618 1.9451847 0.85275095
v -0.24368463 1.96651363 0.87765705
v -0.22793388 1.92825794 0.82576602
v -0.18804594 1.90924477 0.83698892
v -0.19464969 1.92692184 0.86563217
v -0.18448728 1.89567494 0.80636519
v -0.14699891 1.87563288 0.81129717
v -0.14729297 1.89005792 0.84382891
v -0.15008679 1.86500537 0.77535277
v -0.1156262 1.84416604 0.77646356
v -0.10886757 1.85554814 0.81177866
v -0.15037077 1.85601544 0.73727035
v -0.11919072 1.83540415 0.73912549
v -0.08466719 1.81402838 0.73882925
v -0.07964697 1.82296192 0.77383637
v -0.07065471 1.83734643 0.80928945
v -0.06789518 1.85863006 0.84755045
v -0.10694999 1.87235343 0.84669476
v -0.07289986 1.88389706 0.88541972
v -0.11211128 1.89476287 0.88143646
v -0.15299829 1.90955174 0.8751707
v -0.11873586 1.92033386 0.91348063
v -0.16015005 1.93348383 0.90456527
v -0.20208689 1.94930779 0.89251393
v -0.1666108 1.96126437 0.92979133
v -0.20898839 1.97601783 0.91555178
v -0.25091397 1.99228715 0.89874333
v -0.21376687 2.00775241 0.93149775
v -0.25550055 2.02306175 0.91302418
v -0.29623547 2.03895711 0.89221155
v -0.25552937 2.05741357 0.91732704
v -0.29548436 2.07193207 0.89555907
v -0.33430263 2.0871644 0.87211811
v -0.28984341 2.10478544 0.88996011
v -0.32842466 2.11873531 0.86691892
v -0.36666607 2.1323328 0.84250843
v -0.31989073 2.14819145 0.85565114
v -0.35831397 2.16051864 0.83163809
v -0.39634448 2.17177867 0.80604326
v -0.3487885 2.18680191 0.81710755
v -0.38677179 2.19703698 0.79190647
v -0.42392063 2.20615959 0.76538038
v -0.37650704 2.22088646 0.77545476
v -0.41351649 2.22940945 0.74950766
v -0.44990861 2.23729062 0.72314661
v -0.40311276 2.25217342 0.73261553
v -0.43974173 2.25987339 0.70713955
v -0.47626507 2.26661729 0.68146997
v -0.42999222 2.28212785 0.69046068
v -0.46676278 2.28818774 0.66524744
v -0.50303751 2.29227948 0.63903677
v -0.45735588 2.30887436 0.64802563
v -0.4936048 2.31208419 0.62211054
v -0.52908021 2.31332564 0.59506595
v -0.48397594 2.33106923 0.60437578
v -0.51915705 2.33152866 0.57770311
v -0.55381518 2.33116626 0.55044865
v -0.509256 2.34965705 0.56017142
v -0.54350858 2.34883642 0.53346955
v -0.57703787 2.34718966 0.50600516
v -0.53356498 2.36709213 0.51686203
v -0.5664286 2.36475706 0.48979556
v -0.59843301 2.36131572 0.46172982
v -0.55620527 2.38304781 0.47412094
v -0.58742582 2.37889623 0.44642841
v -0.61799156 2.37351059 0.4173544
v -0.57628059 2.39657068 0.43145307
v -0.60605526 2.39020299 0.40258464
v -0.63591861 2.38329672 0.37215787
v -0.59387207 2.40715432 0.38851386
v -0.62244147 2.39896059 0.35821953
v -0.65021741 2.39139175 0.32632994
v -0.60785448 2.41636037 0.34546393
v -0.63271284 2.4090166 0.31383389
v -0.65381288 2.40416836 0.28138068
v -0.61393106 2.42974233 0.30323225
v -0.63124156 2.42591667 0.27181235
v -0.6454209 2.42428207 0.24025586
v -0.60995817 2.450814 0.26425397
v -0.62201756 2.44974041 0.23359626
v -0.63335067 2.44882512 0.20224514
v -0.6004439 2.47801995 0.22865052
v -0.61065769 2.47726798 0.19847481
v -0.62080103 2.47582531 0.16754549
v -0.58840918 2.50692462 0.19605387
v -0.59775221 2.50584363 0.16634784
v -0.60725784 2.5040431 0.1355797
v -0.57402026 2.53643655 0.16655854
v -0.58309507 2.53492403 0.13661195
v -0.59235703 2.53256607 0.10530591
v -0.5576483 2.56539583 0.13842046
v -0.56686192 2.56335091 0.10768179
v -0.57598316 2.56049203 0.07558386
v -0.53989708 2.59269857 0.11020083
v -0.54902887 2.59029436 0.07857856
v -0.55780887 2.58722829 0.04569429
v -0.52047133 2.6182754 0.08134525
v -0.52912312 2.61575651 0.04900627
v -0.53696954 2.61270856 0.01554893
v -0.49872538 2.64226007 0.05174375
v -0.50621497 2.63974762 0.01899552
v -0.51228684 2.63695907 -0.0147282
v -0.47386008 2.66470217 0.02149418
v -0.47925165 2.66243028 -0.01130721
v -0.48237928 2.66004467 -0.044547
v -0.44438654 2.68539857 -0.00930074
v -0.44656401 2.68341541 -0.04159996
v -0.44664174 2.68070149 -0.0739474
v -0.40984424 2.70384097 -0.04104338
v -0.40940526 2.70069026 -0.07348137
v -0.40893366 2.6957159 -0.10651733
v -0.37331986 2.71635055 -0.07638344
v -0.37348076 2.70980596 -0.11045159
v -0.374513 2.70103025 -0.14524266
v -0.33911702 2.72095227 -0.11537203
v -0.34076774 2.7109127 -0.15093186
v -0.34240871 2.69995737 -0.18752624
v -0.30694869 2.71920633 -0.15584869
v -0.30851358 2.70810818 -0.19233158
v -0.30958566 2.69732785 -0.22957579
v -0.27438342 2.71545529 -0.19647932
v -0.27603337 2.70530581 -0.23409521
v -0.27832457 2.69429707 -0.27283531
v -0.24285592 2.71290898 -0.23886643
v -0.24584481 2.70258283 -0.27809685
v -0.24899798 2.69023704 -0.31745398
v -0.21325555 2.71106457 -0.28339576
v -0.21636 2.69973802 -0.32271993
v -0.21859723 2.68593311 -0.36111939
v -0.18294978 2.70960068 -0.32737869
v -0.1847288 2.69651675 -0.36546495
v -0.18541815 2.68050169 -0.40218371
v -0.14973048 2.70704555 -0.36881721
v -0.15000458 2.69111681 -0.40520182
v -0.14920875 2.67157173 -0.4397456
v -0.11340247 2.7005577 -0.40706497
v -0.11255521 2.68076133 -0.44137916
v -0.11096553 2.6570208 -0.47342935
v -0.07522119 2.68778324 -0.44209826
v -0.07411283 2.66360974 -0.47413122
v -0.07256026 2.63566756 -0.5036298
v -0.07593785 2.70797944 -0.40788123
v -0.07619816 2.7242887 -0.37185853
v -0.11346779 2.71660757 -0.37090009
v -0.11278589 2.72925472 -0.33337661
v -0.07596642 2.73711729 -0.33454972
v -0.14847667 2.71967124 -0.33102339
v -0.14637562 2.72946119 -0.29221779
v -0.11133275 2.73873233 -0.29478257
v -0.18022483 2.72003698 -0.28828403
v -0.17696131 2.7281413 -0.2485633
v -0.14363405 2.73667621 -0.25273156
v -0.20987293 2.72026538 -0.24377338
v -0.20702599 2.72861218 -0.20459385
v -0.17395533 2.73515534 -0.20889566
v -0.24049 2.72219657 -0.20044395
v -0.23892588 2.73226165 -0.1630361
v -0.20517513 2.73766613 -0.16628374
v -0.27288967 2.7261908 -0.15973249
v -0.27145978 2.73729848 -0.12303108
v -0.23773793 2.74327993 -0.12588311
v -0.30523374 2.73006868 -0.11967923
v -0.30457785 2.73903822 -0.08330521
v -0.27085924 2.74708771 -0.08597129
v -0.33858889 2.72879719 -0.08005199
v -0.33889377 2.73369097 -0.04482793
v -0.30469077 2.74487185 -0.04703056
v -0.37378555 2.7202897 -0.04258243
v -0.37335002 2.72231435 -0.00934567
v -0.33857446 2.73631215 -0.01049851
v -0.40874111 2.70554542 -0.00871956
v -0.40552139 2.70644903 0.02365173
v -0.37098047 2.72318649 0.02356514
v -0.44001454 2.68693447 0.0230293
v -0.43409991 2.68781185 0.05528034
v -0.40059816 2.70669651 0.05608028
v -0.46699079 2.66640257 0.05385877
v -0.45937383 2.66721487 0.08576403
v -0.42733711 2.68778276 0.08728568
v -0.49047154 2.64397835 0.08376006
v -0.48190608 2.64464807 0.1150729
v -0.45150783 2.66689086 0.117205
v -0.51147377 2.61990475 0.11271939
v -0.50237029 2.62040925 0.1431635
v -0.47332191 2.64409542 0.14571553
v -0.53062939 2.59412527 0.14067228
v -0.52142089 2.59443855 0.16996479
v -0.49337434 2.61973333 0.17264682
v -0.54852825 2.56641292 0.16784665
v -0.5395661 2.56633806 0.19589214
v -0.51235699 2.59366226 0.19794967
v -0.56508493 2.53693866 0.19519209
v -0.55616885 2.5363636 0.22258806
v -0.53073597 2.56525921 0.22239854
v -0.57899451 2.50705313 0.22484836
v -0.56935221 2.50640511 0.25270444
v -0.54711699 2.53504085 0.24846784
v -0.58972591 2.4782505 0.25813657
v -0.57761251 2.47901821 0.2866587
v -0.55871677 2.50610613 0.27896523
v -0.59550637 2.45334291 0.29451796
v -0.57754707 2.45871257 0.32357385
v -0.56246244 2.48249101 0.31335845
v -0.59273046 2.43639779 0.33403351
v -0.56890904 2.44515872 0.36266762
v -0.55669772 2.46638512 0.35048061
v -0.5812971 2.42518568 0.37520575
v -0.55438828 2.43373584 0.40294182
v -0.54383516 2.45395946 0.38927903
v -0.56522762 2.41470909 0.41694831
v -0.53608322 2.42074656 0.44364625
v -0.52648645 2.44067525 0.42890352
v -0.54607147 2.40166187 0.45873934
v -0.51455992 2.40513682 0.48461028
v -0.50533092 2.42485165 0.46881878
v -0.52395969 2.38589906 0.50062757
v -0.49038064 2.38727188 0.52582633
v -0.48127025 2.40669226 0.50899118
v -0.49965426 2.3682034 0.54282605
v -0.46472978 2.36817312 0.56785702
v -0.45541593 2.38701295 0.54982882
v -0.47426921 2.34961938 0.58614951
v -0.43827122 2.34778022 0.61103433
v -0.42870488 2.36655473 0.59199136
v -0.44787806 2.32867384 0.62988168
v -0.41101038 2.32423973 0.65424728
v -0.40138497 2.34391665 0.6348735
v -0.42049801 2.30366134 0.672863
v -0.38348376 2.29716968 0.69707405
v -0.37387841 2.31852316 0.67792064
v -0.39313706 2.27491021 0.71522915
v -0.35620254 2.26712036 0.73939973
v -0.34657865 2.29014921 0.72068059
v -0.36613324 2.24391675 0.75762146
v -0.32865142 2.2352209 0.78148043
v -0.3190158 2.25878214 0.76234817
v -0.33874416 2.21159362 0.80011057
v -0.30045801 2.2014842 0.82278358
v -0.29077127 2.22606611 0.80339264
v -0.31032812 2.17567825 0.84053218
v -0.2716462 2.16388511 0.8617497
v -0.26198932 2.19078373 0.84312576
v -0.28126153 2.13547658 0.87796372
v -0.24231624 2.12288999 0.89855349
v -0.2328857 2.15212154 0.88113051
v -0.25063499 2.0914843 0.91164654
v -0.21038579 2.07863402 0.93133336
v -0.20279975 2.11084556 0.91768801
v -0.21446321 2.04337811 0.9368155
v -0.17266869 2.03040289 0.95434248
v -0.16924119 2.06668424 0.94917726
v -0.17139536 1.99383533 0.94771832
v -0.12849383 1.98236966 0.96104425
v -0.13007287 2.01951837 0.96933615
v -0.12423496 1.94916868 0.94091033
v -0.08228872 1.94039201 0.94870704
v -0.08537312 1.97444593 0.97053116
v -0.07825345 1.91061687 0.9195308
v -0.0868058 2.01198244 0.98077297
v -0.08506279 2.04967093 0.97609138
v -0.12738858 2.05654311 0.96438121
v -0.08051805 2.08438086 0.95907276
v -0.12139532 2.09039306 0.94884067
v -0.16239652 2.09965443 0.93483436
v -0.11458142 2.12157988 0.92720317
v -0.15439009 2.13002204 0.91461908
v -0.19389358 2.14064884 0.89885467
v -0.14650873 2.15901255 0.89181852
v -0.18507579 2.16913557 0.87755209
v -0.22356066 2.17998099 0.8613041
v -0.17713205 2.19705939 0.85492372
v -0.21489687 2.20697093 0.84002059
v -0.25278449 2.21662783 0.82291102
v -0.20729288 2.23361015 0.81757003
v -0.24433785 2.24201631 0.80176848
v -0.28163772 2.25033712 0.78332161
v -0.23650924 2.2682476 0.78027129
v -0.27287975 2.27538442 0.7632575
v -0.30970239 2.28276419 0.74304008
v -0.26426276 2.30079102 0.74301379
v -0.30035018 2.30630016 0.72329914
v -0.33694872 2.31237602 0.70110738
v -0.29088884 2.32899045 0.70260208
v -0.327212 2.33363056 0.68098032
v -0.3641518 2.33890628 0.65812748
v -0.31761917 2.35467815 0.6603468
v -0.35447281 2.3587737 0.63829451
v -0.39173966 2.36311888 0.61534726
v -0.34530407 2.37839078 0.61872065
v -0.38240283 2.3821485 0.59615886
v -0.41934147 2.38529777 0.57320588
v -0.3734287 2.40149927 0.57731092
v -0.41012814 2.40441894 0.55478978
v -0.44624823 2.40625619 0.53213715
v -0.40130797 2.42430567 0.53711581
v -0.43732416 2.42617321 0.51502358
v -0.47232759 2.42658639 0.49244755
v -0.42885649 2.44706869 0.49874135
v -0.46368652 2.44725513 0.47652912
v -0.49640333 2.44526004 0.45337766
v -0.45534795 2.46859836 0.46112126
v -0.48765617 2.46619916 0.43810272
v -0.51702171 2.46128034 0.41425621
v -0.47909951 2.48733067 0.42282933
v -0.50753593 2.48224782 0.39942893
v -0.53324091 2.47494149 0.37560093
v -0.49793118 2.50323844 0.38409534
v -0.52226841 2.49646592 0.36144721
v -0.54405611 2.48880529 0.33798682
v -0.51081043 2.51823282 0.34644514
v -0.52993321 2.51244878 0.32508146
v -0.54586511 2.50805401 0.30283093
v -0.52664619 2.53462839 0.29352468
v -0.53757369 2.5340569 0.27232429
v -0.50342261 2.56171274 0.28759366
v -0.51290774 2.56210279 0.26875728
v -0.52193772 2.56355428 0.24681446
v -0.48597842 2.58690261 0.27086916
v -0.49459338 2.58968162 0.24874156
v -0.50342601 2.59198284 0.22435516
v -0.46771979 2.61087179 0.25377315
v -0.47601628 2.61493587 0.22819495
v -0.48459577 2.61791324 0.20107233
v -0.44919326 2.6341567 0.23309987
v -0.45688611 2.63892912 0.20481969
v -0.46494439 2.64221882 0.17565102
v -0.42918396 2.65715813 0.2089765
v -0.43625623 2.66201329 0.17881768
v -0.44373446 2.66521358 0.14822603
v -0.40719187 2.67956113 0.18208006
v -0.41364246 2.68401193 0.15063455
v -0.42038694 2.6866095 0.1190342
v -0.38308563 2.70042038 0.15292964
v -0.38875952 2.70401978 0.120603
v -0.39476615 2.7060132 0.08839169
v -0.35678458 2.71924328 0.12200435
v -0.36184248 2.72192859 0.08920306
v -0.36688655 2.72316813 0.05643719
v -0.3286587 2.7356615 0.0898602
v -0.33298531 2.73723912 0.05655376
v -0.33657619 2.73736476 0.02314468
v -0.29885897 2.74912619 0.05654203
v -0.30217456 2.74934744 0.02260976
v -0.30415263 2.74804067 -0.01175622
v -0.26776191 2.75943183 0.02188673
v -0.26990997 2.75791978 -0.01310975
v -0.27074348 2.7540121 -0.04909757
v -0.23571077 2.76611089 -0.01468784
v -0.23689667 2.76161599 -0.05120538
v -0.23723764 2.75385665 -0.08848911
v -0.20304431 2.76757645 -0.05345473
v -0.20363208 2.75891208 -0.09096492
v -0.20411285 2.7480669 -0.12858456
v -0.17002308 2.76274871 -0.09353776
v -0.1705693 2.75211405 -0.1313683
v -0.17176878 2.74281501 -0.16975323
v -0.13715463 2.75582432 -0.13437603
v -0.13865497 2.74841332 -0.17344595
v -0.14087706 2.74242782 -0.21294301
v -0.10536517 2.75484824 -0.17677907
v -0.1071987 2.75036811 -0.21616822
v -0.10929851 2.7454977 -0.25555247
v -0.07231462 2.75805234 -0.21818327
v -0.07379783 2.75337576 -0.25732612
v -0.07512171 2.74661469 -0.29625439
v -0.0711054 2.76198339 -0.17914295
v -0.0701287 2.76557421 -0.14019551
v -0.10387668 2.76013684 -0.13755121
v -0.10280502 2.76744318 -0.09893649
v -0.06913537 2.76990723 -0.1016598
v -0.13641263 2.76542449 -0.09617914
v -0.13533258 2.77516269 -0.05857223
v -0.10149943 2.77676272 -0.06133706
v -0.16917938 2.77212762 -0.05590816
v -0.16726622 2.77754974 -0.01877862
v -0.13304066 2.78076696 -0.0212419
v -0.2014878 2.77255463 -0.0165787
v -0.19882015 2.77429795 0.01950143
v -0.16434615 2.77928209 0.01773383
v -0.23332238 2.76779961 0.02089008
v -0.23013082 2.76718401 0.05589193
v -0.19571751 2.77334976 0.05509186
v -0.26455313 2.75907731 0.05635441
v -0.26132381 2.75684833 0.09081082
v -0.22736814 2.76439428 0.09100244
v -0.29513168 2.7472794 0.09039647
v -0.29184779 2.74327158 0.12459212
v -0.25893187 2.75222921 0.12578326
v -0.32448053 2.73228645 0.12332317
v -0.32080268 2.7269628 0.1573185
v -0.28915888 2.73718452 0.15939109
v -0.3521597 2.71471929 0.15516983
v -0.34777364 2.70816016 0.18858112
v -0.31731748 2.71948647 0.1915977
v -0.37772041 2.69488763 0.1853643
v -0.37255537 2.68745851 0.21777415
v -0.34333533 2.69972825 0.22194993
v -0.40115076 2.67328739 0.213364
v -0.39542007 2.66528153 0.24427858
v -0.36740964 2.67820644 0.24977761
v -0.42252478 2.65065574 0.23859469
v -0.41622483 2.64241409 0.26734757
v -0.38980186 2.65545606 0.2743386
v -0.44191461 2.62788248 0.26031789
v -0.43544185 2.61971163 0.28657889
v -0.41059809 2.63222837 0.29549938
v -0.46017545 2.60539865 0.27776217
v -0.45448812 2.59784317 0.30021187
v -0.43059006 2.60908651 0.31243294
v -0.4783045 2.58351421 0.29040634
v -0.4512425 2.5870037 0.32300251
v -0.42802465 2.59514999 0.33816087
v -0.45151379 2.57099103 0.34699279
v -0.42783409 2.57731127 0.36406934
v -0.40287202 2.58557844 0.37727063
v -0.40362057 2.60422635 0.3506605
v -0.45613533 2.55065035 0.36997118
v -0.43034976 2.55637764 0.38883972
v -0.40375649 2.56405448 0.40359348
v -0.37774494 2.57274675 0.41452753
v -0.3772549 2.59491896 0.38768258
v -0.43469175 2.53424 0.41037115
v -0.40577423 2.54031658 0.42749983
v -0.37882626 2.54801392 0.44026488
v -0.35247746 2.55598568 0.45097023
v -0.35135862 2.58130407 0.42447894
v -0.40937227 2.51597809 0.44904553
v -0.38016331 2.5216341 0.46385282
v -0.35287508 2.52827167 0.47539827
v -0.32618895 2.53513693 0.4867717
v -0.3256877 2.56316733 0.46167469
v -0.38264319 2.49530267 0.48430621
v -0.35341835 2.49992799 0.49829378
v -0.32594585 2.50576424 0.51053726
v -0.29872828 2.51178169 0.52277219
v -0.29901897 2.5414319 0.49869614
v -0.35488182 2.47141647 0.5200203
v -0.32571339 2.47586917 0.53359389
v -0.2979905 2.48151707 0.54608035
v -0.27014946 2.48718309 0.55907684
v -0.27106437 2.51744794 0.53555268
v -0.3267377 2.44734954 0.55571746
v -0.29754352 2.45177197 0.56904071
v -0.26923194 2.45704841 0.58218759
v -0.24059298 2.46241188 0.59554219
v -0.24180989 2.49277377 0.5723167
v -0.29872983 2.42371988 0.59261
v -0.26918888 2.42767 0.60581141
v -0.2400355 2.43232083 0.61892885
v -0.21061492 2.43676185 0.63170594
v -0.21142679 2.46750116 0.6083976
v -0.27100884 2.40016531 0.6307401
v -0.24089032 2.40343284 0.64352512
v -0.2109965 2.40687751 0.65611743
v -0.18095359 2.40980672 0.66805565
v -0.1807495 2.44046855 0.64335304
v -0.24396073 2.37679243 0.67000621
v -0.21343866 2.37883305 0.68259418
v -0.18284811 2.38053035 0.69460028
v -0.15219613 2.38136243 0.70538818
v -0.150608 2.41180801 0.67860537
v -0.21741947 2.35151886 0.70980906
v -0.18615415 2.35147833 0.72162497
v -0.15495878 2.35034036 0.73172628
v -0.12388818 2.34818673 0.7394427
v -0.12160424 2.38104295 0.71398735
v -0.19039976 2.32152557 0.74764376
v -0.15837587 2.31827879 0.75703704
v -0.12652441 2.31449103 0.76366251
v -0.09488482 2.31075763 0.76778501
v -0.09280934 2.3456676 0.74467629
v -0.16192425 2.28573083 0.78081601
v -0.12918716 2.28085303 0.78753072
v -0.09701985 2.27673292 0.79215389
v -0.06492873 2.27357626 0.79490697
v -0.063281 2.30740094 0.76989346
v -0.13202497 2.24911737 0.81352829
v -0.09906823 2.24455189 0.81897473
v -0.06635256 2.24157238 0.82220506
v -0.10108374 2.21325755 0.84723192
v -0.06747174 2.21048259 0.85106998
v -0.10376755 2.18215465 0.8756299
v -0.06877616 2.17927861 0.88042432
v -0.10832273 2.15173029 0.90244424
v -0.07151871 2.14800238 0.90884286
v -0.07563852 2.11660385 0.93561887
v -0.13975739 2.18807077 0.86732542
v -0.13519451 2.21816015 0.84075611
v -0.17076779 2.22528457 0.8307631
v -0.16597583 2.25494694 0.80538976
v -0.20086124 2.26139044 0.7942599
v -0.19530303 2.29082346 0.77139955
v -0.22928623 2.29570698 0.75885582
v -0.22273963 2.3238666 0.73574405
v -0.25604331 2.32597947 0.72100985
v -0.24899205 2.35124993 0.69633799
v -0.28206166 2.351861 0.68025517
v -0.27530616 2.37517452 0.65633398
v -0.30916327 2.37556338 0.63944226
v -0.30258965 2.39832282 0.61649739
v -0.33699864 2.39883661 0.5986697
v -0.33044844 2.42150402 0.57766282
v -0.36522337 2.42204713 0.55882763
v -0.35872721 2.44510293 0.53984266
v -0.39332264 2.44560146 0.52015763
v -0.38680276 2.46943497 0.50317311
v -0.42106655 2.46921992 0.48305398
v -0.41442078 2.492105 0.46695864
v -0.4475165 2.49022364 0.44591701
v -0.44053262 2.51202511 0.42951414
v -0.47070235 2.50821781 0.40691465
v -0.46292173 2.52932548 0.38959869
v -0.48838004 2.52419185 0.36784055
v -0.06167849 2.34324741 0.74760657
v -0.06064374 2.37855386 0.72346329
v -0.09111077 2.37995505 0.72002112
v -0.0600659 2.41194725 0.69660151
v -0.0900906 2.41261124 0.69309282
v -0.12026681 2.41271472 0.68708986
v -0.09008969 2.44486331 0.66610604
v -0.120264 2.44444513 0.66065162
v -0.15054753 2.44304513 0.65308851
v -0.12125347 2.4768958 0.63590383
v -0.15161342 2.47499632 0.62892651
v -0.18175347 2.47185516 0.61975669
v -0.15306726 2.50640058 0.60438746
v -0.18321853 2.50287914 0.59568715
v -0.2128089 2.49815893 0.58480674
v -0.18436253 2.53277158 0.57041007
v -0.21394524 2.52803373 0.56018614
v -0.24286192 2.52286624 0.54837197
v -0.21413503 2.55700922 0.53418475
v -0.24299252 2.55227041 0.52311903
v -0.27127659 2.54710507 0.51100671
v -0.24157357 2.58008623 0.49593144
v -0.27012017 2.57515764 0.48464864
v -0.29823413 2.56956052 0.47302109
v -0.26763978 2.60111188 0.45663902
v -0.29625904 2.59552788 0.44572633
v -0.32423508 2.58896541 0.43483188
v -0.29367485 2.61891293 0.41720965
v -0.32236349 2.61213922 0.4070003
v -0.3503375 2.60412859 0.39719677
v -0.32151785 2.63260006 0.37847822
v -0.35043472 2.62383484 0.36939171
v -0.37804558 2.61393857 0.36041328
v -0.35266748 2.64054536 0.34098073
v -0.38054475 2.63009691 0.33247059
v -0.40617808 2.61964798 0.32324913
v -0.38469541 2.64383816 0.3038311
v -0.35691469 2.65477013 0.31146857
v -0.36209964 2.66727042 0.28099545
v -0.32765868 2.6647892 0.31840163
v -0.3331162 2.67792034 0.28707808
v -0.33848473 2.68955135 0.25484713
v -0.30320024 2.687258 0.29221412
v -0.30874815 2.69939541 0.25921079
v -0.31345474 2.71024656 0.22569881
v -0.27833816 2.70770144 0.2626802
v -0.28293588 2.71902442 0.22878199
v -0.28642329 2.72892212 0.19427742
v -0.25180381 2.7261908 0.23106755
v -0.25495088 2.73646497 0.19639779
v -0.25712868 2.74533462 0.161206
v -0.2229596 2.74226665 0.19782877
v -0.22474005 2.75155496 0.1625899
v -0.22586076 2.759063 0.12676915
v -0.19193527 2.75578641 0.16336193
v -0.19269549 2.76379966 0.12740676
v -0.19354575 2.76987409 0.09103326
v -0.15937513 2.76637315 0.12756849
v -0.15984633 2.77320218 0.09079765
v -0.16143721 2.77774572 0.05400779
v -0.12645009 2.77429723 0.09040182
v -0.12748119 2.77956533 0.0527744
v -0.12998956 2.78195786 0.01567333
v -0.09414959 2.77930808 0.05171779
v -0.09600073 2.78298449 0.0135718
v -0.09895162 2.78249669 -0.02385435
v -0.06272167 2.78177619 0.01179621
v -0.06516519 2.78269004 -0.02642317
v -0.06773944 2.77728128 -0.06407121
v -0.06169731 2.77758312 0.05116463
v -0.0616282 2.77229166 0.09058599
v -0.09356553 2.77364635 0.09020458
v -0.09334859 2.76699042 0.12805569
v -0.06158392 2.76617455 0.12927654
v -0.12612097 2.76724743 0.12756377
v -0.1256041 2.75933289 0.16393491
v -0.09302245 2.75937604 0.16518695
v -0.15877777 2.75829005 0.16361799
v -0.15748645 2.74909591 0.19891029
v -0.12460962 2.75046777 0.19981101
v -0.1904138 2.74642944 0.19854652
v -0.18795472 2.73604846 0.23323363
v -0.15551057 2.73896694 0.23395755
v -0.22013105 2.73179245 0.23249113
v -0.21626102 2.72031998 0.26694881
v -0.18470102 2.72457861 0.26801171
v -0.24743899 2.71465158 0.26525056
v -0.24213986 2.70184159 0.29949358
v -0.2116597 2.70735025 0.30181515
v -0.27277427 2.69519901 0.29633173
v -0.29745701 2.67362046 0.32466852
v -0.26713392 2.68112731 0.33003062
v -0.23710298 2.68731212 0.33438566
v -0.20736093 2.69250178 0.33779472
v -0.2633084 2.66479539 0.36369353
v -0.23384024 2.67048025 0.36955207
v -0.20461618 2.6754558 0.37433016
v -0.17599137 2.67933702 0.37837016
v -0.17794844 2.69663286 0.34062638
v -0.23336485 2.65133714 0.40377262
v -0.20437485 2.65599012 0.4102734
v -0.17591226 2.65974998 0.41563302
v -0.14767369 2.66240692 0.4204452
v -0.14748024 2.68207907 0.38242387
v -0.20661366 2.63424325 0.44426167
v -0.17798697 2.63784027 0.45109182
v -0.14942443 2.64061021 0.45692306
v -0.12045105 2.64235925 0.46200025
v -0.11911649 2.66395235 0.42524546
v -0.18109086 2.61399459 0.48431137
v -0.15190403 2.61689448 0.49092716
v -0.12217631 2.61887836 0.49636545
v -0.09199984 2.62012147 0.50073707
v -0.09087128 2.64333796 0.46632123
v -0.15390603 2.59185743 0.52236872
v -0.12357778 2.59401655 0.52802693
v -0.09289021 2.59534788 0.53249633
v -0.06201555 2.59606242 0.53566086
v -0.06149333 2.62079191 0.50387966
v -0.12409312 2.56739473 0.55734342
v -0.09320868 2.56882381 0.56195515
v -0.0621705 2.56956958 0.56520545
v -0.09286233 2.54050779 0.58973312
v -0.06190604 2.54121422 0.59297078
v -0.0919763 2.51000595 0.61586368
v -0.06129462 2.51051402 0.61904466
v -0.09087827 2.47777175 0.64088821
v -0.06056274 2.47792029 0.64407706
v -0.06005259 2.44470739 0.66953575
v -0.12259831 2.508708 0.61102354
v -0.1236867 2.53899788 0.58497875
v -0.15421868 2.53647947 0.57863199
v -0.15463274 2.5650351 0.55141389
v -0.18469502 2.56146383 0.54376679
v -0.18362179 2.58861112 0.51517862
v -0.21273496 2.58453178 0.50623619
v -0.20997273 2.61034059 0.47636389
v -0.23876494 2.60604214 0.46707189
v -0.2354906 2.62985253 0.43638974
v -0.26458123 2.62476825 0.42724734
v -0.26262611 2.64606666 0.39618796
v -0.29221391 2.63982486 0.38747656
v -0.29338949 2.65799665 0.35651993
v -0.32332181 2.64996171 0.34889382
v -0.06081219 2.64380884 0.46958026
v -0.0602105 2.6649568 0.43321463
v -0.08991646 2.66468215 0.42970991
v -0.05986892 2.68413257 0.39541029
v -0.08947046 2.68410396 0.39163988
v -0.11871542 2.68359518 0.38702693
v -0.08963187 2.70134639 0.35293555
v -0.11927615 2.70092535 0.34824246
v -0.14864593 2.69950199 0.3439446
v -0.12045823 2.71613121 0.30975201
v -0.1506972 2.71466231 0.30605816
v -0.18114385 2.71167802 0.30366498
v -0.15312448 2.72758293 0.26946103
v -0.12183284 2.72910642 0.27229327
v -0.12324934 2.74041414 0.23574169
v -0.09098863 2.72955632 0.27626082
v -0.09175558 2.74086403 0.23889964
v -0.09247598 2.75078821 0.20199659
v -0.06081088 2.74068069 0.24234847
v -0.06113754 2.75044322 0.20483136
v -0.06139749 2.75886678 0.16724784
v -0.0604449 2.72942352 0.2800965
v -0.09022355 2.71651291 0.31423348
v -0.06008483 2.7163124 0.31826156
v -0.05985195 2.70120644 0.3569116
v 0.48828771 2.55796384 0.31863999
v 0.5003398 2.18976283 -0.84803301
v 0.43794056 1.97224891 0.4473167
v 0.59857749 1.68693089 -0.07908459
v 0.40572997 1.59843528 0.10713551
v 0.49432832 2.56159925 0.30319207
v 0.51405364 2.53691577 0.31210726
v 0.49896007 2.54026937 0.33067309
v 0.47935903 2.545475 0.34980306
v 0.47239065 2.56558418 0.32899996
v 0.47292807 2.57773971 0.30856162
v 0.17519505 1.11396753 -0.05689846
v 0.15736752 1.10507476 -0.05560655
v 0.15817922 1.10167169 -0.01772351
v 0.18472528 1.11712813 -0.03797964
v 0.4756627 2.1867249 -0.84490567
v 0.47774013 2.17018604 -0.86866927
v 0.51051062 2.18028378 -0.86435407
v 0.53073263 2.20063614 -0.84200549
v 0.50744813 2.20545959 -0.82765966
v 0.47696286 2.20585131 -0.81748938
v 0.44812017 1.97996425 0.45643669
v 0.46744066 1.97089219 0.42310935
v 0.448612 1.96261525 0.42011883
v 0.42160528 1.96967279 0.45428463
v 0.42688247 1.98073291 0.47606226
v 0.42866015 1.95526826 0.42011064
v 0.59382903 1.67498564 -0.09330603
v 0.57960164 1.66288316 -0.06653082
v 0.59053605 1.68453478 -0.05766363
v 0.61689221 1.70660054 -0.10017059
v 0.61457473 1.69697785 -0.12410204
v 0.61442244 1.7129445 -0.07487205
v 0.39898401 1.56485652 0.09407021
v 0.34977552 1.54983735 0.13111271
v 0.34632188 1.57514095 0.14793857
v 0.44305723 1.59472024 0.07046441
v 0.43344408 1.56963348 0.06410539
v 0.43917816 1.63892471 0.10170693
v 0.46054792 1.62826454 0.07558224
v 0.46811845 1.6765865 0.09930493
v 0.48465627 1.66545796 0.07733855
v 0.50059109 1.66001153 0.05767867
v 0.47981464 1.62486207 0.05430446
v 0.46537408 1.59544026 0.04843928
v 0.49871668 1.625018 0.03387641
v 0.48560419 1.59756338 0.02727621
v 0.47493049 1.57383811 0.01964456
v 0.45532175 1.57154572 0.04197266
v 0.46517223 1.55168879 0.0105539
v 0.44583195 1.5483272 0.03434533
v 0.42394194 1.54540705 0.05779446
v 0.43720647 1.52506065 0.02541712
v 0.41483324 1.52060055 0.05049237
v 0.38547465 1.51337218 0.07775464
v 0.39217966 1.53914761 0.08599208
v 0.34820598 1.49938678 0.10735812
v 0.34971457 1.52536296 0.11868302
v 0.30767032 1.47929334 0.13776953
v 0.30511885 1.50377512 0.15107964
v 0.30206233 1.52759242 0.16625812
v 0.29783299 1.55140757 0.18344828
v 0.26486387 1.47998452 0.18203625
v 0.26067832 1.503479 0.19780337
v 0.25692838 1.52661418 0.21438881
v 0.25381976 1.55009686 0.23052936
v 0.29234582 1.57563066 0.20229005
v 0.22574609 1.47846281 0.22878566
v 0.22222876 1.50141978 0.24462279
v 0.22028163 1.52554464 0.25947323
v 0.21983963 1.5517925 0.27329856
v 0.25188648 1.5747466 0.24596417
v 0.19147968 1.47712969 0.27450197
v 0.19006426 1.50297379 0.28785535
v 0.19058418 1.53147363 0.30018276
v 0.19167026 1.56107175 0.31231308
v 0.22034525 1.57970595 0.28704395
v 0.15735828 1.48497355 0.31076732
v 0.15848675 1.51553487 0.32162448
v 0.16008463 1.54620909 0.33232814
v 0.16092202 1.57600927 0.3435969
v 0.19224208 1.59050536 0.32472741
v 0.12544758 1.50145125 0.33975908
v 0.12721929 1.53244853 0.34993398
v 0.12836971 1.56203198 0.36076057
v 0.12870775 1.59048903 0.37239235
v 0.16066733 1.60500741 0.35548272
v 0.09517401 1.51968002 0.36736655
v 0.09638121 1.54882073 0.3780736
v 0.09699726 1.57677173 0.38942402
v 0.09697191 1.60376346 0.40126714
v 0.12794429 1.61805331 0.384649
v 0.06510593 1.53747546 0.39497441
v 0.06576211 1.56492543 0.40612554
v 0.06597925 1.59161365 0.41755586
v 0.06585772 1.61769962 0.42956847
v 0.09630982 1.63020312 0.41372266
v 0.03378776 1.55600893 0.42070284
v 0.03395018 1.58246314 0.4319891
v 0.03399114 1.60833239 0.44355204
v 0.03381312 1.63374054 0.45533365
v 0.06528231 1.64343071 0.44201427
v 0.03337709 1.65863752 0.46766829
v 0.03272256 1.68308496 0.4805001
v 0.06271793 1.69378829 0.4683606
v 0.06418851 1.66884851 0.45489329
v 0.03179481 1.70689117 0.49371278
v 0.03056582 1.7297585 0.50790715
v 0.05884908 1.74159359 0.49763017
v 0.06096142 1.71810579 0.48250973
v 0.02935422 1.75125372 0.52339911
v 0.02828571 1.770226 0.54063248
v 0.05470816 1.78435921 0.53210794
v 0.05650596 1.76407563 0.51374316
v 0.02815955 1.78542542 0.56079721
v 0.02941364 1.79575276 0.58451402
v 0.05671368 1.81114065 0.57985836
v 0.05448457 1.8004632 0.55405896
v 0.03225447 1.79937648 0.61298215
v 0.03596806 1.79890322 0.64293187
v 0.06840535 1.81610822 0.63996672
v 0.0619382 1.81572461 0.60917294
v 0.0981099 1.83437848 0.63555365
v 0.08990409 1.83421623 0.60326111
v 0.08352062 1.82928085 0.57300722
v 0.11717195 1.85235214 0.59751403
v 0.11094012 1.84743261 0.56626308
v 0.10865755 1.83499169 0.53829193
v 0.08095044 1.8177824 0.54595905
v 0.10904437 1.81643903 0.51398235
v 0.08137799 1.80031609 0.52271914
v 0.11030744 1.79534888 0.49217909
v 0.0833355 1.77915406 0.50294399
v 0.11216963 1.77265787 0.47247135
v 0.08559832 1.75639414 0.48509606
v 0.11474647 1.74862921 0.45478409
v 0.08792051 1.73260748 0.46877962
v 0.1180849 1.72335839 0.43923384
v 0.09076705 1.70759463 0.45424816
v 0.12118881 1.69765949 0.42463854
v 0.09324248 1.682096 0.44035404
v 0.12388681 1.67157495 0.41067549
v 0.09506368 1.65629601 0.42680466
v 0.12624107 1.64504957 0.39738297
v 0.15272696 1.68778526 0.39446821
v 0.15631124 1.66078805 0.38096931
v 0.15914148 1.63321828 0.36797237
v 0.18562573 1.6765275 0.36412626
v 0.18920485 1.64839971 0.35051024
v 0.19144564 1.61968457 0.33734661
v 0.21702168 1.66489315 0.3309068
v 0.21959888 1.63645005 0.31601476
v 0.22062611 1.60799741 0.30130398
v 0.2473298 1.65604257 0.29384404
v 0.24950812 1.62861836 0.27750259
v 0.25078433 1.60119795 0.26151189
v 0.28015935 1.65165555 0.25501328
v 0.28398111 1.6252644 0.23753395
v 0.28776541 1.59996604 0.22012168
v 0.3192369 1.65106928 0.21561102
v 0.32609924 1.62680947 0.19568617
v 0.3352524 1.60199582 0.1735146
v 0.36537495 1.65459537 0.1740306
v 0.38082128 1.62900018 0.14622914
v 0.40238994 1.68320703 0.1578356
v 0.41832503 1.66070234 0.13231825
v 0.43560347 1.7131797 0.14506681
v 0.45148456 1.69372928 0.12307329
v 0.46567398 1.74408721 0.13540087
v 0.48144304 1.72740399 0.11538805
v 0.49667525 1.713297 0.09545725
v 0.50936037 1.76156973 0.10930968
v 0.52407759 1.74986624 0.0906053
v 0.53763771 1.74145615 0.07246755
v 0.51134282 1.70332121 0.07630397
v 0.55088979 1.73538112 0.054571
v 0.52522987 1.69745707 0.05792397
v 0.56364935 1.73072755 0.03692127
v 0.53874814 1.69367933 0.04004055
v 0.51637142 1.65743255 0.03868325
v 0.55123764 1.6910727 0.02238899
v 0.53108245 1.65622782 0.01995596
v 0.51550114 1.62606871 0.01380489
v 0.54289484 1.65585768 0.00167727
v 0.52939188 1.62725234 -0.00593289
v 0.51845544 1.60270321 -0.01586808
v 0.50321543 1.60000109 0.00578188
v 0.50829434 1.58135843 -0.02751505
v 0.49249208 1.57710862 -0.00367922
v 0.49859777 1.56233882 -0.04045663
v 0.48271849 1.55628633 -0.01456011
v 0.488999 1.54459226 -0.05465099
v 0.47393292 1.53632092 -0.02674848
v 0.45656168 1.5301311 -0.000058
v 0.46515438 1.51735258 -0.04078329
v 0.44894129 1.50885224 -0.01235117
v 0.43027707 1.50169026 0.01503495
v 0.44056275 1.48909544 -0.02748196
v 0.42341259 1.47936201 0.00155797
v 0.40276971 1.47059941 0.02974003
v 0.40811708 1.49542856 0.04174961
v 0.37785428 1.46093118 0.05746208
v 0.38077724 1.48723042 0.06882514
v 0.34727537 1.44740295 0.08490191
v 0.34733727 1.47334492 0.09672993
v 0.31317338 1.42926991 0.11229278
v 0.3103879 1.45416498 0.12507133
v 0.27818843 1.40804266 0.14018125
v 0.27377191 1.4321202 0.15387755
v 0.26933541 1.4561572 0.16767448
v 0.2407346 1.40800404 0.18404573
v 0.23573166 1.43157243 0.1984651
v 0.23059973 1.45513343 0.21327033
v 0.20533409 1.40646076 0.22919203
v 0.20014184 1.42996776 0.24439638
v 0.1951892 1.45328342 0.25971728
v 0.16850583 1.40601921 0.27193966
v 0.16266171 1.43048358 0.28598591
v 0.15859127 1.45641803 0.29896062
v 0.12738943 1.40947401 0.30647891
v 0.12403458 1.43789362 0.31850564
v 0.12371686 1.4691981 0.32952565
v 0.09021534 1.42162895 0.33623093
v 0.09125273 1.45567297 0.34692448
v 0.09343393 1.48879778 0.35712835
v 0.06031817 1.44447124 0.36334651
v 0.06241326 1.47832465 0.37392845
v 0.06396807 1.5089153 0.38424253
v 0.03170787 1.47133374 0.38830152
v 0.0326358 1.50109028 0.39882943
v 0.03335548 1.52896249 0.40960052
v 0.03051607 1.43625688 0.37676209
v 0.0295257 1.39792585 0.36428001
v 0.03002566 1.35882115 0.35000687
v 0.03183439 1.32212698 0.33367669
v 0.03364968 1.29099869 0.31319686
v 0.03573272 1.26420199 0.29173535
v 0.03731074 1.24081873 0.27052643
v 0.03832812 1.21914649 0.2499625
v 0.03905029 1.19932854 0.229823
v 0.03972755 1.18104565 0.20958574
v 0.04009274 1.16493082 0.18968784
v 0.03997802 1.15042591 0.16984076
v 0.03934538 1.13737011 0.15030024
v 0.03837253 1.12538218 0.13090056
v 0.03722793 1.11434435 0.11171842
v 0.03596926 1.10477352 0.09220518
v 0.03463387 1.0968995 0.07194828
v 0.03313782 1.09079241 0.05073742
v 0.03131406 1.08710849 0.02766359
v 0.02953792 1.08446848 0.00103229
v 0.02854774 1.08303797 -0.03071732
v 0.02959277 1.08314597 -0.06329121
v 0.03067142 1.08468234 -0.09605837
v 0.03124941 1.08785581 -0.1304408
v 0.03136173 1.09660375 -0.16597494
v 0.03138772 1.10812234 -0.2018032
v 0.03129583 1.12245976 -0.2370947
v 0.03136194 1.13729429 -0.27233785
v 0.03167637 1.1517868 -0.30743876
v 0.03209812 1.1662656 -0.34206536
v 0.03257719 1.18047499 -0.37621647
v 0.0332271 1.19351887 -0.41023999
v 0.0338777 1.20594203 -0.44398555
v 0.0344406 1.21781861 -0.47754144
v 0.03503056 1.22851681 -0.51114088
v 0.03584211 1.2371186 -0.5450533
v 0.03668545 1.24466037 -0.57903891
v 0.03762872 1.25067782 -0.6131435
v 0.03865394 1.25581836 -0.6471942
v 0.03983984 1.2593429 -0.68115514
v 0.04125449 1.26158714 -0.71488601
v 0.04287517 1.26172804 -0.7483434
v 0.04463578 1.2601602 -0.7814387
v 0.04655574 1.25674164 -0.81419825
v 0.0488236 1.25073003 -0.84640419
v 0.05113424 1.24295032 -0.87825244
v 0.05361615 1.23310303 -0.9098109
v 0.05630414 1.22118115 -0.94099456
v 0.05900352 1.20812666 -0.97207528
v 0.06179856 1.1949985 -1.00308716
v 0.06453593 1.18358004 -1.03423512
v 0.06662726 1.17654776 -1.06579756
v 0.06662316 1.17841291 -1.09792006
v 0.06269615 1.19400739 -1.12498343
v 0.05607193 1.21989631 -1.14314484
v 0.04931452 1.2540152 -1.15387225
v 0.04375488 1.29493677 -1.15934968
v 0.03965924 1.34147989 -1.16049385
v 0.03774243 1.39076709 -1.15785181
v 0.03722696 1.44050931 -1.15211176
v 0.03699287 1.48946487 -1.14396286
v 0.03671712 1.53718519 -1.13399732
v 0.0362285 1.58388841 -1.1225028
v 0.03555454 1.6299889 -1.10965013
v 0.03480813 1.67578911 -1.09559702
v 0.0340504 1.721421 -1.08039546
v 0.03331756 1.76690113 -1.06404256
v 0.03264058 1.8122096 -1.04647326
v 0.03203795 1.85720717 -1.02762448
v 0.03151732 1.90154421 -1.00742888
v 0.03110207 1.94485759 -0.98577797
v 0.03080586 1.98673367 -0.96255052
v 0.03064022 2.02677297 -0.93756091
v 0.03059873 2.06458854 -0.91057974
v 0.03066907 2.09944248 -0.881778
v 0.03080447 2.1303184 -0.85237145
v 0.0309777 2.15875911 -0.82206249
v 0.03116704 2.18579864 -0.7910701
v 0.03132863 2.21222615 -0.75974738
v 0.03145343 2.23853063 -0.728329
v 0.03163056 2.26526784 -0.69701886
v 0.03178528 2.29469728 -0.6685394
v 0.03170724 2.33075904 -0.64846038
v 0.03164501 2.37000751 -0.63311719
v 0.03175671 2.41061592 -0.61936253
v 0.03211783 2.45193719 -0.60557538
v 0.0326852 2.49312305 -0.5907371
v 0.03336556 2.53336501 -0.57374727
v 0.03424449 2.5717957 -0.55384796
v 0.0352799 2.60746431 -0.53063303
v 0.036275 2.63955903 -0.50400114
v 0.03709087 2.66780018 -0.47444149
v 0.0376359 2.69219684 -0.44235321
v 0.03803004 2.71280241 -0.40814298
v 0.03824949 2.72947001 -0.37222564
v 0.03824423 2.74232101 -0.33503893
v 0.03789937 2.75188255 -0.29703992
v 0.03725067 2.75880098 -0.25840026
v 0.03646253 2.76385259 -0.21940892
v 0.03588105 2.76829433 -0.18049153
v 0.03548653 2.77166795 -0.14186836
v 0.03495711 2.77407527 -0.10371007
v 0.03402395 2.7773981 -0.06610176
v 0.03213347 2.78118705 -0.02828707
v 0.03089397 2.77949547 0.0110547
v 0.03062133 2.77578735 0.05140307
v 0.03063437 2.77124404 0.09134343
v 0.03059555 2.76555919 0.13053804
v 0.0304912 2.75843811 0.1690354
v 0.03038408 2.75010609 0.20710924
v 0.0303206 2.74038291 0.24493217
v 0.03019359 2.7291665 0.28280687
v 0.03003574 2.71603274 0.32098946
v 0.02995422 2.70100879 0.35948139
v 0.03000206 2.68405866 0.39780867
v 0.03019035 2.66504359 0.43536818
v 0.03047196 2.6440103 0.47154361
v 0.03078965 2.62109875 0.50572341
v 0.03104106 2.59637832 0.5374819
v 0.03107722 2.56988549 0.56705266
v 0.03092892 2.54143095 0.59478414
v 0.0306201 2.51056695 0.62076479
v 0.03028255 2.47777319 0.64578026
v 0.03005382 2.44438695 0.67128747
v 0.03006568 2.41130352 0.69825089
v 0.03031485 2.37753796 0.72504872
v 0.03080866 2.34176969 0.74899315
v 0.03163171 2.30509114 0.77076363
v 0.03256513 2.27141571 0.7960549
v 0.03330247 2.2399249 0.82382839
v 0.03378179 2.20917463 0.85300362
v 0.03430144 2.17808485 0.8829205
v 0.03563037 2.1466043 0.91252559
v 0.03770547 2.11472964 0.94044548
v 0.04012139 2.08169603 0.96532505
v 0.04246737 2.0462327 0.98338115
v 0.04332545 2.00784874 0.98772108
v 0.04249898 1.96976923 0.97615408
v 0.04088234 1.93507337 0.9533661
v 0.03889907 1.90483379 0.92320871
v 0.03600784 1.877671 0.88780206
v 0.03265084 1.85071158 0.84773719
v 0.03380197 1.82394945 0.80618494
v 0.04149997 1.80311465 0.76923847
v 0.04545371 1.79229652 0.73658436
v 0.04365094 1.79238975 0.70448744
v 0.03996906 1.79613077 0.67357111
v 0.08193316 1.81171906 0.70461708
v 0.07532204 1.8141427 0.67185813
v 0.11561949 1.83078229 0.70302403
v 0.10717819 1.83202707 0.66873556
v 0.14593544 1.84992134 0.70031213
v 0.13703626 1.84944331 0.66506266
v 0.12671461 1.85151302 0.63098412
v 0.16550689 1.86793077 0.66154432
v 0.15494573 1.86885809 0.62714922
v 0.14556556 1.86938571 0.59315735
v 0.1825681 1.88761794 0.6238414
v 0.17406058 1.88656711 0.59018027
v 0.16910098 1.88029956 0.55721318
v 0.1399872 1.86447882 0.56119716
v 0.16689638 1.86598563 0.52706313
v 0.13781774 1.85107123 0.53209412
v 0.16604605 1.84770619 0.49979645
v 0.13752907 1.83231413 0.50641983
v 0.16610157 1.82731652 0.47450423
v 0.13818268 1.8114885 0.48287013
v 0.16726276 1.80503881 0.45139288
v 0.13961191 1.78906929 0.46133881
v 0.16904375 1.78174853 0.42972236
v 0.14178904 1.76538002 0.44160711
v 0.1723003 1.75687933 0.41068321
v 0.14526152 1.7401551 0.42457652
v 0.1766043 1.73081517 0.3938958
v 0.14904628 1.71424734 0.4089863
v 0.18114942 1.70398545 0.37841886
v 0.20265555 1.74759066 0.37834724
v 0.20776593 1.72066915 0.36146536
v 0.21288181 1.6930195 0.34574255
v 0.23262558 1.73867094 0.34359473
v 0.23859749 1.71129858 0.32656455
v 0.24373397 1.68373692 0.31039065
v 0.2634159 1.73148989 0.3073244
v 0.27017054 1.70479404 0.29004675
v 0.27574446 1.67811584 0.2724795
v 0.29636335 1.72737324 0.27027073
v 0.30475828 1.70161783 0.25239038
v 0.31247431 1.67604458 0.23444595
v 0.33392581 1.72604608 0.23394718
v 0.34471216 1.70155417 0.21568122
v 0.35486912 1.67778825 0.19606635
v 0.37565037 1.72779357 0.19869402
v 0.38882401 1.70529174 0.17924797
v 0.40569177 1.75432419 0.18519137
v 0.42037645 1.7334721 0.16542628
v 0.4348635 1.7806003 0.17511084
v 0.45009976 1.76187038 0.15510562
v 0.46326667 1.80702424 0.16758309
v 0.47845435 1.79069709 0.14747425
v 0.493936 1.77552533 0.12838982
v 0.50708401 1.81927824 0.14277306
v 0.52189534 1.80671572 0.12294369
v 0.53675633 1.79529869 0.10396517
v 0.55002778 1.83727991 0.11819242
v 0.56445252 1.8275485 0.09835289
v 0.57843262 1.81901335 0.07865299
v 0.55096173 1.78559708 0.08507028
v 0.59194582 1.81156384 0.05904541
v 0.56441605 1.77787268 0.06657281
v 0.60443413 1.80531704 0.03890759
v 0.57738328 1.7716068 0.0480299
v 0.61636632 1.7996819 0.01849348
v 0.58973676 1.76634216 0.02938526
v 0.62782704 1.79422497 -0.00216219
v 0.60108548 1.76177287 0.01033783
v 0.57524573 1.72710204 0.01922304
v 0.61127734 1.75773167 -0.00910366
v 0.58495885 1.72451376 0.00113379
v 0.56138616 1.68948149 0.00480691
v 0.5934444 1.72236037 -0.01652825
v 0.5698384 1.68823742 -0.01141451
v 0.55303311 1.65590858 -0.01567391
v 0.57732129 1.68685913 -0.02671376
v 0.56203448 1.65637087 -0.03173317
v 0.55284375 1.63207101 -0.04394199
v 0.5418688 1.62886548 -0.02522973
v 0.5436396 1.6135199 -0.05979223
v 0.53225719 1.60654139 -0.03761271
v 0.53446006 1.59758472 -0.07692095
v 0.52212184 1.5879817 -0.05201152
v 0.52543693 1.58262622 -0.09430684
v 0.51229262 1.57120931 -0.0672376
v 0.5160824 1.5687108 -0.11219278
v 0.50269037 1.55533945 -0.08332881
v 0.50585174 1.55602359 -0.13092517
v 0.49269244 1.54081618 -0.10055029
v 0.47930494 1.52802693 -0.07037919
v 0.48196321 1.52740609 -0.11910082
v 0.46898898 1.51289284 -0.08799266
v 0.45550835 1.50003612 -0.05728597
v 0.45803782 1.49862217 -0.10704898
v 0.44499328 1.48424613 -0.07591915
v 0.431131 1.47102761 -0.04545435
v 0.43388471 1.46894335 -0.09591889
v 0.42081013 1.45408392 -0.06526572
v 0.40656206 1.43990695 -0.03495777
v 0.41548821 1.45887708 -0.01556506
v 0.39023834 1.42628133 -0.00487384
v 0.39713731 1.44738876 0.01375289
v 0.37058866 1.41286563 0.02492656
v 0.37471592 1.43593692 0.04239471
v 0.34594544 1.39840459 0.0541039
v 0.34732821 1.42205596 0.07075971
v 0.31699109 1.38131964 0.08288617
v 0.3157106 1.4047321 0.09842514
v 0.2859227 1.36117839 0.11184314
v 0.28252199 1.38419699 0.12640497
v 0.25524598 1.33818233 0.14156061
v 0.25082299 1.36101675 0.15583935
v 0.24574235 1.38442754 0.16981086
v 0.220941 1.33600676 0.1852937
v 0.21585123 1.35933172 0.19972699
v 0.21057653 1.38287758 0.21434581
v 0.18559227 1.33415627 0.22676129
v 0.18025291 1.35796952 0.24185399
v 0.1746068 1.38195633 0.25706544
v 0.14574827 1.33366215 0.26217144
v 0.13980417 1.35814797 0.2777251
v 0.13341383 1.38316941 0.29277721
v 0.10447068 1.33323597 0.29408073
v 0.09872083 1.36009872 0.31026417
v 0.09300802 1.38953971 0.32421344
v 0.06509898 1.33797705 0.32465666
v 0.06061454 1.37136995 0.33934086
v 0.05875156 1.40783608 0.35210171
v 0.06937176 1.30909407 0.30656758
v 0.10975213 1.30811333 0.27744066
v 0.07313562 1.28312087 0.2878178
v 0.1143497 1.28379964 0.26100328
v 0.07629011 1.25879907 0.26924508
v 0.11791501 1.26044035 0.24430674
v 0.07858553 1.23590266 0.25069516
v 0.1209485 1.23768508 0.22781173
v 0.08052234 1.21401166 0.23251399
v 0.12347881 1.21576595 0.2113064
v 0.08197476 1.19368434 0.21404966
v 0.12539753 1.19463586 0.19411534
v 0.08300212 1.17502594 0.19519826
v 0.12628801 1.17444372 0.17644673
v 0.08306816 1.15831661 0.17568172
v 0.12496756 1.15700411 0.15714834
v 0.08178076 1.14402532 0.15560996
v 0.12150748 1.14261555 0.13700276
v 0.07945358 1.13130116 0.13550314
v 0.11679273 1.13022911 0.11691664
v 0.07649082 1.12043309 0.115344
v 0.11115501 1.11994648 0.09687702
v 0.07326106 1.11118114 0.09521477
v 0.10530508 1.11105394 0.07716751
v 0.06988236 1.10327637 0.07494577
v 0.09950181 1.10307574 0.05740462
v 0.06641607 1.09646582 0.05416855
v 0.09378045 1.09580409 0.0367269
v 0.06282489 1.09078598 0.03201738
v 0.08820229 1.08951509 0.01370854
v 0.05915952 1.08655619 0.00688327
v 0.08380669 1.08597958 -0.01440826
v 0.05650058 1.08408439 -0.02340639
v 0.08391538 1.08562386 -0.04787696
v 0.05781436 1.08406138 -0.05701534
v 0.08810177 1.0896306 -0.08596518
v 0.06057569 1.08684516 -0.09204392
v 0.09042397 1.09866762 -0.12441778
v 0.06176378 1.09201622 -0.12794563
v 0.09058794 1.11049556 -0.1615054
v 0.06172362 1.10163414 -0.1640194
v 0.09045518 1.12340474 -0.19774912
v 0.06179195 1.11328661 -0.20025232
v 0.09028565 1.1385957 -0.23316809
v 0.06149496 1.12839889 -0.23554366
v 0.09080709 1.15417027 -0.26829707
v 0.06166449 1.14389634 -0.27070975
v 0.09201616 1.16938376 -0.30324515
v 0.06236675 1.15890193 -0.30575788
v 0.09365274 1.18433821 -0.33787235
v 0.06334319 1.17370212 -0.34037435
v 0.09541973 1.19914412 -0.37214818
v 0.06444302 1.18822431 -0.37454557
v 0.09719495 1.21350419 -0.40624636
v 0.0656573 1.20204269 -0.40848708
v 0.09889468 1.22727978 -0.44027948
v 0.06686487 1.21507358 -0.4423283
v 0.10044671 1.24063456 -0.47420212
v 0.06795578 1.22754633 -0.47607657
v 0.1020293 1.25314831 -0.50816118
v 0.06907825 1.23900699 -0.5098679
v 0.10397443 1.26397824 -0.5424304
v 0.0705088 1.24861109 -0.54395395
v 0.10604322 1.27370441 -0.57684665
v 0.07201176 1.2571069 -0.57816308
v 0.10843138 1.28214478 -0.6113373
v 0.07374488 1.26416564 -0.6125108
v 0.11116084 1.28958356 -0.64581453
v 0.07565794 1.27028346 -0.64682567
v 0.11437613 1.29583382 -0.68016213
v 0.07795076 1.2749468 -0.68103182
v 0.11798293 1.30066418 -0.71431219
v 0.08053743 1.27828812 -0.71502947
v 0.12197975 1.30404377 -0.74833476
v 0.08345239 1.27988708 -0.74879205
v 0.12652388 1.30561149 -0.78217428
v 0.08672186 1.2796967 -0.78228104
v 0.13154235 1.30537641 -0.81579661
v 0.09030079 1.27768576 -0.81543088
v 0.13708004 1.30322957 -0.84918898
v 0.09438359 1.27339041 -0.8482232
v 0.1430691 1.29912519 -0.88228148
v 0.09871409 1.26724314 -0.88067787
v 0.14933578 1.29320836 -0.91509985
v 0.10327284 1.25919413 -0.91283094
v 0.15582659 1.28562808 -0.94774782
v 0.10807161 1.24928617 -0.9447726
v 0.16250236 1.27684736 -0.9802947
v 0.11298877 1.23817026 -0.97665607
v 0.16911923 1.26798999 -1.01236414
v 0.11789244 1.22713804 -1.00820469
v 0.17543458 1.26030147 -1.0437479
v 0.12274335 1.21763527 -1.03948915
v 0.1802169 1.25560581 -1.07373762
v 0.12653139 1.21194934 -1.07026398
v 0.18122702 1.25655341 -1.10332
v 0.12692485 1.21353876 -1.10086536
v 0.17596808 1.2666397 -1.12997984
v 0.12128478 1.22632122 -1.12771058
v 0.16588971 1.28528714 -1.14998054
v 0.11149092 1.24857425 -1.14682877
v 0.15382835 1.31051302 -1.16007685
v 0.10074469 1.27748835 -1.15683674
v 0.14237383 1.3397547 -1.16403603
v 0.09125494 1.31184577 -1.1612432
v 0.13160818 1.3743602 -1.16411757
v 0.083401 1.35285735 -1.16192162
v 0.12284624 1.41391956 -1.16113948
v 0.0782236 1.39802551 -1.1592127
v 0.11701212 1.45717132 -1.15546309
v 0.07544469 1.44554305 -1.15353
v 0.11336257 1.50252795 -1.14739275
v 0.07420641 1.49359047 -1.14541661
v 0.11094271 1.54845523 -1.13732075
v 0.0734166 1.54101181 -1.13539171
v 0.10902416 1.59426474 -1.1255567
v 0.07242839 1.58757209 -1.12376022
v 0.10701832 1.63955926 -1.11247754
v 0.07112135 1.63349258 -1.11079287
v 0.10486979 1.68447089 -1.09821021
v 0.06966711 1.67905163 -1.09662997
v 0.10268458 1.72910285 -1.08282375
v 0.06819552 1.7243607 -1.08133721
v 0.10053261 1.77359032 -1.06630337
v 0.06676507 1.76949095 -1.06490683
v 0.09847682 1.81795036 -1.04860782
v 0.06541217 1.81445097 -1.04728364
v 0.09660607 1.86207318 -1.02966022
v 0.06419277 1.85910952 -1.02839994
v 0.09498433 1.90565216 -1.00938594
v 0.06314598 1.90316748 -1.00816988
v 0.09369675 1.94827342 -0.98770988
v 0.06230811 1.94621729 -0.98650914
v 0.09277135 1.98946607 -0.96452933
v 0.06170487 1.98781979 -0.96330785
v 0.09223803 2.02874922 -0.93969756
v 0.06136205 2.02753758 -0.93839818
v 0.09207681 2.06561851 -0.91310232
v 0.06126637 2.06489825 -0.91163045
v 0.09225148 2.09957838 -0.88481271
v 0.06139441 2.09930181 -0.88313746
v 0.09268865 2.13049507 -0.85524922
v 0.06167504 2.13031935 -0.85358965
v 0.06203716 2.15887165 -0.82314229
v 0.09325204 2.15899491 -0.8247646
v 0.09378612 2.18589949 -0.79392516
v 0.06240633 2.18585944 -0.79219287
v 0.12387535 2.13077545 -0.85734486
v 0.12463542 2.15906238 -0.8269031
v 0.12535591 2.18584346 -0.79622381
v 0.12594461 2.21210861 -0.76552152
v 0.094241 2.21228551 -0.76295697
v 0.15620756 2.15902042 -0.82955032
v 0.15708413 2.18556881 -0.7990033
v 0.15777686 2.21164941 -0.7685365
v 0.15839231 2.23779225 -0.73818039
v 0.12647232 2.23833894 -0.73490428
v 0.18895864 2.18500661 -0.80211913
v 0.18969667 2.21085071 -0.77177447
v 0.19037425 2.23685073 -0.74166929
v 0.19112235 2.26322746 -0.71188527
v 0.15906521 2.26419472 -0.70803457
v 0.22167509 2.20966339 -0.77507251
v 0.22239753 2.2354331 -0.74517858
v 0.22318989 2.26170754 -0.71574854
v 0.22408291 2.28901195 -0.68737673
v 0.19198232 2.29073715 -0.68338835
v 0.25445598 2.23347687 -0.74860268
v 0.25526598 2.25958323 -0.71945941
v 0.25616872 2.28671097 -0.69128245
v 0.25712594 2.31625413 -0.66569668
v 0.22495809 2.31978797 -0.66284149
v 0.28734338 2.256742 -0.72287285
v 0.28823971 2.28326368 -0.69450116
v 0.28923898 2.31159377 -0.66790521
v 0.29046073 2.34259319 -0.64430642
v 0.25824937 2.34866094 -0.64358472
v 0.32032871 2.27895379 -0.69730401
v 0.32129836 2.3057599 -0.66948092
v 0.32251071 2.33528351 -0.64443957
v 0.32420638 2.36759495 -0.62280416
v 0.29198825 2.37605667 -0.62396657
v 0.35352319 2.29938626 -0.67143702
v 0.3546518 2.32716608 -0.6448903
v 0.35631567 2.35808253 -0.62174332
v 0.3583596 2.39052605 -0.60039472
v 0.32612538 2.40119075 -0.60273319
v 0.38712191 2.31885266 -0.64617562
v 0.38860258 2.34772872 -0.62123519
v 0.39060476 2.37866163 -0.59846293
v 0.39305412 2.41011333 -0.57652247
v 0.36066716 2.42302322 -0.57930648
v 0.4215697 2.33679032 -0.62182861
v 0.4232904 2.36562657 -0.59735029
v 0.42571404 2.39589834 -0.57452321
v 0.42868229 2.42599701 -0.55162185
v 0.39610815 2.44091129 -0.55407577
v 0.45719134 2.35271644 -0.59825539
v 0.45929116 2.3811655 -0.57407367
v 0.46183502 2.41009926 -0.55020517
v 0.46471327 2.43935298 -0.52581107
v 0.43198981 2.45571589 -0.52746963
v 0.49405354 2.36672329 -0.57530432
v 0.49606126 2.39386439 -0.55005234
v 0.49848654 2.42220997 -0.52525407
v 0.50082403 2.45052957 -0.49923205
v 0.46757537 2.46836948 -0.49990135
v 0.53230643 2.3791089 -0.55295002
v 0.5339185 2.40537214 -0.52655643
v 0.53558921 2.43204689 -0.49968701
v 0.53729057 2.4589281 -0.47212472
v 0.50286215 2.47839164 -0.47153011
v 0.57145994 2.39055872 -0.53078496
v 0.57241904 2.41494464 -0.50248438
v 0.57344198 2.43961191 -0.4739606
v 0.57424068 2.46357345 -0.44451218
v 0.53833121 2.48450779 -0.44260409
v 0.61151194 2.4011271 -0.5084573
v 0.61180263 2.42320251 -0.47845017
v 0.61186605 2.44448852 -0.44790568
v 0.61179852 2.46467471 -0.41689992
v 0.57440382 2.48572158 -0.41357395
v 0.65219384 2.41155195 -0.4860579
v 0.65189689 2.43017768 -0.45410373
v 0.65134698 2.44745636 -0.42197483
v 0.65048933 2.4628129 -0.38944613
v 0.61130541 2.482445 -0.38490206
v 0.69360178 2.42169809 -0.4629457
v 0.69297331 2.43611049 -0.42922022
v 0.69192528 2.44902896 -0.39555245
v 0.69076335 2.46017241 -0.36197587
v 0.64992213 2.47648143 -0.35691896
v 0.73565197 2.43103575 -0.43817082
v 0.73478943 2.4419763 -0.40297159
v 0.73341918 2.45071458 -0.36785483
v 0.73141264 2.45717549 -0.33269199
v 0.68921279 2.46870994 -0.32812586
v 0.77809345 2.44000601 -0.41096159
v 0.77687305 2.44718313 -0.37408024
v 0.77477282 2.45197033 -0.33727604
v 0.77162897 2.45384526 -0.30050516
v 0.72869318 2.46124935 -0.29743725
v 0.8204866 2.44684839 -0.37992876
v 0.81845295 2.450248 -0.34141048
v 0.81500411 2.45053029 -0.30292251
v 0.81010496 2.44908523 -0.26460176
v 0.76735776 2.45396852 -0.26372775
v 0.86204397 2.44903373 -0.344424
v 0.85829883 2.44839358 -0.30435773
v 0.85273802 2.44595003 -0.26443973
v 0.84554547 2.44254732 -0.22453342
v 0.80377805 2.44684219 -0.22626842
v 0.90102899 2.44487953 -0.30417689
v 0.89469766 2.44190716 -0.26259845
v 0.88662004 2.4380908 -0.22128516
v 0.87692284 2.43371796 -0.18028426
v 0.83674466 2.43858742 -0.18483081
v 0.93581998 2.43553447 -0.25937733
v 0.92689168 2.43187689 -0.21666403
v 0.91643357 2.42761659 -0.17439764
v 0.9045248 2.42279672 -0.1327468
v 0.86571878 2.42892408 -0.13976833
v 0.96637851 2.42315697 -0.21082364
v 0.95512998 2.4192717 -0.16731955
v 0.94242686 2.41477823 -0.12448003
v 0.92834889 2.40926909 -0.08260373
v 0.89135301 2.4172182 -0.09197782
v 0.99270105 2.40832662 -0.15910814
v 0.97912192 2.40428113 -0.11505533
v 0.96406859 2.39907288 -0.07200127
v 0.9476484 2.39285302 -0.03005338
v 0.91302263 2.40290236 -0.0417299
v 1.01398062 2.39056444 -0.10475027
v 0.99794721 2.38590741 -0.06052257
v 0.98044878 2.38011956 -0.0174393
v 0.96172523 2.37388134 0.0245342
v 0.93007695 2.3861823 0.01081229
v 1.02928173 2.36865544 -0.04860211
v 1.01062083 2.36352109 -0.00445337
v 0.99057424 2.35753774 0.03848223
v 0.96908658 2.35042858 0.07984162
v 0.94145 2.36610698 0.0648454
v 1.03806042 2.34356761 0.00893311
v 1.01666379 2.33804059 0.05271055
v 0.99384725 2.33159589 0.09499348
v 0.96991592 2.32507395 0.13584992
v 0.94649148 2.34330964 0.11985937
v 1.03965437 2.31547617 0.06690059
v 1.01548397 2.30963039 0.10989432
v 0.99021101 2.30361461 0.15136447
v 0.9640398 2.29825449 0.1915093
v 0.9452188 2.31904554 0.17535938
v 1.0336852 2.28466129 0.12393582
v 1.0071659 2.27929329 0.16598804
v 0.97969085 2.27455782 0.20657146
v 0.95120936 2.27074646 0.24571089
v 0.93684089 2.29378271 0.23041334
v 1.02046394 2.2523334 0.17910677
v 0.99194306 2.24827027 0.22004362
v 0.9623931 2.2451663 0.25937795
v 0.93176019 2.24324894 0.29747468
v 0.92158252 2.26799511 0.28378707
v 0.99994903 2.21954298 0.23117403
v 0.96970307 2.21733808 0.27086335
v 0.93848741 2.2163372 0.3090673
v 0.90649032 2.21644592 0.34600114
v 0.90014827 2.24255561 0.33451831
v 0.97247147 2.1878128 0.2792634
v 0.94103461 2.18760967 0.31774973
v 0.90908044 2.18852639 0.35487419
v 0.87670195 2.19040823 0.39058646
v 0.87396794 2.21758842 0.3817178
v 0.938708 2.15833234 0.32275039
v 0.90730655 2.15981698 0.36029619
v 0.87552171 2.16218566 0.3962939
v 0.84322857 2.16550827 0.43058699
v 0.84400469 2.19319725 0.4248346
v 0.89945244 2.13197088 0.36064091
v 0.868779 2.13449168 0.39703765
v 0.83757853 2.13813352 0.43185603
v 0.8057307 2.1424427 0.46503573
v 0.81046563 2.1694746 0.46330234
v 0.85501927 2.11022114 0.39142084
v 0.8251698 2.11373257 0.42662954
v 0.79461807 2.1180439 0.4603011
v 0.76356536 2.1226027 0.49257025
v 0.77339625 2.14709711 0.496661
v 0.80777275 2.09386539 0.41662034
v 0.77850961 2.09795093 0.45051351
v 0.74857008 2.10250139 0.48300129
v 0.71837216 2.10671663 0.51442134
v 0.73220819 2.12714409 0.52349144
v 0.75989115 2.08125734 0.43862348
v 0.73099285 2.08578944 0.47110492
v 0.70174634 2.08990287 0.50265443
v 0.67234504 2.09306597 0.53360325
v 0.68811255 2.11006069 0.54509389
v 0.71202957 2.07129287 0.45854571
v 0.68365079 2.07541608 0.49009698
v 0.65499961 2.07854294 0.52115202
v 0.62627387 2.08022308 0.55183386
v 0.64296364 2.09491014 0.56415271
v 0.66474711 2.06232905 0.47757178
v 0.63674962 2.06556463 0.50860929
v 0.60861957 2.06718778 0.53927099
v 0.58062905 2.06664419 0.56943827
v 0.59766316 2.07997179 0.58214557
v 0.61797112 2.05358648 0.49631458
v 0.59040689 2.05530548 0.52684032
v 0.56295859 2.05457925 0.55673992
v 0.53585177 2.0514276 0.58563935
v 0.55295634 2.0636878 0.59890788
v 0.57197684 2.04426717 0.51486629
v 0.54499507 2.04353499 0.54441589
v 0.51836043 2.04017448 0.57255297
v 0.49201503 2.03465485 0.59903311
v 0.50887811 2.0460155 0.61324399
v 0.52682 2.03308033 0.53265696
v 0.5007295 2.02970838 0.55989122
v 0.47495657 2.02418112 0.58498424
v 0.44871938 2.01691556 0.60852128
v 0.46515625 2.02727484 0.62417233
v 0.4830653 2.01985025 0.54772394
v 0.45795026 2.01446151 0.57119387
v 0.43223363 2.00738406 0.59273481
v 0.40520709 1.99863839 0.61274802
v 0.42127946 2.00778198 0.63074916
v 0.44111451 2.00532031 0.55761438
v 0.41606167 1.99857938 0.57679969
v 0.38955041 1.99038326 0.59413278
v 0.36168772 1.98086893 0.60893452
v 0.37682169 1.9882344 0.63066589
v 0.40053233 1.99014473 0.55977273
v 0.37476748 1.98251962 0.57346701
v 0.34779289 1.97374939 0.58437049
v 0.32041627 1.96407103 0.5930438
v 0.33301323 1.97020578 0.62115657
v 0.36178112 1.97456324 0.54942333
v 0.33623373 1.96639442 0.55658698
v 0.30987471 1.95710051 0.56282424
v 0.28306287 1.94662761 0.5691142
v 0.29246071 1.95356464 0.60076177
v 0.32709485 1.95742619 0.52631366
v 0.30172842 1.94784975 0.53125548
v 0.27600967 1.93674087 0.53676837
v 0.24988049 1.92446184 0.54252165
v 0.25595825 1.934417 0.57545113
v 0.29651004 1.93476975 0.49938544
v 0.27149105 1.92315697 0.50461077
v 0.24617587 1.91033577 0.51027506
v 0.2207634 1.89612102 0.51623743
v 0.22381646 1.91027522 0.54830277
v 0.26971271 1.9054569 0.47384229
v 0.24472023 1.89231634 0.47988614
v 0.21948167 1.87792134 0.48652988
v 0.1933999 1.8629595 0.49324643
v 0.19463069 1.88104403 0.52198267
v 0.24473568 1.87202024 0.45123794
v 0.21936827 1.85757827 0.45878267
v 0.19333371 1.84250223 0.46671387
v 0.22007067 1.83601999 0.43247395
v 0.19407022 1.8206923 0.4417898
v 0.22168731 1.81335306 0.40766301
v 0.19585052 1.79757285 0.41863152
v 0.22372882 1.7899512 0.38394251
v 0.19851338 1.77335882 0.39717984
v 0.22716443 1.76513302 0.36230021
v 0.24840141 1.80678021 0.37132608
v 0.25126385 1.78330135 0.34713536
v 0.25640377 1.75812792 0.32577472
v 0.27644443 1.80107867 0.33424946
v 0.28101983 1.77786374 0.31009465
v 0.28805863 1.75299251 0.28901314
v 0.30762016 1.79673683 0.29775071
v 0.31409946 1.77448797 0.27359196
v 0.3232831 1.75064277 0.25263804
v 0.34184032 1.79501509 0.26188564
v 0.35105323 1.77355551 0.2385343
v 0.36267292 1.75094413 0.21780176
v 0.37956577 1.79602813 0.22759117
v 0.39171403 1.77548384 0.20541615
v 0.40837314 1.81766426 0.21964027
v 0.42048341 1.79970324 0.19603274
v 0.43785411 1.83807849 0.21501395
v 0.44938859 1.82330226 0.18984615
v 0.46787834 1.85829258 0.21256744
v 0.4790042 1.84646272 0.18661227
v 0.49249929 1.83283007 0.16371983
v 0.50940197 1.86901569 0.18545711
v 0.52194196 1.85872662 0.16121271
v 0.53569579 1.84784293 0.13893535
v 0.55265873 1.88272488 0.16078047
v 0.56547397 1.87457191 0.13681393
v 0.57905775 1.86620366 0.11433492
v 0.59631222 1.89905023 0.13613802
v 0.60922813 1.89271926 0.11173781
v 0.62263566 1.88595187 0.0882954
v 0.59304112 1.85785889 0.0929519
v 0.63621306 1.878919 0.0654104
v 0.60683018 1.8500365 0.07190214
v 0.64949142 1.87199425 0.04257535
v 0.6203016 1.84277582 0.05086557
v 0.66228222 1.86532104 0.01935679
v 0.63294839 1.83625686 0.02928556
v 0.67372548 1.85939216 -0.00500778
v 0.64476966 1.83027935 0.00699126
v 0.68413686 1.85359299 -0.03016763
v 0.65596967 1.82437157 -0.01578356
v 0.69306427 1.84772169 -0.05625061
v 0.66610103 1.81842649 -0.03940687
v 0.63858896 1.78877162 -0.0233639
v 0.67427855 1.81260967 -0.06451571
v 0.64759671 1.78367579 -0.04601902
v 0.62013769 1.75409889 -0.02924257
v 0.65442538 1.77885437 -0.07065208
v 0.62817919 1.75019836 -0.05076908
v 0.60139888 1.71996867 -0.03435183
v 0.63499039 1.74565684 -0.07447935
v 0.6087591 1.71707296 -0.05323296
v 0.58410078 1.6853919 -0.04159463
v 0.57036495 1.6580441 -0.04781677
v 0.5735476 1.64869904 -0.08696581
v 0.56243193 1.63838374 -0.06401557
v 0.56744313 1.63709175 -0.10857939
v 0.55458414 1.62355756 -0.08308603
v 0.56059908 1.62579834 -0.12979944
v 0.54682618 1.61001718 -0.10246557
v 0.55254936 1.61477398 -0.15084551
v 0.53858655 1.59714019 -0.1218334
v 0.5439732 1.60374295 -0.17206761
v 0.52945786 1.58502292 -0.14153724
v 0.53454339 1.59291684 -0.19356049
v 0.51957404 1.57337331 -0.16174006
v 0.52409285 1.58212041 -0.21505206
v 0.5091238 1.56175243 -0.18226194
v 0.49516904 1.54366469 -0.15044029
v 0.49811574 1.54995214 -0.20299951
v 0.48401612 1.53113162 -0.17049451
v 0.4707781 1.51416778 -0.13860446
v 0.47241002 1.51835119 -0.1909343
v 0.45907566 1.50069379 -0.15870489
v 0.4464063 1.48442339 -0.1270429
v 0.44694131 1.48715961 -0.17924593
v 0.43412691 1.4701389 -0.14745003
v 0.42168796 1.45400011 -0.11632743
v 0.42159682 1.45584213 -0.16817729
v 0.40909501 1.43894648 -0.13684384
v 0.39665943 1.42257714 -0.1061334
v 0.40903607 1.43827438 -0.08568627
v 0.38383209 1.4062587 -0.07568705
v 0.39572119 1.42274189 -0.05528955
v 0.37037289 1.38982391 -0.04523048
v 0.38122481 1.40732669 -0.02492361
v 0.35561329 1.37319982 -0.0143991
v 0.36417451 1.39213204 0.00551643
v 0.33785554 1.35616207 0.01706833
v 0.34317663 1.37633311 0.03601399
v 0.31577596 1.33785152 0.04879033
v 0.31697613 1.35910201 0.06608
v 0.28913623 1.31795954 0.07990865
v 0.28777205 1.33927857 0.09600069
v 0.26053378 1.29514586 0.1107048
v 0.25833296 1.31624949 0.12636943
v 0.23166361 1.26939988 0.14011903
v 0.22899544 1.29088342 0.1555486
v 0.22542183 1.31312131 0.17065495
v 0.19762593 1.26525986 0.18096256
v 0.19432565 1.28766608 0.19638037
v 0.19038321 1.31067144 0.21174752
v 0.15909637 1.26294851 0.21534617
v 0.15562018 1.28588247 0.23129221
v 0.15114201 1.30948543 0.24682009
v 0.16201992 1.24055326 0.19950765
v 0.2002252 1.24334263 0.16536831
v 0.16426509 1.21865177 0.18322022
v 0.20167753 1.22217702 0.14917041
v 0.16545538 1.19748151 0.16656588
v 0.20145635 1.20225322 0.13280353
v 0.16494053 1.17783427 0.14932416
v 0.19971701 1.18335938 0.11633378
v 0.16197127 1.16063499 0.13107889
v 0.19512035 1.16628146 0.09957537
v 0.15678203 1.14547359 0.11263221
v 0.18825914 1.15059423 0.08332959
v 0.14983966 1.1321032 0.09432789
v 0.17970441 1.13614845 0.06797319
v 0.14144522 1.12100696 0.07619616
v 0.16920071 1.12393546 0.05301381
v 0.13295173 1.11109471 0.05833069
v 0.1577627 1.11313128 0.03807195
v 0.12465649 1.10260105 0.03986183
v 0.14679126 1.10385727 0.02235215
v 0.11694099 1.09531009 0.01981507
v 0.13802415 1.09655523 0.00389563
v 0.11086862 1.08962476 -0.0043129
v 0.13296118 1.09312224 -0.02383201
v 0.10863292 1.08842396 -0.03637334
v 0.13537086 1.09871614 -0.06586189
v 0.11273157 1.09351754 -0.07717124
v 0.13969971 1.11320757 -0.10991762
v 0.11634232 1.1060096 -0.11832539
v 0.14249071 1.13033115 -0.15143397
v 0.1178337 1.12045097 -0.1576727
v 0.14371216 1.14776086 -0.18978968
v 0.11791318 1.13554132 -0.19448655
v 0.14458361 1.16462814 -0.22582359
v 0.11799456 1.15130806 -0.22998887
v 0.14600133 1.1810882 -0.26093587
v 0.11888069 1.1670959 -0.26501551
v 0.14817273 1.19700884 -0.2957943
v 0.12056491 1.18250691 -0.2998512
v 0.15085424 1.2125504 -0.33058041
v 0.12277479 1.19764649 -0.33450105
v 0.15372061 1.22797524 -0.36529734
v 0.12515726 1.21266639 -0.36899572
v 0.1566154 1.2433108 -0.39987686
v 0.12752069 1.22745609 -0.40338683
v 0.15948909 1.25852131 -0.43424886
v 0.12978473 1.24195599 -0.43766036
v 0.16232706 1.27341783 -0.46842366
v 0.13188692 1.25616705 -0.47175172
v 0.16519707 1.28770983 -0.50257211
v 0.13400512 1.26969957 -0.5058521
v 0.16835224 1.30093884 -0.53680646
v 0.13650184 1.28174758 -0.54020428
v 0.17177616 1.31330549 -0.57108539
v 0.13919232 1.29280269 -0.57465183
v 0.1756961 1.32465636 -0.60542631
v 0.1423234 1.3026719 -0.60911971
v 0.18011198 1.33515882 -0.63979369
v 0.14586512 1.31162643 -0.6435706
v 0.18501864 1.34462976 -0.67402404
v 0.1499243 1.31946563 -0.67794168
v 0.19039025 1.35300123 -0.70820188
v 0.15442851 1.32605004 -0.71218347
v 0.1962289 1.3599751 -0.74234432
v 0.15940389 1.33124709 -0.74632227
v 0.20258525 1.36542463 -0.77662146
v 0.16498747 1.33473253 -0.78042
v 0.20951211 1.36928653 -0.81100332
v 0.17113661 1.33651256 -0.81445604
v 0.21713648 1.37133216 -0.84537363
v 0.1778613 1.33653831 -0.84839135
v 0.2253458 1.37158775 -0.87968349
v 0.18513937 1.33461272 -0.88212019
v 0.23404678 1.3700993 -0.91370874
v 0.19277522 1.3309102 -0.9155761
v 0.24317225 1.36703443 -0.9472745
v 0.20069564 1.32560038 -0.94871711
v 0.25258562 1.36284339 -0.98036187
v 0.20882274 1.31917512 -0.98163431
v 0.26183748 1.35824561 -1.01297903
v 0.21683327 1.31253552 -1.014122
v 0.27039027 1.35373175 -1.04480099
v 0.22430768 1.30654823 -1.04574024
v 0.27720779 1.35010898 -1.07482302
v 0.23004548 1.3024261 -1.07549858
v 0.28072327 1.34931135 -1.10248196
v 0.23229748 1.30230999 -1.10399198
v 0.27932733 1.35402441 -1.12861049
v 0.22864158 1.30968356 -1.13039541
v 0.27185571 1.36645269 -1.150339
v 0.21961879 1.32506954 -1.15133738
v 0.25986596 1.3857932 -1.16350746
v 0.20718222 1.34737467 -1.16257464
v 0.24635045 1.40899992 -1.16837739
v 0.1944015 1.37334358 -1.166574
v 0.23290427 1.43506646 -1.16846799
v 0.18198509 1.40329849 -1.16652798
v 0.2198725 1.46557521 -1.16542875
v 0.17071162 1.4379239 -1.16331553
v 0.20859797 1.49989986 -1.15972423
v 0.16176356 1.47622382 -1.15756285
v 0.19986429 1.53721308 -1.15178811
v 0.15542256 1.51766848 -1.1495248
v 0.19301687 1.57696795 -1.14178013
v 0.15093743 1.56078004 -1.13947296
v 0.18740661 1.61785078 -1.13010537
v 0.1472422 1.60452806 -1.12768471
v 0.18250909 1.65952265 -1.11700379
v 0.143982 1.64835703 -1.11455678
v 0.17807117 1.70145213 -1.10267496
v 0.14088776 1.69204592 -1.10023355
v 0.17387601 1.74347984 -1.08720254
v 0.13783644 1.73558044 -1.08478689
v 0.16988304 1.78570342 -1.07056617
v 0.13485465 1.77907812 -1.06819963
v 0.16610145 1.82812023 -1.05275666
v 0.13198998 1.8225609 -1.05043029
v 0.16265161 1.87061166 -1.03368985
v 0.12937012 1.86593437 -1.03141593
v 0.15968993 1.91282653 -1.01331114
v 0.12712827 1.90889167 -1.01109635
v 0.15737496 1.95424294 -0.99157893
v 0.12534898 1.95096194 -0.98940026
v 0.15573817 1.99427676 -0.96842181
v 0.12408977 1.99162888 -0.96623539
v 0.15478162 2.03237175 -0.94371163
v 0.12335357 2.03038001 -0.9414829
v 0.15445323 2.06802773 -0.9173305
v 0.12311506 2.06669569 -0.91502487
v 0.15465724 2.10092425 -0.88929623
v 0.12331867 2.10015201 -0.88685834
v 0.15531173 2.1311202 -0.85987186
v 0.18631562 2.10182476 -0.89208388
v 0.18702626 2.13146138 -0.86275309
v 0.18801769 2.15880632 -0.83252596
v 0.21899381 2.13172245 -0.86587363
v 0.2199729 2.15843749 -0.83572804
v 0.22091095 2.1841607 -0.80535292
v 0.25206342 2.15806627 -0.8391025
v 0.25294303 2.18303179 -0.80861771
v 0.25371557 2.20800209 -0.7783128
v 0.28505119 2.18174147 -0.81190884
v 0.2857885 2.20592403 -0.78149485
v 0.28653103 2.23102808 -0.75193262
v 0.31786787 2.20386838 -0.78496414
v 0.31861874 2.22826552 -0.7553339
v 0.31943929 2.25337481 -0.72617018
v 0.35069474 2.22577405 -0.75931763
v 0.351574 2.2498424 -0.72976231
v 0.35252898 2.27405977 -0.70016378
v 0.38379728 2.24698782 -0.73446327
v 0.38493454 2.26949071 -0.70397692
v 0.38604545 2.29300642 -0.67416226
v 0.41764605 2.26625728 -0.70969915
v 0.41914129 2.28726887 -0.67854392
v 0.4203732 2.31073713 -0.649082
v 0.45271584 2.28312635 -0.68522161
v 0.45439609 2.30352544 -0.65404301
v 0.45575499 2.326581 -0.62481558
v 0.48917776 2.29876232 -0.66198158
v 0.49105978 2.31853437 -0.6309309
v 0.49256444 2.34163522 -0.60233902
v 0.5273993 2.3131175 -0.64031249
v 0.52942103 2.33285951 -0.6097266
v 0.53089135 2.35478687 -0.58049589
v 0.56724143 2.32743716 -0.62066483
v 0.56914436 2.34601736 -0.58931219
v 0.57040983 2.36707854 -0.55927616
v 0.60842227 2.34152007 -0.60193431
v 0.6100229 2.35977816 -0.56993681
v 0.61097103 2.37944126 -0.53866994
v 0.65022718 2.35617256 -0.58348727
v 0.65148675 2.37376785 -0.55045604
v 0.65212667 2.39225006 -0.51794481
v 0.69240355 2.37140631 -0.56435817
v 0.69338214 2.38846659 -0.53032594
v 0.69376462 2.40552711 -0.49658331
v 0.73486214 2.38722753 -0.54378151
v 0.73566544 2.40345597 -0.50868433
v 0.73592561 2.41843485 -0.47355845
v 0.77766835 2.40298557 -0.52097255
v 0.77839648 2.41792225 -0.48462149
v 0.7785843 2.43030929 -0.44787216
v 0.82094889 2.41778326 -0.49497252
v 0.8215537 2.43053603 -0.45698449
v 0.82145124 2.44019269 -0.41849923
v 0.86460465 2.43009877 -0.46480533
v 0.86480248 2.44013261 -0.42487955
v 0.86405807 2.44646954 -0.38466349
v 0.90823823 2.43803477 -0.42981302
v 0.90756827 2.44429016 -0.38803821
v 0.90532064 2.44617629 -0.3460282
v 0.95085263 2.43885898 -0.38971445
v 0.94800698 2.4402194 -0.34604838
v 0.94294071 2.4385159 -0.30253779
v 0.98983937 2.43094825 -0.34448364
v 0.98394405 2.42928433 -0.2994917
v 0.97605729 2.42654156 -0.25490042
v 1.02394509 2.41708469 -0.29514417
v 1.01526141 2.41471767 -0.24924981
v 1.00480043 2.41178417 -0.20388481
v 1.05310642 2.39976787 -0.2424201
v 1.0416212 2.39721298 -0.19588092
v 1.02847695 2.39409041 -0.14996552
v 1.076334 2.37878131 -0.18691307
v 1.06204104 2.37594699 -0.14004743
v 1.04639232 2.37269926 -0.09387347
v 1.09294068 2.35425877 -0.12932509
v 1.07610666 2.35143017 -0.08232299
v 1.05785274 2.34797835 -0.03616416
v 1.10249471 2.32678699 -0.0703459
v 1.08314585 2.32398891 -0.02347773
v 1.06223678 2.32028913 0.02235656
v 1.10438895 2.2966113 -0.01116535
v 1.08243393 2.29364299 0.03513693
v 1.05884146 2.28963232 0.08026222
v 1.09796226 2.26394486 0.04683322
v 1.07366073 2.26086998 0.09231933
v 1.0477786 2.25681448 0.13649068
v 1.08247304 2.2292428 0.10234645
v 1.05647969 2.22622346 0.14671652
v 1.02894067 2.2227087 0.18974441
v 1.05863475 2.19374871 0.15409842
v 1.03152549 2.19135642 0.19724728
v 1.00288319 2.18923449 0.23916253
v 1.02701568 2.15946316 0.20124372
v 0.9991824 2.15831971 0.24313992
v 0.96963614 2.15782165 0.28376087
v 0.98787951 2.129009 0.24311009
v 0.95967292 2.12927889 0.28367158
v 0.92986959 2.13028812 0.32283893
v 0.94151449 2.1051855 0.2783654
v 0.9133861 2.10638976 0.3171792
v 0.88438212 2.10793209 0.35486191
v 0.89191854 2.08697867 0.30786576
v 0.86453175 2.0884509 0.34510961
v 0.83641427 2.09064197 0.38141453
v 0.84229594 2.07195997 0.33401686
v 0.81561601 2.07396102 0.36998891
v 0.78806859 2.07720899 0.40485876
v 0.79348903 2.05919432 0.35825473
v 0.76711881 2.06250858 0.39273574
v 0.73995637 2.06666588 0.42622476
v 0.7453714 2.04919004 0.38077843
v 0.71926021 2.05340647 0.41394764
v 0.6922971 2.05809021 0.44607389
v 0.69805461 2.04094839 0.40204364
v 0.67205023 2.04564905 0.43398392
v 0.64534378 2.05008006 0.46541589
v 0.65144902 2.03367185 0.42247781
v 0.62565511 2.0383234 0.45378196
v 0.59905284 2.04216861 0.48454484
v 0.6058228 2.02687525 0.44272661
v 0.58001589 2.0310769 0.47338569
v 0.55340164 2.03361702 0.5034995
v 0.56089794 2.02025556 0.46285784
v 0.53485453 2.02317619 0.49289774
v 0.50855362 2.02305674 0.52166438
v 0.51629865 2.01327157 0.48312979
v 0.49027532 2.01348543 0.51167857
v 0.46547624 2.01050615 0.53613132
v 0.47213044 2.00454664 0.50286722
v 0.44832229 2.00170278 0.52520763
v 0.42485386 1.99663662 0.54382979
v 0.43201541 1.99325418 0.51366359
v 0.40966802 1.98812079 0.52817642
v 0.38634979 1.98177814 0.54000723
v 0.39674562 1.97955799 0.50947177
v 0.37470719 1.9730184 0.51634073
v 0.35149994 1.96569001 0.5216552
v 0.36716312 1.96251916 0.4883511
v 0.34475499 1.95445537 0.4912242
v 0.32108891 1.94517326 0.49489721
v 0.34185376 1.93928372 0.45986121
v 0.31845346 1.92896366 0.46367654
v 0.2943536 1.91762495 0.46840274
v 0.31824731 1.9106059 0.43291375
v 0.29416158 1.89844846 0.43828147
v 0.26966393 1.88554394 0.44443178
v 0.29501789 1.87881612 0.40862554
v 0.27037751 1.86511075 0.41570299
v 0.24549911 1.85078811 0.42376047
v 0.27154278 1.84449338 0.3874318
v 0.24652871 1.82927334 0.3968662
v 0.2735039 1.82318782 0.36020907
v 0.29674094 1.85893654 0.37952631
v 0.29943865 1.83857941 0.35124504
v 0.30295622 1.81795418 0.32386612
v 0.32562539 1.8532257 0.34393376
v 0.32997244 1.83407676 0.31553319
v 0.33507493 1.81504583 0.2878375
v 0.35724815 1.84937012 0.30903172
v 0.36305895 1.83239412 0.28027132
v 0.37013787 1.81500423 0.252698
v 0.39170438 1.84846019 0.27512806
v 0.39916682 1.83357453 0.24655257
v 0.42036786 1.86432004 0.27147549
v 0.4286431 1.85129368 0.24268028
v 0.44908863 1.88024437 0.2690832
v 0.4582839 1.86910378 0.24035596
v 0.47828906 1.89610791 0.26828205
v 0.4883486 1.88693141 0.23968951
v 0.49856486 1.87798428 0.21201409
v 0.51897949 1.90416729 0.24106118
v 0.5297563 1.89713561 0.21319904
v 0.54074913 1.89030706 0.18623217
v 0.5612092 1.91490197 0.21604962
v 0.572618 1.90962672 0.18855297
v 0.58411514 1.90466058 0.1617742
v 0.60431915 1.92758321 0.19178056
v 0.61604344 1.92449998 0.16385382
v 0.62802934 1.92102205 0.13667753
v 0.64807617 1.94233417 0.16683992
v 0.66033977 1.94047987 0.13816294
v 0.67280012 1.93772649 0.11003945
v 0.64054948 1.91659998 0.11038921
v 0.68548685 1.9342302 0.08221579
v 0.65345716 1.91142225 0.0847205
v 0.69834476 1.92981529 0.0546735
v 0.66662704 1.90557241 0.05959831
v 0.71104496 1.92462885 0.02716889
v 0.67953664 1.89946079 0.034496
v 0.72246861 1.91988551 -0.00094723
v 0.69175595 1.89342749 0.00895982
v 0.73278677 1.91516971 -0.02973556
v 0.70246589 1.8880527 -0.0176305
v 0.741755 1.9103527 -0.05922469
v 0.71225756 1.88245666 -0.04494436
v 0.74965727 1.90462255 -0.08896622
v 0.72064423 1.87650919 -0.07290087
v 0.75664216 1.89744174 -0.11855393
v 0.72794258 1.86957907 -0.10120828
v 0.70068448 1.84127473 -0.08315617
v 0.73380482 1.86180639 -0.1298106
v 0.70651084 1.8343575 -0.1109265
v 0.68014448 1.80681181 -0.09115882
v 0.71047073 1.826756 -0.13930657
v 0.68461495 1.79998552 -0.11893559
v 0.65992236 1.77300214 -0.09720266
v 0.68720948 1.79191505 -0.14713729
v 0.66337055 1.76557922 -0.12491957
v 0.63943076 1.73955833 -0.1008773
v 0.66320437 1.75696754 -0.15237754
v 0.64005339 1.73137927 -0.12780982
v 0.65907132 1.74829351 -0.17817734
v 0.6367557 1.72227263 -0.15267621
v 0.65160435 1.74034869 -0.2028895
v 0.63009393 1.71387398 -0.17616376
v 0.60939174 1.68825185 -0.14701917
v 0.62230598 1.70511651 -0.19909223
v 0.60245108 1.67933368 -0.16932837
v 0.5837953 1.65595603 -0.13815778
v 0.58948755 1.66539752 -0.11576354
v 0.59459608 1.66976428 -0.19149011
v 0.57660508 1.6461091 -0.16005934
v 0.58653348 1.65958094 -0.21376514
v 0.5685969 1.63583576 -0.18201881
v 0.57818269 1.64900696 -0.23623926
v 0.56038558 1.62522661 -0.20402593
v 0.56790393 1.63907444 -0.25881224
v 0.55067968 1.61497592 -0.22616067
v 0.55667132 1.62891101 -0.28144738
v 0.53985667 1.60462594 -0.24826365
v 0.54511576 1.61804366 -0.30412897
v 0.52858591 1.59376895 -0.27021157
v 0.51300787 1.57092845 -0.23639567
v 0.51744139 1.58205199 -0.29228019
v 0.50178957 1.55920314 -0.25788658
v 0.4867683 1.53791582 -0.2239985
v 0.49056124 1.54697823 -0.27979871
v 0.47529122 1.52563977 -0.24545511
v 0.46058809 1.50557136 -0.21186256
v 0.46336603 1.51340484 -0.26742783
v 0.44862148 1.49299013 -0.23346436
v 0.4346652 1.47376489 -0.20036748
v 0.43624785 1.48058092 -0.25579786
v 0.42231667 1.46069395 -0.22221139
v 0.4090929 1.44185066 -0.18951821
v 0.40969401 1.44781923 -0.24494431
v 0.39661553 1.42827868 -0.21179162
v 0.38401231 1.40958333 -0.17933586
v 0.39650401 1.42402267 -0.15769195
v 0.37177619 1.39162254 -0.14751218
v 0.38422483 1.40685021 -0.12654909
v 0.35956406 1.37388742 -0.11605749
v 0.37179258 1.38981688 -0.09577416
v 0.34711095 1.35612595 -0.08466044
v 0.35894179 1.372689 -0.06502898
v 0.33419108 1.33812236 -0.05292031
v 0.3453114 1.35529351 -0.03387424
v 0.32029721 1.31965875 -0.02060849
v 0.32991117 1.33743572 -0.00198166
v 0.304232 1.30015099 0.01245681
v 0.31120029 1.31843292 0.0306569
v 0.28434416 1.27931547 0.04568895
v 0.28808486 1.29802727 0.06308483
v 0.26024043 1.25584936 0.0780441
v 0.26134774 1.27503621 0.09466722
v 0.23298923 1.22919714 0.10792177
v 0.23323553 1.24874949 0.12427056
v 0.25780791 1.23713779 0.06136202
v 0.23150819 1.21023738 0.09169016
v 0.25425106 1.2187922 0.04510545
v 0.22824533 1.19222188 0.07589876
v 0.24854593 1.20140063 0.02941758
v 0.22221618 1.17550444 0.06054174
v 0.24045726 1.18545258 0.01493079
v 0.21456956 1.15983867 0.04691816
v 0.23172126 1.16978502 0.00212187
v 0.20527523 1.14491856 0.03464614
v 0.22209651 1.15470933 -0.00856064
v 0.19392876 1.13121759 0.02372994
v 0.21036404 1.14027917 -0.01790967
v 0.18069288 1.11885869 0.01317616
v 0.19709071 1.12751281 -0.02653624
v 0.16707861 1.10823166 0.00132142
v 0.22713074 1.16323673 -0.06053379
v 0.2135456 1.14974236 -0.07075278
v 0.19845454 1.13781201 -0.08100781
v 0.2233325 1.17080164 -0.11544113
v 0.20586432 1.15950167 -0.12599071
v 0.18620245 1.14958798 -0.13542285
v 0.18149107 1.12842845 -0.09194629
v 0.16500929 1.14004731 -0.14381472
v 0.1616808 1.12020516 -0.10072034
v 0.1901158 1.17018961 -0.17583568
v 0.16757039 1.15937805 -0.18337336
v 0.19366216 1.18965232 -0.21376116
v 0.1697902 1.17757833 -0.2204374
v 0.19704327 1.20827126 -0.25024172
v 0.17212927 1.19497394 -0.25609421
v 0.2004846 1.22625482 -0.28593087
v 0.17488554 1.21178269 -0.2912769
v 0.20411828 1.24378478 -0.32106098
v 0.17799732 1.22812819 -0.32627579
v 0.20793788 1.26106882 -0.35567206
v 0.18129369 1.24433076 -0.36104857
v 0.21195486 1.27811002 -0.38985353
v 0.18471419 1.26045978 -0.39553123
v 0.2162517 1.29474604 -0.42379173
v 0.18823921 1.27638387 -0.42975804
v 0.22081093 1.31083571 -0.45756718
v 0.191886 1.29187083 -0.4638096
v 0.22552029 1.32647597 -0.4912467
v 0.19564096 1.3068335 -0.49778378
v 0.2304269 1.34157145 -0.52490425
v 0.19961607 1.32108831 -0.53174865
v 0.23569414 1.3561294 -0.55873966
v 0.20392243 1.33459842 -0.56588494
v 0.24142326 1.37012827 -0.59266763
v 0.20871946 1.34726715 -0.6000517
v 0.24760499 1.38344919 -0.62650984
v 0.21402213 1.359218 -0.6341238
v 0.25417304 1.39605379 -0.66034591
v 0.21977748 1.37033569 -0.66812682
v 0.26104289 1.40769124 -0.69432193
v 0.22595831 1.38049244 -0.70218956
v 0.26817232 1.41823101 -0.72877907
v 0.23252554 1.38928628 -0.73645752
v 0.27571231 1.42751181 -0.76373571
v 0.23951435 1.39662849 -0.77101451
v 0.28389519 1.43529713 -0.79907858
v 0.24711647 1.40246546 -0.80580347
v 0.29273873 1.44150102 -0.83452338
v 0.25537651 1.40661418 -0.84069818
v 0.3023355 1.44607698 -0.86962711
v 0.26426804 1.40896916 -0.87546557
v 0.31272608 1.44896674 -0.9041143
v 0.27381989 1.40964961 -0.90982258
v 0.32364392 1.45026433 -0.93796312
v 0.28394994 1.40876269 -0.94355166
v 0.33493351 1.45005357 -0.97118562
v 0.29439467 1.40664577 -0.97671616
v 0.34606409 1.44867575 -1.00377583
v 0.30465212 1.40377402 -1.00931
v 0.35640725 1.44650483 -1.03569483
v 0.3141978 1.40050804 -1.04130268
v 0.36523926 1.44403874 -1.06629729
v 0.32211008 1.39743137 -1.07179069
v 0.37122055 1.44262611 -1.09355175
v 0.32686212 1.39625299 -1.09897565
v 0.37364745 1.44395422 -1.11877489
v 0.32750612 1.39895832 -1.12451458
v 0.37120217 1.45046651 -1.14197611
v 0.32226145 1.40841674 -1.14697074
v 0.36213606 1.46427774 -1.15872359
v 0.3115682 1.42473411 -1.16226327
v 0.34923845 1.48269057 -1.16734647
v 0.29793673 1.44545197 -1.16871166
v 0.33529484 1.50318193 -1.169595
v 0.28397345 1.4683249 -1.16961169
v 0.32148373 1.52599358 -1.16787743
v 0.27018263 1.49481761 -1.16715192
v 0.30737686 1.5533787 -1.16306781
v 0.25718992 1.52565622 -1.16175711
v 0.29451823 1.58414888 -1.1556921
v 0.2462012 1.55949103 -1.15398097
v 0.28338229 1.61715436 -1.14622569
v 0.23707029 1.59576773 -1.14415168
v 0.27371746 1.65196299 -1.13497424
v 0.2294428 1.63363838 -1.13265311
v 0.26519757 1.68810892 -1.12224233
v 0.22285199 1.67278099 -1.11967766
v 0.25736635 1.72542107 -1.10818505
v 0.21677546 1.71251273 -1.10542535
v 0.24996984 1.76352512 -1.09282982
v 0.21106571 1.75272524 -1.08995032
v 0.24303594 1.80229914 -1.07632446
v 0.20582342 1.79340994 -1.07333588
v 0.23655825 1.84188079 -1.05854749
v 0.20091018 1.83454394 -1.05551886
v 0.23081338 1.88212323 -1.03941059
v 0.19642704 1.87599301 -1.03639042
v 0.22616013 1.9225769 -1.01896178
v 0.19265772 1.91737604 -1.0159434
v 0.22267009 1.96243393 -0.99723935
v 0.189765 1.95804894 -0.9941796
v 0.22025613 2.00096607 -0.97416812
v 0.18775509 1.99735534 -0.97103881
v 0.21880669 2.03751611 -0.94952422
v 0.18656909 2.03469562 -0.94636225
v 0.21819521 2.0716052 -0.92321467
v 0.18612071 2.06960129 -0.92003315
v 0.21830837 2.10299778 -0.89523398
v 0.25063157 2.10443067 -0.89858526
v 0.25118872 2.13216853 -0.86924302
v 0.25067928 2.07397222 -0.92661047
v 0.28356102 2.07679891 -0.93011367
v 0.28326106 2.10628604 -0.9021579
v 0.25149354 2.04073238 -0.95297217
v 0.28470906 2.04434824 -0.95652252
v 0.3182691 2.04845762 -0.96001076
v 0.3167352 2.08009529 -0.93366515
v 0.25325566 2.0049963 -0.97759544
v 0.28691053 2.00940036 -0.98116815
v 0.32099029 2.01425457 -0.9847334
v 0.35536637 2.02020525 -0.98786318
v 0.35200116 2.05335021 -0.96328419
v 0.29034113 1.97260141 -1.00410461
v 0.3252387 1.97848188 -1.00763297
v 0.36116963 1.98619723 -1.01039993
v 0.39955571 1.99859833 -1.01067376
v 0.39097756 2.02884912 -0.98941171
v 0.33164018 1.94236826 -1.0288124
v 0.37010669 1.95314288 -1.03071022
v 0.41091901 1.96971964 -1.02956974
v 0.45341873 1.99234747 -1.02434372
v 0.44055932 2.01722908 -1.00693857
v 0.38175949 1.92181062 -1.04896974
v 0.4243707 1.94229233 -1.04656505
v 0.46824133 1.9679439 -1.04028105
v 0.5130018 1.99725055 -1.02999651
v 0.49741461 2.0195961 -1.01475286
v 0.43973061 1.91555249 -1.06239414
v 0.48479634 1.94337332 -1.05528104
v 0.53018522 1.97424829 -1.04436159
v 0.57557791 2.00674152 -1.02968573
v 0.55817949 2.02863836 -1.01588952
v 0.50285214 1.91860723 -1.06944751
v 0.54894316 1.9507482 -1.05762386
v 0.59464967 1.98411107 -1.04215991
v 0.63959384 2.01802206 -1.02362656
v 0.62042993 2.04002404 -1.0116992
v 0.56927853 1.92696714 -1.06973934
v 0.61546492 1.96093761 -1.0531069
v 0.66049766 1.99520969 -1.03360676
v 0.70422804 2.02972888 -1.01222086
v 0.68336916 2.05228352 -1.00271451
v 0.63799053 1.93721652 -1.06238734
v 0.68316292 1.97159159 -1.04149913
v 0.72665774 2.00611496 -1.01907038
v 0.76869255 2.04091143 -0.99567246
v 0.74662065 2.06461572 -0.98939812
v 0.70735108 1.94697594 -1.04691815
v 0.7504782 1.98129487 -1.02302336
v 0.79178178 2.01580619 -0.99870675
v 0.83214372 2.05043673 -0.97414732
v 0.80971992 2.07578539 -0.97123336
v 0.77501845 1.95515513 -1.02377557
v 0.81534826 1.98936259 -0.9982866
v 0.85464596 2.02365064 -0.97339117
v 0.89381128 2.0576806 -0.94820219
v 0.87219232 2.0850625 -0.94906616
v 0.83852171 1.96202158 -0.9947974
v 0.87655001 1.99573493 -0.96895641
v 0.91444861 2.02901506 -0.94334816
v 0.95252305 2.06169295 -0.91654878
v 0.93282979 2.09116554 -0.92132329
v 0.89646935 1.96755147 -0.96083945
v 0.93319398 1.99981033 -0.93439114
v 0.97000151 2.03159046 -0.90729141
v 1.00690877 2.06269884 -0.8783167
v 0.990152 2.09381508 -0.88704299
v 0.94910377 1.97109484 -0.92205596
v 0.98469787 2.00150275 -0.89412272
v 1.02005982 2.03134369 -0.86473226
v 1.05466759 2.06042981 -0.83252859
v 1.04232919 2.09296608 -0.84547507
v 0.99565666 1.97261929 -0.87742209
v 1.02943003 2.00095605 -0.84733164
v 1.06253385 2.02856564 -0.81520897
v 1.09400796 2.05501127 -0.7801131
v 1.08739686 2.08842563 -0.79660475
v 1.03369736 1.97234273 -0.82622242
v 1.06485605 1.99831521 -0.79387879
v 1.09421801 2.02286434 -0.75909423
v 1.12107229 2.04599952 -0.72168195
v 1.12243056 2.08006501 -0.74137836
v 1.05991864 1.97039461 -0.77006948
v 1.08713614 1.99321949 -0.73517495
v 1.11192584 2.01448798 -0.69846862
v 1.13424181 2.03442239 -0.65996193
v 1.14512443 2.06768131 -0.68174326
v 1.07218551 1.9669367 -0.71134644
v 1.09528923 1.98636019 -0.67447626
v 1.11589717 2.00470876 -0.63655769
v 1.13462281 2.021842 -0.59774893
v 1.1541593 2.05301809 -0.61977356
v 1.07085228 1.9636681 -0.65247482
v 1.09021222 1.98024654 -0.61430126
v 1.10795259 1.99628472 -0.57578742
v 1.12413275 2.01194286 -0.53681802
v 1.15170455 2.038239 -0.55785107
v 1.05656302 1.96571648 -0.59527921
v 1.07364094 1.98042357 -0.55657255
v 1.08935976 1.995175 -0.51770311
v 1.10394263 2.00972247 -0.47857767
v 1.1395061 2.02658152 -0.49710619
v 1.03599631 1.97159743 -0.53973662
v 1.05149674 1.98477006 -0.50105774
v 1.06553435 1.99843037 -0.46231678
v 1.07786965 2.01221847 -0.42344594
v 1.11711239 2.02350139 -0.43890312
v 1.01346874 1.97544932 -0.4845606
v 1.02706003 1.98790371 -0.44657144
v 1.03855156 2.00145864 -0.40870946
v 1.04783868 2.01553058 -0.37085169
v 1.08820605 2.02536058 -0.38418787
v 0.98858368 1.97721576 -0.4306353
v 0.99942278 1.99002003 -0.39390593
v 1.0076828 2.00440597 -0.35752058
v 1.01364707 2.01822781 -0.32082197
v 1.05491006 2.02871799 -0.33254587
v 0.96071386 1.97752475 -0.37855693
v 0.96833705 1.99090278 -0.3432748
v 0.97329956 2.0044415 -0.30804574
v 0.97539752 2.01646065 -0.27243253
v 1.01685249 2.02999591 -0.28352183
v 0.93007552 1.9748286 -0.32792615
v 0.93438732 1.98716735 -0.29383757
v 0.93553674 1.9990344 -0.25972795
v 0.93444722 2.0086472 -0.22478571
v 0.97518199 2.02538275 -0.23570972
v 0.89702236 1.96716404 -0.27848309
v 0.89746326 1.97869622 -0.24561485
v 0.89557898 1.98872876 -0.21213981
v 0.89185285 1.99626016 -0.17757883
v 0.93136256 2.0151546 -0.18859703
v 0.86141341 1.95612847 -0.23013913
v 0.85881251 1.96640181 -0.19795619
v 0.85444229 1.97469449 -0.16481542
v 0.84851044 1.98081755 -0.1307701
v 0.8863058 2.00131321 -0.14179271
v 0.82446277 1.94201946 -0.18232479
v 0.81953346 1.95069217 -0.15055567
v 0.81313216 1.95756268 -0.11817361
v 0.80589377 1.96216535 -0.08499336
v 0.84145838 1.98447942 -0.09577786
v 0.78678947 1.92495465 -0.13521085
v 0.78023225 1.93191611 -0.10422025
v 0.77264672 1.93729245 -0.07281518
v 0.76420074 1.9412595 -0.0412642
v 0.79765456 1.96510112 -0.05145213
v 0.78823733 1.96706366 -0.01797334
v 0.82317864 1.98752498 -0.02486139
v 0.83305245 1.98646831 -0.06031374
v 0.75463539 1.9444983 -0.00998492
v 0.74363541 1.94784295 0.02066784
v 0.77692854 1.96950089 0.01483934
v 0.76457852 1.97150361 0.04731914
v 0.79888528 1.98899507 0.04492865
v 0.8117398 1.98839807 0.01022994
v 0.73102235 1.9518131 0.05055612
v 0.71827197 1.95467591 0.08045834
v 0.75167715 1.97275066 0.07948657
v 0.73837363 1.97332549 0.11141651
v 0.77137208 1.98819208 0.11303288
v 0.78538513 1.98868775 0.07929615
v 0.70556855 1.95646083 0.11046268
v 0.69283235 1.95769095 0.14035421
v 0.72488069 1.97366833 0.14296788
v 0.71094405 1.97380602 0.17441918
v 0.74157059 1.98842859 0.17871984
v 0.75681692 1.98818898 0.14603276
v 0.6798321 1.95841288 0.17048634
v 0.6664803 1.95921146 0.20070475
v 0.69658535 1.97403919 0.20582258
v 0.63565337 1.94401907 0.19593614
v 0.62276971 1.94640159 0.22522844
v 0.65236806 1.96104896 0.23092523
v 0.59234905 1.93116593 0.22018711
v 0.57967174 1.9359579 0.24887782
v 0.60887628 1.95039129 0.25458028
v 0.54964762 1.92057204 0.2442477
v 0.53761291 1.92701566 0.27282166
v 0.56627816 1.94174408 0.27785769
v 0.50802314 1.91179955 0.26945933
v 0.49670466 1.92014873 0.29813805
v 0.52496779 1.93444466 0.30148559
v 0.46815082 1.9059875 0.29721027
v 0.45794796 1.91683435 0.32649171
v 0.48513853 1.9294821 0.32711699
v 0.43997451 1.89214932 0.29812979
v 0.43105757 1.90475916 0.32757121
v 0.42257091 1.91840004 0.35756158
v 0.44795531 1.92865383 0.35630437
v 0.412326 1.87794399 0.3006336
v 0.40437758 1.89279389 0.32982188
v 0.39731144 1.90820431 0.35968551
v 0.39136514 1.92407321 0.39046126
v 0.41490194 1.93272304 0.38842362
v 0.37811094 1.88023912 0.33338144
v 0.37219396 1.89736652 0.36292445
v 0.36768934 1.91452693 0.39342564
v 0.36483812 1.93159914 0.42500278
v 0.38695168 1.94016873 0.42247268
v 0.34722834 1.88537466 0.36742693
v 0.34374654 1.90375685 0.39747259
v 0.34186506 1.92178607 0.42844018
v 0.36426538 1.94822013 0.45723152
v 0.31954062 1.89173376 0.40258607
v 0.32205659 1.87255072 0.37293207
v 0.35193693 1.86702156 0.33808922
v 0.3847855 1.86381566 0.30419427
v 0.38817152 1.96982407 0.48569414
v 0.38514781 1.95628047 0.45552995
v 0.40795791 1.97628378 0.48256894
v 0.40434441 1.96350336 0.45493841
v 0.40818074 1.9478985 0.42081579
v 0.438432 1.94129765 0.38704216
v 0.46162736 1.95055377 0.3872801
v 0.47350385 1.93962633 0.35666203
v 0.48385506 1.96071088 0.39027005
v 0.49829411 1.95130348 0.3597542
v 0.51184231 1.94257307 0.33038485
v 0.52199482 1.96353101 0.36585232
v 0.53749549 1.95579361 0.33622056
v 0.55219602 1.94848644 0.30694133
v 0.56189638 1.96850347 0.34364247
v 0.57833886 1.96181809 0.31380328
v 0.59402811 1.95569157 0.28410771
v 0.60376548 1.97461009 0.32155394
v 0.62100547 1.96903407 0.29128092
v 0.63720226 1.9643644 0.26110702
v 0.64734989 1.98201715 0.29914888
v 0.6648795 1.97791099 0.26827007
v 0.68125504 1.97529566 0.23715233
v 0.69186437 1.99140882 0.27580791
v 0.70942574 1.98947715 0.24367231
v 0.72590768 1.98869526 0.21125152
v 0.73695379 2.00349998 0.25061759
v 0.75471049 2.00299191 0.21711207
v 0.77189165 2.00252318 0.18344613
v 0.78313839 2.016855 0.22361338
v 0.80181145 2.01623249 0.18887911
v 0.81990718 2.0152812 0.15379083
v 0.78847163 2.00192809 0.14959916
v 0.83691638 2.01483917 0.11812399
v 0.80417925 2.00194048 0.11522775
v 0.85297638 2.01594638 0.08132997
v 0.81923478 2.00293922 0.07984016
v 0.8687039 2.01771664 0.0433667
v 0.83376991 2.00407409 0.04359878
v 0.88352692 2.01902294 0.00480212
v 0.84740382 2.00473451 0.00682089
v 0.89714014 2.01940441 -0.03409226
v 0.85975414 2.00469112 -0.03036633
v 0.90892481 2.01969289 -0.07327444
v 0.87019664 2.00485539 -0.06780006
v 0.91864991 2.019809 -0.11239853
v 0.87908816 2.00397586 -0.10511678
v 0.92616379 2.01854491 -0.15097343
v 0.9590047 2.03284621 -0.11741357
v 0.96727448 2.03260707 -0.15804289
v 0.97257888 2.03056383 -0.19752743
v 1.00878894 2.04405021 -0.16281205
v 1.01477849 2.04255247 -0.20451521
v 1.01731777 2.03822517 -0.24487893
v 1.05710196 2.05157852 -0.2097321
v 1.06014025 2.0474925 -0.25252491
v 1.05927121 2.03977584 -0.29333347
v 1.1025964 2.05496501 -0.25935933
v 1.10129702 2.04744052 -0.30270651
v 1.09616553 2.03729629 -0.34410619
v 1.1428411 2.05687499 -0.31237205
v 1.13731026 2.04719543 -0.356238
v 1.12851655 2.03611636 -0.39829942
v 1.17427349 2.06427431 -0.36922246
v 1.16513443 2.05317592 -0.41377985
v 1.15320301 2.04056215 -0.45624533
v 1.19366288 2.08081913 -0.42850631
v 1.18162846 2.06786727 -0.47353512
v 1.16761958 2.0533688 -0.51660096
v 1.20247161 2.10167408 -0.48784139
v 1.18852233 2.08649206 -0.53378582
v 1.17232418 2.0703628 -0.57777875
v 1.20090639 2.12356948 -0.54738074
v 1.18493342 2.10635924 -0.5943135
v 1.1662352 2.0878067 -0.63920116
v 1.18804919 2.14419555 -0.60677915
v 1.16939139 2.12467336 -0.65414392
v 1.14782738 2.1032834 -0.6993919
v 1.16371178 2.16183543 -0.66474932
v 1.14220058 2.13941955 -0.7120344
v 1.11658453 2.11497306 -0.75625145
v 1.12978208 2.17461371 -0.72009849
v 1.10473847 2.1494677 -0.76621168
v 1.07537722 2.12203741 -0.80818313
v 1.08770632 2.18246078 -0.77114069
v 1.05892634 2.15480375 -0.81475329
v 1.02618873 2.12508678 -0.85363924
v 1.03862142 2.1856513 -0.81625855
v 1.00643336 2.15567517 -0.8561697
v 0.9707278 2.12398028 -0.89099621
v 0.98404896 2.18404102 -0.8540349
v 0.94928586 2.15245676 -0.89036452
v 0.91151785 2.11916494 -0.92155075
v 0.92602783 2.17831444 -0.88514101
v 0.8891595 2.1451745 -0.9176557
v 0.85004997 2.11077737 -0.94583654
v 0.86605507 2.16882062 -0.90974283
v 0.82781511 2.13465905 -0.93896162
v 0.78780889 2.09963488 -0.96498048
v 0.80564272 2.15654754 -0.92878663
v 0.76651841 2.12190222 -0.95559382
v 0.72569364 2.0870006 -0.98009145
v 0.74585187 2.14233589 -0.94316142
v 0.70592254 2.10802793 -0.96814644
v 0.66403299 2.07382607 -0.99101042
v 0.68713766 2.12757253 -0.95396262
v 0.64603889 2.09420609 -0.97728341
v 0.60283267 2.06109333 -0.99807727
v 0.62932437 2.11298298 -0.96180403
v 0.5867207 2.08085393 -0.98300409
v 0.54232168 2.04952716 -1.00089979
v 0.57182943 2.09924459 -0.96677446
v 0.52797627 2.06922578 -0.98489493
v 0.48365649 2.04136514 -0.99853247
v 0.51529789 2.08778858 -0.96788108
v 0.47207009 2.06295681 -0.98065465
v 0.43019992 2.04291367 -0.98753094
v 0.46267196 2.0845828 -0.96086818
v 0.42266911 2.06904292 -0.96582478
v 0.38619461 2.05943179 -0.96569776
v 0.41814327 2.09518504 -0.94165766
v 0.38374924 2.08867454 -0.94020217
v 0.35011422 2.08405876 -0.93719971
v 0.38212728 2.11523103 -0.91306483
v 0.34905007 2.11166548 -0.90964603
v 0.31609624 2.10857868 -0.9058122
v 0.34864395 2.13652563 -0.88081872
v 0.31610709 2.13434028 -0.87666326
v 0.28359794 2.13296413 -0.87282115
v 0.2842791 2.15780758 -0.84259617
v 0.31653708 2.15817928 -0.84651994
v 0.3171654 2.18089103 -0.8156743
v 0.34877851 2.1592369 -0.85088169
v 0.34923571 2.18091392 -0.82023561
v 0.34989124 2.20281791 -0.78949594
v 0.38093435 2.16106367 -0.85565638
v 0.3812043 2.18184137 -0.82558691
v 0.3818227 2.20285034 -0.79515194
v 0.38272541 2.22459244 -0.76475131
v 0.41299897 2.18339109 -0.8316273
v 0.41364291 2.20377874 -0.80185699
v 0.41472441 2.22456646 -0.77160948
v 0.41612765 2.24539184 -0.74082344
v 0.44537881 2.20490026 -0.80928409
v 0.44676953 2.22506046 -0.77948814
v 0.44860523 2.24489927 -0.74875325
v 0.45067527 2.26407456 -0.71716439
v 0.4788528 2.22567582 -0.78827333
v 0.481195 2.24512243 -0.75787699
v 0.4839904 2.26307678 -0.72631979
v 0.48675632 2.28057789 -0.69404083
v 0.5140329 2.24499034 -0.76796042
v 0.51769185 2.26226735 -0.73669695
v 0.52133202 2.27915906 -0.70481944
v 0.52467083 2.295861 -0.67244273
v 0.5516386 2.26159548 -0.74908494
v 0.55641412 2.27796125 -0.71732002
v 0.56081652 2.29402899 -0.68489694
v 0.56446808 2.31029772 -0.65263223
v 0.59170746 2.27651906 -0.73162639
v 0.59741586 2.2925682 -0.6993553
v 0.60216248 2.30845332 -0.66692179
v 0.60585904 2.32457518 -0.63434183
v 0.63405388 2.29067778 -0.71569305
v 0.6400935 2.30683779 -0.68287724
v 0.64479041 2.32290029 -0.64986228
v 0.64811241 2.33925223 -0.61666983
v 0.67770052 2.30475854 -0.7002353
v 0.68376237 2.32134151 -0.66650211
v 0.68796503 2.33784818 -0.63257443
v 0.69070857 2.3545227 -0.59849786
v 0.72231257 2.31930327 -0.6838907
v 0.72769671 2.33644294 -0.64899098
v 0.73128438 2.35349416 -0.61395096
v 0.73349529 2.37043833 -0.57886737
v 0.76695728 2.33443355 -0.66551739
v 0.77171802 2.35223102 -0.62932568
v 0.77467507 2.36967372 -0.5931822
v 0.77648508 2.38667058 -0.5570867
v 0.81157994 2.34987282 -0.64422786
v 0.81563401 2.36825704 -0.60689085
v 0.81819361 2.38577818 -0.56963169
v 0.81983035 2.40252637 -0.53244674
v 0.85628247 2.36488652 -0.61954975
v 0.85980552 2.3833456 -0.58113789
v 0.86210966 2.40058946 -0.54268068
v 0.86363571 2.41658449 -0.50404942
v 0.90118414 2.3783493 -0.59106737
v 0.90433985 2.39623737 -0.55130916
v 0.90642297 2.41266489 -0.51136779
v 0.90779936 2.42730283 -0.47103899
v 0.9461655 2.38892674 -0.55826437
v 0.9489516 2.40574979 -0.5169565
v 0.95081329 2.42098093 -0.47546827
v 0.95155984 2.43234825 -0.43299332
v 0.99080759 2.39563846 -0.5209732
v 0.99323678 2.41106176 -0.4780476
v 0.99438977 2.42314577 -0.43433779
v 0.99355995 2.43012166 -0.38964206
v 1.03474569 2.39791226 -0.47926303
v 1.03625524 2.41039013 -0.43418392
v 1.035115 2.4173522 -0.38799941
v 1.03067958 2.41840362 -0.3414632
v 1.07673013 2.3939979 -0.43268385
v 1.07555222 2.40150189 -0.38497614
v 1.07034802 2.40273094 -0.33712434
v 1.06272649 2.40173721 -0.28955042
v 1.11377167 2.38124179 -0.38100844
v 1.10815167 2.38324666 -0.33174067
v 1.09968102 2.38278341 -0.28286576
v 1.08898627 2.38111662 -0.23452609
v 1.1433984 2.35984516 -0.325486
v 1.13396823 2.35983657 -0.27534335
v 1.12212944 2.35852909 -0.22581645
v 1.10835123 2.35658931 -0.17713294
v 1.16434276 2.33243608 -0.26724773
v 1.1516205 2.33187866 -0.21656413
v 1.13686215 2.3306365 -0.16682699
v 1.12043309 2.32899141 -0.11810673
v 1.17622423 2.30113911 -0.20714679
v 1.16075062 2.30079937 -0.15647576
v 1.1435182 2.29993009 -0.10697087
v 1.12475299 2.29862117 -0.05855979
v 1.17863392 2.26710772 -0.14654567
v 1.16089582 2.26723527 -0.09638303
v 1.14153218 2.26691436 -0.04748199
v 1.120615 2.26597881 0.00024858
v 1.17060887 2.23142957 -0.08681965
v 1.15092098 2.23203587 -0.03763067
v 1.12965405 2.23208189 0.01016609
v 1.10682654 2.23121237 0.05680791
v 1.15204 2.19570112 -0.02925831
v 1.13085508 2.19661068 0.01846659
v 1.10833215 2.19664049 0.064834
v 1.08427155 2.19565796 0.10996533
v 1.1239463 2.16124677 0.02503656
v 1.10160994 2.16198039 0.07065448
v 1.07813286 2.16182255 0.11507517
v 1.0532937 2.16087484 0.15852288
v 1.08644056 2.12918353 0.073893
v 1.06331777 2.12981367 0.11718235
v 1.03943538 2.12971878 0.15965461
v 1.014449 2.12922835 0.20167726
v 1.04044473 2.10238409 0.11549146
v 1.01731395 2.10315012 0.15702313
v 0.99345403 2.10363173 0.19808034
v 0.96823513 2.10430192 0.23853057
v 0.99033212 2.08201694 0.15132392
v 0.96746909 2.08308982 0.19155202
v 0.94349372 2.0844767 0.23098097
v 0.91829621 2.08578395 0.26980549
v 0.93938338 2.06654191 0.18322911
v 0.91646516 2.06827998 0.22186942
v 0.89266938 2.06970787 0.25981539
v 0.86795496 2.07079029 0.29721522
v 0.88856661 2.05439734 0.21225947
v 0.86598908 2.05570077 0.24953895
v 0.8427518 2.05661058 0.2863346
v 0.81866616 2.0574665 0.32266444
v 0.83874768 2.04275345 0.23977699
v 0.81692588 2.04342484 0.27592647
v 0.79429727 2.04412698 0.31166261
v 0.77051442 2.0457859 0.34672987
v 0.79058921 2.03054046 0.26647561
v 0.76937001 2.03125381 0.30145335
v 0.74692755 2.03313422 0.33579886
v 0.72310781 2.03665995 0.36932689
v 0.74399119 2.01821756 0.29220503
v 0.72276902 2.0205183 0.32567644
v 0.70018863 2.02430391 0.35854077
v 0.67642825 2.02885532 0.39074182
v 0.69822055 2.00772523 0.31633907
v 0.67686599 2.01185774 0.34847685
v 0.65435278 2.01677346 0.38017022
v 0.63064003 2.02193737 0.41162082
v 0.65306234 1.99946081 0.33897006
v 0.63183152 2.00475478 0.37020492
v 0.60936856 2.01027798 0.40132334
v 0.58582413 2.01564598 0.43223393
v 0.60889172 1.99280524 0.3607974
v 0.58787959 1.99874723 0.39158564
v 0.56565725 2.00459098 0.42234453
v 0.54175156 2.00976157 0.45302721
v 0.56614816 1.98719573 0.3823919
v 0.54551285 1.99367439 0.41310334
v 0.52286982 1.99955666 0.44390624
v 0.49797368 2.00387382 0.47440034
v 0.52536213 1.98269176 0.4043878
v 0.50435221 1.98955345 0.43551632
v 0.4802798 1.99500083 0.46686628
v 0.45464754 1.9962306 0.49482369
v 0.48605138 1.97998452 0.42823824
v 0.46355277 1.98710382 0.46100613
v 0.43911212 1.98845636 0.4865995
v 0.4179244 1.98511958 0.50022816
v 0.50501531 1.97163343 0.39639896
v 0.54435074 1.97553575 0.37377372
v 0.58548378 1.98072409 0.35191696
v 0.62869155 1.98712062 0.32997453
v 0.6730836 1.99484229 0.3075371
v 0.7182182 2.00489878 0.28371691
v 0.76393902 2.01722669 0.25812953
v 0.81112432 2.03006553 0.23111309
v 0.86018031 2.04165887 0.20313732
v 0.83117967 2.02920007 0.19537279
v 0.88104993 2.04007291 0.16589818
v 0.85082286 2.02792596 0.15906013
v 0.90091824 2.03896641 0.12779663
v 0.86930346 2.02709436 0.12206539
v 0.91953361 2.03994822 0.08856126
v 0.88658237 2.02829623 0.08391097
v 0.93766105 2.04166889 0.04830517
v 0.90345871 2.0302236 0.04465097
v 0.95539426 2.04299259 0.00710549
v 0.91968679 2.03157472 0.00474992
v 0.97165608 2.04339838 -0.03479147
v 0.93462455 2.03202152 -0.035588
v 0.98651492 2.04349613 -0.07727167
v 0.94788503 2.03233337 -0.07640282
v 0.99922812 2.04403829 -0.12017297
v 1.02467441 2.05436968 -0.0758255
v 1.03908538 2.0539956 -0.12058875
v 1.05005061 2.05328083 -0.16551095
v 1.07764971 2.06438493 -0.11918778
v 1.09054684 2.06245446 -0.16672469
v 1.09894216 2.05934667 -0.21385449
v 1.12821376 2.07379055 -0.16696557
v 1.13860607 2.07012915 -0.21713468
v 1.14365136 2.06464004 -0.26589369
v 1.17316842 2.08673143 -0.22009369
v 1.17949616 2.08153533 -0.27227306
v 1.17970323 2.0739479 -0.32226482
v 1.20615482 2.1082592 -0.27830663
v 1.20742821 2.10114812 -0.33102604
v 1.20267689 2.09192061 -0.38112387
v 1.22513854 2.13613152 -0.33792561
v 1.22195458 2.1268692 -0.39008355
v 1.21401274 2.11525082 -0.44002366
v 1.23150205 2.16606378 -0.39740604
v 1.22463297 2.15398788 -0.44902241
v 1.21423447 2.13968205 -0.49898803
v 1.22543525 2.19426107 -0.45674625
v 1.2159295 2.17931222 -0.50799572
v 1.20319795 2.16245555 -0.55787885
v 1.20815694 2.21842837 -0.51503753
v 1.19624781 2.20112609 -0.56576174
v 1.18169069 2.18222999 -0.61576283
v 1.181252 2.23773527 -0.57101118
v 1.16761422 2.21848321 -0.62152373
v 1.15073776 2.19764089 -0.6715281
v 1.1470046 2.25176954 -0.6241334
v 1.13151502 2.23080492 -0.67443835
v 1.11170339 2.20775103 -0.72376364
v 1.10679423 2.26052999 -0.67382746
v 1.08878135 2.23797869 -0.72340768
v 1.06608045 2.21297502 -0.77131927
v 1.06178391 2.26442074 -0.71954137
v 1.0408678 2.24026966 -0.76747989
v 1.01488137 2.21344399 -0.81280934
v 1.01255595 2.26361107 -0.76027214
v 0.98857343 2.23792862 -0.80575275
v 0.95963597 2.20962333 -0.84795057
v 0.9601739 2.25872755 -0.79571121
v 0.93322944 2.23163747 -0.83803975
v 0.90157473 2.20148396 -0.87630802
v 0.90550732 2.25023269 -0.82536435
v 0.8760668 2.2214899 -0.86409199
v 0.84246218 2.19003629 -0.89858579
v 0.84974509 2.2383244 -0.8491652
v 0.81841671 2.20847773 -0.88433873
v 0.78354436 2.1762197 -0.91561102
v 0.79402172 2.22415423 -0.86772435
v 0.76146715 2.19346547 -0.89974337
v 0.72567111 2.16095852 -0.92828452
v 0.73934185 2.20857 -0.88201177
v 0.70586866 2.17762851 -0.91140729
v 0.66916608 2.14544296 -0.93787407
v 0.6863048 2.19231247 -0.89296037
v 0.65183848 2.16161131 -0.92036289
v 0.61353611 2.13029885 -0.94498157
v 0.63508766 2.17604303 -0.90177589
v 0.59878546 2.14591813 -0.9273414
v 0.55827796 2.11599278 -0.94971871
v 0.5849477 2.16007709 -0.9092077
v 0.54600805 2.13146758 -0.9321413
v 0.50426292 2.10566449 -0.94972145
v 0.53522765 2.14581537 -0.91413998
v 0.49475044 2.12316846 -0.93010675
v 0.45504656 2.10621929 -0.93898856
v 0.48699381 2.13959026 -0.91000795
v 0.44949391 2.1273117 -0.91531109
v 0.41524219 2.12000036 -0.91553294
v 0.44632059 2.14727973 -0.890639
v 0.41355538 2.14259958 -0.88851356
v 0.38120093 2.13920974 -0.88484317
v 0.41292119 2.16330146 -0.86053353
v 0.444808 2.16595768 -0.86532759
v 0.44456601 2.18500852 -0.83818346
v 0.48130124 2.15523386 -0.88941103
v 0.51818627 2.1703453 -0.87989598
v 0.52589887 2.15894651 -0.89630794
v 0.55970543 2.18414211 -0.87336915
v 0.5469414 2.19338131 -0.85722482
v 0.57213574 2.17278647 -0.89108699
v 0.60202294 2.20070123 -0.86323559
v 0.58438229 2.21055078 -0.84440279
v 0.61860966 2.18907094 -0.88257598
v 0.64683109 2.21675157 -0.85329955
v 0.62569439 2.2267363 -0.8327763
v 0.66679692 2.20525574 -0.87350422
v 0.69412368 2.2325201 -0.84253305
v 0.67033666 2.24190855 -0.8216716
v 0.71696776 2.2215476 -0.86278164
v 0.74366432 2.24802875 -0.82966572
v 0.71706616 2.25679397 -0.80899512
v 0.76914811 2.23729467 -0.84937214
v 0.79467344 2.26279425 -0.81349378
v 0.76573228 2.27132558 -0.79396015
v 0.82261443 2.25196576 -0.83208668
v 0.84649819 2.27645063 -0.79333061
v 0.81542426 2.28545785 -0.77548819
v 0.8765484 2.26489687 -0.81016004
v 0.89824235 2.28862166 -0.76862442
v 0.86533796 2.2988348 -0.75299012
v 0.9299016 2.2754426 -0.7830317
v 0.94914144 2.29853439 -0.73905283
v 0.914945 2.31064486 -0.72615402
v 0.98179608 2.28295946 -0.75059235
v 0.99854767 2.30538201 -0.7045871
v 0.963651 2.32018375 -0.69467288
v 1.03142786 2.28686857 -0.71301406
v 1.04592859 2.30846476 -0.66543149
v 1.01116788 2.32645702 -0.65867996
v 1.0780406 2.28651547 -0.67063313
v 1.09062576 2.30719423 -0.62195694
v 1.0568242 2.32878112 -0.61821621
v 1.12102842 2.28153824 -0.62412303
v 1.13210237 2.3009746 -0.57461065
v 1.10027539 2.32655978 -0.57378447
v 1.15946769 2.271214 -0.57381439
v 1.16928267 2.28919363 -0.52356618
v 1.1405406 2.3189044 -0.52537584
v 1.19229245 2.25550079 -0.52020531
v 1.2007569 2.27147984 -0.4690338
v 1.17645669 2.30521845 -0.47314971
v 1.21725344 2.23392486 -0.46349191
v 1.22303342 2.24680495 -0.41101366
v 1.20554792 2.28455305 -0.41712009
v 1.23189091 2.20672392 -0.40434348
v 1.23317515 2.21620178 -0.35076949
v 1.22412633 2.25641083 -0.35760128
v 1.23339521 2.17539572 -0.34415593
v 1.22968697 2.1819477 -0.28969287
v 1.2285099 2.22244501 -0.29646706
v 1.22237956 2.14300417 -0.283894
v 1.21332335 2.14783978 -0.2291387
v 1.21993601 2.18639898 -0.23527811
v 1.19849538 2.11335015 -0.22401902
v 1.18546176 2.11747312 -0.16989107
v 1.19991219 2.15178751 -0.1750458
v 1.16134858 2.09055185 -0.16726034
v 1.14574241 2.09351158 -0.11528959
v 1.16911387 2.12093949 -0.11716243
v 1.11377179 2.07628965 -0.11687804
v 1.09644556 2.07784414 -0.0680635
v 1.12742805 2.09593296 -0.06511569
v 1.06149816 2.06543064 -0.0723797
v 1.04348373 2.06582021 -0.02666529
v 1.07730877 2.07891702 -0.02086936
v 1.00812363 2.05449342 -0.03171751
v 0.99017393 2.05397152 0.01162287
v 1.02410996 2.06543302 0.01780558
v 1.00364828 2.06489181 0.06109297
v 1.03459215 2.08038258 0.06803987
v 1.05653941 2.07957553 0.02449245
v 0.97116553 2.05284094 0.05409165
v 0.95153272 2.05177211 0.09533777
v 0.98264509 2.06486725 0.10301686
v 0.96135807 2.06529307 0.14369338
v 1.01255273 2.08111858 0.11023899
v 0.93147301 2.05133032 0.13542649
v 0.91043329 2.05262851 0.17429257
v 1.06323862 2.10124969 0.0731088
v 1.10885357 2.12782049 0.0291982
v 1.08586216 2.09969234 0.0292266
v 1.130324 2.12602663 -0.01746371
v 1.1074531 2.09804439 -0.01684245
v 1.15051376 2.12367343 -0.06629467
v 1.14524364 2.15968895 -0.02218762
v 1.16519439 2.15756797 -0.07130641
v 1.18361091 2.15503144 -0.12234598
v 1.17190384 2.19422864 -0.07848758
v 1.19022178 2.1922698 -0.12932598
v 1.20647549 2.18969583 -0.18166072
v 1.18868768 2.23034119 -0.13740482
v 1.20476269 2.22863411 -0.18936294
v 1.21824264 2.22618126 -0.24250167
v 1.19452524 2.26640844 -0.19794824
v 1.20803833 2.26490473 -0.25044584
v 1.21863532 2.26210618 -0.30379974
v 1.18951177 2.3006258 -0.25883665
v 1.200212 2.29893446 -0.31128829
v 1.20589828 2.29398393 -0.36436051
v 1.17451286 2.33164477 -0.31864637
v 1.18038725 2.32766032 -0.37061673
v 1.18079757 2.31866884 -0.42230081
v 1.14929223 2.35687828 -0.37611812
v 1.14998865 2.34826278 -0.42663514
v 1.146559 2.33492326 -0.47619736
v 1.114959 2.37346696 -0.43017455
v 1.11227083 2.3602333 -0.47821176
v 1.10731983 2.34429192 -0.52592361
v 1.07466495 2.38107061 -0.47925102
v 1.07070183 2.36533856 -0.52537369
v 1.06487619 2.34777784 -0.57156819
v 1.03159058 2.38226032 -0.52371519
v 1.02694022 2.36503052 -0.56824338
v 1.02037072 2.34635257 -0.61318451
v 0.98719131 2.37866044 -0.56385266
v 0.9818899 2.36010408 -0.60693275
v 0.97435849 2.34071874 -0.65059876
v 0.9420219 2.37080001 -0.59964954
v 0.93596512 2.35152697 -0.64131879
v 0.92722487 2.33171773 -0.6836642
v 0.89651554 2.35959529 -0.6310907
v 0.88957238 2.34000372 -0.67146003
v 0.87943077 2.31987643 -0.71220129
v 0.85091322 2.34598541 -0.65831333
v 0.84288728 2.3265469 -0.6973384
v 0.83137559 2.3064816 -0.73651123
v 0.80534851 2.33127236 -0.68178033
v 0.79619854 2.31217312 -0.71941518
v 0.78316235 2.29238128 -0.75693172
v 0.75986564 2.31629467 -0.70171797
v 0.74956834 2.29767847 -0.73790067
v 0.73544657 2.27814245 -0.77379298
v 0.71441769 2.30177807 -0.71873116
v 0.7035911 2.28361654 -0.75345778
v 0.68919146 2.26404786 -0.78809648
v 0.66969102 2.28778839 -0.73383033
v 0.65911287 2.26989221 -0.76735502
v 0.64473605 2.24989128 -0.80059009
v 0.62634444 2.27401399 -0.74826115
v 0.61633622 2.25590562 -0.78084582
v 0.60253566 2.23478841 -0.81315922
v 0.58492982 2.25965571 -0.76367276
v 0.57605248 2.24060249 -0.79530274
v 0.56427204 2.21825695 -0.82690781
v 0.5462464 2.24389052 -0.78014159
v 0.54000163 2.22338891 -0.81130278
v 0.51093614 2.22563934 -0.79851639
v 0.79204869 1.91631972 -0.16573236
v 0.76230025 1.88907623 -0.14803814
v 0.7955085 1.90678787 -0.19601053
v 0.76562058 1.88045454 -0.17770315
v 0.73732239 1.8537054 -0.15885597
v 0.76592719 1.87190914 -0.20758254
v 0.73826396 1.84528231 -0.18810044
v 0.71212065 1.81848251 -0.16803106
v 0.73577356 1.8371365 -0.21724346
v 0.71035301 1.81026494 -0.19653998
v 0.68640422 1.78333091 -0.17501311
v 0.70628011 1.80134463 -0.22430613
v 0.68229746 1.77456104 -0.20178183
v 0.69935137 1.7929126 -0.25144767
v 0.67496573 1.76648688 -0.22776344
v 0.69099623 1.78428793 -0.27825999
v 0.66623854 1.75828886 -0.25343647
v 0.64325535 1.73182249 -0.22724032
v 0.65684628 1.74952876 -0.27880069
v 0.63454258 1.72256231 -0.25124302
v 0.61401546 1.69559335 -0.22206617
v 0.62609785 1.71221494 -0.27486324
v 0.60584163 1.68526029 -0.24491947
v 0.61728709 1.70106172 -0.29872152
v 0.59731632 1.67438173 -0.26802831
v 0.60588282 1.69096183 -0.32252246
v 0.58636665 1.66457653 -0.29109966
v 0.59327131 1.68066859 -0.34638083
v 0.57453036 1.65444839 -0.31426072
v 0.58046126 1.66933524 -0.37035396
v 0.56242054 1.64340913 -0.33761876
v 0.56800842 1.65643572 -0.39438784
v 0.55061954 1.63102197 -0.36094689
v 0.5337364 1.60611057 -0.32680288
v 0.53841096 1.61773371 -0.3843418
v 0.52204078 1.59337663 -0.34965869
v 0.50612747 1.5696547 -0.31467124
v 0.50910484 1.58051729 -0.37268751
v 0.49363139 1.55729174 -0.33735829
v 0.47847965 1.53480052 -0.3021543
v 0.47966629 1.5450927 -0.36034342
v 0.46510118 1.52286469 -0.32496994
v 0.45060193 1.50132894 -0.29004553
v 0.45073747 1.51055192 -0.34811899
v 0.43698123 1.48911631 -0.31313136
v 0.42321446 1.46817863 -0.27875828
v 0.42253822 1.47633743 -0.33636021
v 0.40943074 1.45547735 -0.30209004
v 0.39641138 1.4349482 -0.26828217
v 0.39474633 1.44215273 -0.32517308
v 0.38228201 1.42175042 -0.29158723
v 0.37004953 1.40161061 -0.25824415
v 0.38367411 1.41498613 -0.23493009
v 0.35810691 1.38184213 -0.22509856
v 0.37126028 1.39566016 -0.20198871
v 0.34655123 1.36240887 -0.19208714
v 0.3591746 1.37694978 -0.16943578
v 0.3353841 1.34314799 -0.15912042
v 0.34724417 1.35853183 -0.13713762
v 0.32442677 1.32385432 -0.1259931
v 0.33532199 1.3400681 -0.10483117
v 0.31338426 1.30441093 -0.09251061
v 0.32333836 1.32127857 -0.07226146
v 0.30184304 1.2845956 -0.05849382
v 0.31084328 1.30198466 -0.0392722
v 0.28918245 1.26409006 -0.02388349
v 0.29673644 1.28199243 -0.00562946
v 0.27415782 1.24247956 0.01108015
v 0.27968102 1.26077294 0.02836852
v 0.28042107 1.2473768 -0.04217016
v 0.26696294 1.22526288 -0.00590739
v 0.26970118 1.2321161 -0.05961109
v 0.25753247 1.20968723 -0.02189762
v 0.25927054 1.21641993 -0.07570718
v 0.24779531 1.19418644 -0.03641033
v 0.24883699 1.20042443 -0.09038236
v 0.23829637 1.17840695 -0.04920905
v 0.23747608 1.18474912 -0.10360208
v 0.25772476 1.22129261 -0.12985707
v 0.24563941 1.20539665 -0.14419721
v 0.23060442 1.19126629 -0.15678626
v 0.25271669 1.22601723 -0.18272632
v 0.23634961 1.21192371 -0.19552852
v 0.21605375 1.20063757 -0.20563665
v 0.21142093 1.18038618 -0.16711954
v 0.24138067 1.23248827 -0.23277929
v 0.22034148 1.22040808 -0.24273788
v 0.24645377 1.25293874 -0.26883482
v 0.22458726 1.23971879 -0.27888491
v 0.25165426 1.27304232 -0.30372041
v 0.22899293 1.25857615 -0.31400919
v 0.25700372 1.29253077 -0.33784198
v 0.23357696 1.27702295 -0.34838533
v 0.26282721 1.3113954 -0.37145495
v 0.23837994 1.2950418 -0.38221901
v 0.26921379 1.32966136 -0.40488582
v 0.24362298 1.31252098 -0.4158329
v 0.2758125 1.34742665 -0.43821963
v 0.24912466 1.32942569 -0.44931522
v 0.28241655 1.36470508 -0.47140392
v 0.25471156 1.34584975 -0.48266819
v 0.28922635 1.38154983 -0.5046693
v 0.26054719 1.36185634 -0.51602661
v 0.29655218 1.39800941 -0.53814387
v 0.26679098 1.3773899 -0.54949557
v 0.30434832 1.41423368 -0.57174682
v 0.27350235 1.39257061 -0.58316409
v 0.31256666 1.43021261 -0.60555136
v 0.28063663 1.40726923 -0.61698246
v 0.32098916 1.44569087 -0.63964813
v 0.28805142 1.4213016 -0.65089821
v 0.3292787 1.46022987 -0.67399668
v 0.29554542 1.43442022 -0.68488597
v 0.33717402 1.4736346 -0.7090466
v 0.30306708 1.44651639 -0.71949982
v 0.34535983 1.48618018 -0.74511551
v 0.31099492 1.45742774 -0.75493395
v 0.35456234 1.49791312 -0.78145587
v 0.3197155 1.46714925 -0.79091799
v 0.36505407 1.50849247 -0.81747078
v 0.32926714 1.47557258 -0.82676637
v 0.37658006 1.51777195 -0.85280168
v 0.33978098 1.48241615 -0.86206233
v 0.388758 1.52546179 -0.88739115
v 0.3509916 1.48767924 -0.89665842
v 0.40141597 1.53123235 -0.92140644
v 0.36275109 1.4911673 -0.93062263
v 0.41433864 1.53498542 -0.95471918
v 0.37483996 1.49286913 -0.96388149
v 0.42712047 1.53669226 -0.98731374
v 0.38676309 1.49297273 -0.99644655
v 0.43907788 1.53674078 -1.01891577
v 0.39785835 1.49188137 -1.02817416
v 0.44950234 1.53575038 -1.04894173
v 0.40746343 1.49009764 -1.05851006
v 0.45786848 1.53437054 -1.07685601
v 0.41463232 1.48860263 -1.08606815
v 0.46334463 1.53394532 -1.10168123
v 0.4185068 1.48905491 -1.11090922
v 0.46530056 1.53648841 -1.12482178
v 0.4184322 1.49332642 -1.13423192
v 0.46191057 1.54467165 -1.14494776
v 0.4120658 1.50425458 -1.15294015
v 0.45261794 1.55899977 -1.15801835
v 0.40057158 1.5206623 -1.16364407
v 0.44038453 1.5763278 -1.16364646
v 0.38721784 1.53938889 -1.16750049
v 0.42746716 1.59467804 -1.16424596
v 0.3737767 1.55947923 -1.16692006
v 0.41394895 1.61509203 -1.16172838
v 0.35960578 1.58319282 -1.1631608
v 0.3990218 1.63990783 -1.15610122
v 0.34539324 1.61094164 -1.15652823
v 0.38420987 1.66767406 -1.14778125
v 0.33233752 1.64112234 -1.14756405
v 0.37034055 1.69696998 -1.13744509
v 0.32058191 1.67303323 -1.13671433
v 0.35747966 1.7274369 -1.12545681
v 0.30995047 1.70621359 -1.12427926
v 0.34543302 1.75904917 -1.11201465
v 0.30014118 1.74068391 -1.11051797
v 0.33399501 1.7916994 -1.09741115
v 0.29088348 1.7761662 -1.0955007
v 0.32281813 1.82543492 -1.08161354
v 0.28188097 1.81261003 -1.07926535
v 0.31191313 1.86044383 -1.06443214
v 0.27336478 1.85032486 -1.06164896
v 0.30239039 1.89712858 -1.04568791
v 0.26602771 1.88910138 -1.04259944
v 0.29528427 1.93483352 -1.02558326
v 0.26029014 1.92839336 -1.02221465
v 0.25613042 1.96730089 -1.00058364
v 0.3408145 1.90716457 -1.04825747
v 0.35276851 1.87380552 -1.06616973
v 0.3955565 1.89208841 -1.06576645
v 0.36586234 1.84193503 -1.08266902
v 0.41066813 1.86315929 -1.08157074
v 0.45656663 1.88900685 -1.07739138
v 0.4264301 1.83486878 -1.09632277
v 0.47440859 1.86270463 -1.09143912
v 0.52220261 1.89383101 -1.08263719
v 0.49304938 1.83683097 -1.1044029
v 0.54268086 1.8691219 -1.09467697
v 0.59108912 1.90293562 -1.08051264
v 0.56403106 1.84438443 -1.10543561
v 0.61407131 1.87852466 -1.08987462
v 0.66196698 1.9127742 -1.06975698
v 0.63762438 1.85342884 -1.09733712
v 0.68672829 1.88741648 -1.07505559
v 0.73245143 1.92123138 -1.04980874
v 0.71050059 1.86179721 -1.07820665
v 0.75670039 1.89494645 -1.05008888
v 0.79901182 1.92828631 -1.02171611
v 0.77632612 1.87114 -1.04820418
v 0.81939995 1.90289855 -1.01728344
v 0.85896909 1.93507349 -0.98806077
v 0.83463621 1.8804562 -1.0117042
v 0.87514907 1.91010785 -0.97941207
v 0.91295671 1.94046819 -0.94992911
v 0.88611722 1.88754737 -0.97019815
v 0.92480588 1.91537618 -0.93737626
v 0.96092897 1.94394362 -0.90681701
v 0.9300946 1.89282393 -0.92416948
v 0.96669888 1.91895759 -0.88993817
v 1.00114774 1.94559967 -0.85767579
v 0.96435266 1.89813983 -0.87389862
v 0.99845123 1.92222523 -0.83825159
v 1.03024268 1.94651436 -0.80384677
v 0.98748189 1.90382301 -0.82064563
v 1.01828432 1.92527675 -0.78373742
v 1.04664027 1.9464643 -0.74758005
v 0.99802011 1.91097593 -0.76574915
v 1.02520561 1.92890226 -0.72803068
v 1.0492506 1.9465816 -0.69034391
v 0.99533957 1.92124009 -0.71052098
v 1.01779294 1.93632078 -0.67221391
v 1.03808844 1.95109129 -0.63381958
v 0.98191648 1.93188691 -0.65444636
v 1.00124216 1.94540095 -0.61638641
v 1.01921618 1.9586085 -0.57821273
v 0.96452426 1.93884408 -0.59773194
v 0.98206025 1.95139181 -0.56035298
v 0.99838274 1.96353721 -0.52258569
v 0.945854 1.9414823 -0.54110121
v 0.96146881 1.95366895 -0.50444376
v 0.97579085 1.96541333 -0.46756458
v 0.92519754 1.94155991 -0.48538586
v 0.93851763 1.95379161 -0.44986057
v 0.95046323 1.9656341 -0.41420111
v 0.90226525 1.93970024 -0.43112859
v 0.91342133 1.95156288 -0.39669796
v 0.92292833 1.96311044 -0.36226019
v 0.87787008 1.93462157 -0.37807554
v 0.88654452 1.94579505 -0.34475678
v 0.89318633 1.95623171 -0.31151238
v 0.85164755 1.92594373 -0.32641398
v 0.85776972 1.93557977 -0.29414343
v 0.86146539 1.9452548 -0.26200285
v 0.82415568 1.91311371 -0.27594584
v 0.8275398 1.92221367 -0.24468931
v 0.82730245 1.93223512 -0.21360059
v 0.79591316 1.89740145 -0.22641298
v 0.79276108 1.88877463 -0.25693318
v 0.76320141 1.86346507 -0.23737332
v 0.7876867 1.87969124 -0.28741329
v 0.75850194 1.85447931 -0.26695334
v 0.73125618 1.828377 -0.24594542
v 0.75223887 1.84486222 -0.2962259
v 0.72477924 1.81941127 -0.27419161
v 0.74433547 1.83489036 -0.32528701
v 0.716982 1.80994641 -0.30214572
v 0.73458069 1.82496023 -0.35426816
v 0.70756 1.8004353 -0.33000069
v 0.68160402 1.77526748 -0.30498409
v 0.69671088 1.79060959 -0.35752823
v 0.67132699 1.76555764 -0.33111697
v 0.64757239 1.73943054 -0.30362147
v 0.66021972 1.7549957 -0.35690516
v 0.6381067 1.7282114 -0.32830923
v 0.64752209 1.7442286 -0.38247746
v 0.62621343 1.7176913 -0.35290217
v 0.6336556 1.7330079 -0.40794211
v 0.61286222 1.70706486 -0.37753626
v 0.61950737 1.72067713 -0.43345975
v 0.59917885 1.69543743 -0.40223255
v 0.60494875 1.70724177 -0.45903846
v 0.58586132 1.68208968 -0.42704868
v 0.59029722 1.69241333 -0.48436951
v 0.57233667 1.6674931 -0.45171549
v 0.55515301 1.64252424 -0.4184066
v 0.55768573 1.65240287 -0.47630557
v 0.54109984 1.62825214 -0.44235444
v 0.52489364 1.60426664 -0.40775632
v 0.52503323 1.61404156 -0.46602487
v 0.50957286 1.59084272 -0.43112587
v 0.49446767 1.56779837 -0.39584416
v 0.49252954 1.57710444 -0.45435768
v 0.47841179 1.55465495 -0.41900003
v 0.46451625 1.53243565 -0.38351303
v 0.46157878 1.54023623 -0.44187527
v 0.44858032 1.5187416 -0.40644937
v 0.43556547 1.49739933 -0.37120062
v 0.431851 1.50343251 -0.42868754
v 0.4196603 1.48309969 -0.39367032
v 0.40730011 1.46268463 -0.35912829
v 0.402419 1.46749305 -0.4153226
v 0.39065122 1.44783628 -0.38112229
v 0.37882775 1.42795348 -0.3475143
v 0.37248241 1.43219411 -0.40216544
v 0.36149266 1.4129548 -0.36873713
v 0.35077101 1.39335072 -0.33548694
v 0.36711117 1.40794897 -0.31414815
v 0.34028804 1.37341606 -0.30235028
v 0.35561987 1.38783347 -0.28089073
v 0.32990151 1.35332822 -0.26921927
v 0.34446072 1.36774432 -0.247722
v 0.31967508 1.33331358 -0.23586382
v 0.3335902 1.34785223 -0.21450221
v 0.30962836 1.31340205 -0.20203578
v 0.32295426 1.32814896 -0.18107728
v 0.29967913 1.29353606 -0.16767184
v 0.31252598 1.30846858 -0.14728219
v 0.28985142 1.27346944 -0.13262045
v 0.30216133 1.28864944 -0.11295277
v 0.28000992 1.25313627 -0.09665107
v 0.29165506 1.26838755 -0.07792717
v 0.27791205 1.25782084 -0.15091073
v 0.26889529 1.23737502 -0.11398171
v 0.26597905 1.2417953 -0.1677237
v 0.2867378 1.27818071 -0.18673776
v 0.27379196 1.26228272 -0.20422351
v 0.25905385 1.24664878 -0.21973952
v 0.28137046 1.28285944 -0.23955859
v 0.26519578 1.26737034 -0.25549358
v 0.28904008 1.30324745 -0.27395135
v 0.27150315 1.28794002 -0.29006511
v 0.29722088 1.3230741 -0.30784896
v 0.27813845 1.30793774 -0.32405865
v 0.30563804 1.34262239 -0.34126576
v 0.28526365 1.32709431 -0.3576464
v 0.31406575 1.36188364 -0.37435218
v 0.29268956 1.3459146 -0.39098367
v 0.32254055 1.38091576 -0.40736392
v 0.3002325 1.36447751 -0.42412388
v 0.33123037 1.39968383 -0.44062864
v 0.3079071 1.38268303 -0.45728385
v 0.34048157 1.41779077 -0.47423636
v 0.315907 1.40030312 -0.4906758
v 0.35006874 1.43571043 -0.50817704
v 0.32438215 1.41754579 -0.52434003
v 0.35999181 1.45375752 -0.5424031
v 0.33332085 1.43474912 -0.55818861
v 0.37053468 1.47204864 -0.57697594
v 0.3427788 1.45196986 -0.592229
v 0.3814882 1.4903382 -0.61228203
v 0.35242819 1.46884501 -0.62665259
v 0.39175522 1.5077002 -0.64855831
v 0.36165928 1.48487842 -0.66184794
v 0.40156641 1.52417743 -0.6856029
v 0.37016362 1.49967289 -0.69789803
v 0.41148108 1.53969442 -0.72226536
v 0.37893745 1.51368904 -0.73460674
v 0.42259228 1.55492448 -0.75768107
v 0.3889268 1.52721929 -0.77083545
v 0.43474155 1.56971645 -0.79227882
v 0.40025985 1.54001116 -0.80640208
v 0.44807753 1.58345317 -0.82655584
v 0.41275197 1.55171179 -0.84129178
v 0.46200227 1.59567749 -0.860771
v 0.42593795 1.56175589 -0.87566471
v 0.47632885 1.6060965 -0.89483523
v 0.43951469 1.56989133 -0.90967851
v 0.4911071 1.61431193 -0.92874765
v 0.45333296 1.5758363 -0.94316041
v 0.50586038 1.61997282 -0.96214675
v 0.46700343 1.57937145 -0.97601211
v 0.52016043 1.62300825 -0.9945507
v 0.48000714 1.58069574 -1.00775229
v 0.53328961 1.62379241 -1.02511167
v 0.49162524 1.58051812 -1.03784894
v 0.54445743 1.62315285 -1.05347991
v 0.50125873 1.57945513 -1.06601071
v 0.55305272 1.62209343 -1.07906186
v 0.50817549 1.57862496 -1.09114182
v 0.55854779 1.6223402 -1.10166549
v 0.51196205 1.57985746 -1.11393976
v 0.56043851 1.62626147 -1.12255716
v 0.51138407 1.58565664 -1.13464808
v 0.55712491 1.63589632 -1.13956129
v 0.50505262 1.59754276 -1.15010428
v 0.5486474 1.65061175 -1.14935219
v 0.4944587 1.61359977 -1.1578474
v 0.53771531 1.66722822 -1.15293598
v 0.4823485 1.63093316 -1.15980529
v 0.52576971 1.68447315 -1.15242457
v 0.46960768 1.64924526 -1.15833401
v 0.51194775 1.70416426 -1.14916956
v 0.45496612 1.67114114 -1.15388119
v 0.49510681 1.72812938 -1.14247798
v 0.43884614 1.69679248 -1.14637231
v 0.47732353 1.75391995 -1.13337385
v 0.42294067 1.72395312 -1.13662588
v 0.4598118 1.7802869 -1.12240457
v 0.40772739 1.75209486 -1.12513041
v 0.44281056 1.80724287 -1.10998606
v 0.39319366 1.78113365 -1.11214339
v 0.37930107 1.81105685 -1.09797775
v 0.51235479 1.81130766 -1.11612987
v 0.5320332 1.78596127 -1.12641692
v 0.58577632 1.8193767 -1.11459839
v 0.55148732 1.76090288 -1.13478183
v 0.60686004 1.79447722 -1.12178731
v 0.6602475 1.82829296 -1.10282123
v 0.62441885 1.77237939 -1.12623357
v 0.67838358 1.80622935 -1.10570645
v 0.7293291 1.83914399 -1.07895612
v 0.69099551 1.78829431 -1.1059004
v 0.74233305 1.82053947 -1.07784688
v 0.79025787 1.85089969 -1.04514586
v 0.75191021 1.80330205 -1.07516562
v 0.79981541 1.83289539 -1.04141986
v 0.84452152 1.86049437 -1.00548195
v 0.80491489 1.81619238 -1.03508532
v 0.84929525 1.84228324 -0.99791276
v 0.89099049 1.86733138 -0.96036201
v 0.84725236 1.827991 -0.98712146
v 0.88882941 1.85106945 -0.94888019
v 0.9278571 1.87437546 -0.91090035
v 0.87904179 1.84204912 -0.93546772
v 0.91790521 1.86230921 -0.89685297
v 0.95408582 1.88281619 -0.85845273
v 0.90146786 1.8580656 -0.88203543
v 0.93639159 1.87555909 -0.84298521
v 0.96857011 1.89309549 -0.80411768
v 0.9126876 1.87420189 -0.82600742
v 0.94283449 1.89016306 -0.78738182
v 0.97027754 1.90584814 -0.74884867
v 0.9114418 1.88861393 -0.76735884
v 0.93730258 1.90357959 -0.72988522
v 0.96068924 1.91792726 -0.69223827
v 0.9027574 1.89828169 -0.70804464
v 0.92510235 1.91241049 -0.67153465
v 0.94563776 1.92586875 -0.63480353
v 0.89084225 1.90266394 -0.64905953
v 0.91068053 1.91602051 -0.61338228
v 0.92897063 1.92892515 -0.57738244
v 0.87706846 1.90299964 -0.59078788
v 0.89454942 1.91603708 -0.5558536
v 0.91054606 1.92897081 -0.52071946
v 0.86114847 1.90100443 -0.533616
v 0.87638163 1.91393923 -0.49955204
v 0.89002198 1.9269005 -0.46542805
v 0.8433566 1.89692533 -0.47767138
v 0.85625106 1.90985393 -0.44459745
v 0.86772549 1.92257666 -0.4113734
v 0.82404857 1.89059376 -0.42298761
v 0.83466315 1.90316426 -0.39086234
v 0.84385633 1.91513216 -0.3586699
v 0.80325996 1.88161337 -0.36963591
v 0.81171667 1.89314842 -0.33849716
v 0.81862437 1.9038217 -0.30730205
v 0.78117704 1.86957895 -0.31767511
v 0.77310431 1.85882055 -0.34780013
v 0.79306316 1.86991965 -0.40076327
v 0.76324188 1.84800958 -0.37785679
v 0.78084522 1.8585174 -0.43189466
v 0.75139534 1.83738291 -0.40783119
v 0.72334027 1.8146727 -0.38304731
v 0.73788464 1.82643115 -0.43743383
v 0.71063572 1.80379819 -0.41139549
v 0.68445813 1.78021454 -0.3846057
v 0.69635748 1.79259991 -0.4392721
v 0.67098498 1.76917076 -0.41128462
v 0.68157094 1.78025627 -0.46679064
v 0.65687823 1.75712621 -0.43773376
v 0.66608023 1.76705026 -0.49409997
v 0.64214813 1.74425113 -0.46409794
v 0.64952993 1.75323128 -0.52115148
v 0.62640285 1.73079788 -0.49036431
v 0.63189148 1.73867201 -0.54792743
v 0.60998785 1.71637582 -0.51639795
v 0.61315363 1.72328734 -0.57434535
v 0.59280484 1.70084381 -0.54214394
v 0.57471597 1.67676734 -0.50951898
v 0.57449752 1.6844182 -0.56740474
v 0.55718511 1.6610012 -0.53418254
v 0.54081779 1.6374402 -0.50040453
v 0.53841394 1.64460349 -0.55843454
v 0.52223753 1.62217557 -0.52415835
v 0.5070607 1.59960556 -0.48943328
v 0.50351721 1.6051917 -0.54768294
v 0.48853197 1.58375453 -0.5125525
v 0.47480556 1.56196332 -0.4772616
v 0.47093173 1.5652461 -0.535214
v 0.45733481 1.54451465 -0.49959939
v 0.44429668 1.52390122 -0.46402072
v 0.43895968 1.52630972 -0.52106291
v 0.42629259 1.50656306 -0.48536628
v 0.41416272 1.48701322 -0.45011603
v 0.40623363 1.48913776 -0.50569361
v 0.3947781 1.47006547 -0.47063869
v 0.38363575 1.45115399 -0.43611627
v 0.37356704 1.45289838 -0.49012818
v 0.36306726 1.43451619 -0.45585489
v 0.35269707 1.4160943 -0.42207562
v 0.34275403 1.39725303 -0.38867688
v 0.33326923 1.37785589 -0.35558468
v 0.32378161 1.35822296 -0.32258909
v 0.31434685 1.33835959 -0.2893688
v 0.30497765 1.31846046 -0.25573518
v 0.29576319 1.29837083 -0.22159019
v 0.38426953 1.47157168 -0.52480709
v 0.41835102 1.50835752 -0.54133838
v 0.39564815 1.49053311 -0.56007206
v 0.43090307 1.5278908 -0.57757127
v 0.40743306 1.50963759 -0.59615725
v 0.44376805 1.54740166 -0.61401224
v 0.41898793 1.5282557 -0.63298428
v 0.45692098 1.56650924 -0.64999342
v 0.43051222 1.54623675 -0.66965842
v 0.47034615 1.58505129 -0.6851955
v 0.44224757 1.56338906 -0.70521158
v 0.48415774 1.6031425 -0.71987164
v 0.45469355 1.58022201 -0.74015307
v 0.49861192 1.62071776 -0.75426888
v 0.46788054 1.59652829 -0.77449309
v 0.51384884 1.63770043 -0.78860044
v 0.48192748 1.6120733 -0.80870717
v 0.52950918 1.65361166 -0.82280421
v 0.49658 1.62626957 -0.8429234
v 0.54545497 1.66815698 -0.8570736
v 0.5116471 1.63889801 -0.87718898
v 0.56205678 1.68080163 -0.89142048
v 0.5272907 1.64943552 -0.91147339
v 0.57922184 1.69102406 -0.92559164
v 0.54321348 1.65742492 -0.94538533
v 0.59640896 1.69825267 -0.95914697
v 0.55898892 1.6624602 -0.97844618
v 0.61290228 1.70206511 -0.99114131
v 0.57375919 1.66455924 -1.00966453
v 0.62803888 1.70321202 -1.02091944
v 0.58681243 1.66466713 -1.03871464
v 0.64074981 1.70260632 -1.04763305
v 0.59731227 1.66372478 -1.06501948
v 0.65000808 1.70207774 -1.07023274
v 0.60448467 1.66345763 -1.08757078
v 0.65648537 1.70365667 -1.0904777
v 0.60880833 1.66583311 -1.10821247
v 0.65900421 1.70993387 -1.10823702
v 0.60846728 1.67355608 -1.12588894
v 0.65566271 1.72226417 -1.12066817
v 0.60243868 1.68696916 -1.13733494
v 0.64764416 1.7377932 -1.12613821
v 0.59297657 1.7029016 -1.14212656
v 0.63718396 1.75442242 -1.12748146
v 0.58183217 1.71964979 -1.14259171
v 0.56868207 1.73813819 -1.14048218
v 0.70089131 1.77143883 -1.10381603
v 0.70756542 1.75575506 -1.09760665
v 0.75754761 1.78731942 -1.06886363
v 0.70853859 1.74416136 -1.08520078
v 0.75669032 1.77553725 -1.0568273
v 0.80309188 1.80334472 -1.02370739
v 0.74957883 1.77027082 -1.0409702
v 0.79447132 1.79755616 -1.00892972
v 0.83772867 1.82113397 -0.97330308
v 0.78234589 1.7963196 -0.99232715
v 0.82422113 1.81953215 -0.95791697
v 0.86404478 1.8397181 -0.92074412
v 0.80624294 1.81975102 -0.93798017
v 0.84425467 1.83975815 -0.90216803
v 0.8798201 1.85758245 -0.86448931
v 0.81921613 1.83888196 -0.87805342
v 0.85257327 1.85669231 -0.84197163
v 0.88329929 1.87321925 -0.80487847
v 0.82335364 1.8522011 -0.81618309
v 0.85199552 1.86854732 -0.78057843
v 0.87832963 1.8837434 -0.74441146
v 0.82098949 1.8593899 -0.75426298
v 0.84599936 1.87446785 -0.71953755
v 0.86934828 1.88878858 -0.68444109
v 0.81489205 1.86176192 -0.69348645
v 0.83724838 1.87599957 -0.65966141
v 0.85795593 1.88968896 -0.62542295
v 0.80616849 1.86109244 -0.63401275
v 0.82608008 1.87470245 -0.60094261
v 0.84441137 1.88795089 -0.56747162
v 0.79509335 1.85831618 -0.575751
v 0.81266176 1.87144708 -0.54346215
v 0.8287661 1.88424992 -0.51071131
v 0.78179216 1.8537538 -0.51869982
v 0.79734361 1.86618638 -0.4871239
v 0.81150114 1.87835943 -0.45514994
v 0.76696187 1.8469907 -0.462731
v 0.75184875 1.83500075 -0.49302488
v 0.72326308 1.81467819 -0.466477
v 0.7357859 1.82206296 -0.52281904
v 0.70781827 1.80206012 -0.49512174
v 0.7185136 1.80855894 -0.55218708
v 0.69139879 1.78875398 -0.52343314
v 0.70009082 1.7943449 -0.58119249
v 0.67390817 1.7746706 -0.55144941
v 0.68061864 1.77928173 -0.60981822
v 0.65544652 1.75967907 -0.57906663
v 0.66024619 1.76314699 -0.63782292
v 0.63606464 1.7436943 -0.60622668
v 0.63904428 1.74573802 -0.6652407
v 0.61587131 1.72664916 -0.6328684
v 0.59387016 1.70657753 -0.60029685
v 0.59550964 1.70764315 -0.65893578
v 0.5747379 1.68778991 -0.62574815
v 0.5559532 1.66645002 -0.59225666
v 0.55540049 1.66720223 -0.6506344
v 0.5373283 1.64673006 -0.61670434
v 0.5199545 1.62614035 -0.5824325
v 0.5175687 1.62624716 -0.64068728
v 0.50115943 1.60622894 -0.60598564
v 0.48544326 1.58595228 -0.57077062
v 0.48043704 1.58627808 -0.6286363
v 0.4659425 1.5664308 -0.59304136
v 0.45218765 1.54627537 -0.5570842
v 0.49543303 1.60572958 -0.66366201
v 0.5344432 1.64603102 -0.6749103
v 0.51083499 1.6247909 -0.6981312
v 0.55196797 1.66527164 -0.70884537
v 0.52677005 1.64333939 -0.73231673
v 0.57026863 1.68369984 -0.74268388
v 0.54333293 1.66121411 -0.76641166
v 0.58901941 1.70159411 -0.7766031
v 0.56047666 1.67841959 -0.80060225
v 0.60815757 1.71842002 -0.81057047
v 0.57781839 1.69432663 -0.8347882
v 0.62749648 1.73390293 -0.84444743
v 0.59560269 1.70863449 -0.86896872
v 0.64740556 1.74752187 -0.87817698
v 0.61400818 1.72085952 -0.90311521
v 0.66799724 1.75828111 -0.91153711
v 0.63271033 1.73015725 -0.93683755
v 0.68840384 1.76545465 -0.94388192
v 0.65108203 1.73573613 -0.9692747
v 0.70777201 1.76876938 -0.9738385
v 0.66822397 1.73798358 -0.99922156
v 0.72512286 1.76945817 -1.00064361
v 0.68325448 1.73803889 -1.02623176
v 0.73897779 1.76912498 -1.02276992
v 0.69487083 1.7375307 -1.04886126
v 0.7035073 1.73879575 -1.06832766
v 0.76630681 1.79660677 -0.97106838
v 0.74632334 1.79555869 -0.94460153
v 0.78365987 1.81871652 -0.91247075
v 0.72455984 1.79145407 -0.9151926
v 0.75933778 1.81421113 -0.88394737
v 0.79236471 1.83426833 -0.8507483
v 0.73441273 1.80546057 -0.85341018
v 0.76518356 1.82525789 -0.82149332
v 0.7941116 1.84314203 -0.78833955
v 0.73849225 1.81272363 -0.7913959
v 0.76561081 1.83046639 -0.75959372
v 0.79104292 1.84661078 -0.72687673
v 0.73803669 1.81546592 -0.73015904
v 0.76209718 1.83165729 -0.69875061
v 0.78482145 1.84679937 -0.66665089
v 0.7340542 1.81531071 -0.66974818
v 0.75566953 1.83040905 -0.63895022
v 0.77605909 1.84468114 -0.60758823
v 0.72746831 1.81284534 -0.61038273
v 0.74678921 1.82719051 -0.58029866
v 0.76493513 1.84080863 -0.54971814
v 0.70695638 1.79770219 -0.64004755
v 0.71133703 1.79905211 -0.69993042
v 0.68541973 1.78154873 -0.66910088
v 0.68749058 1.78136003 -0.72930008
v 0.66291642 1.76404213 -0.69739562
v 0.66258424 1.7619903 -0.75762653
v 0.63961231 1.74475634 -0.72480177
v 0.61737018 1.72645854 -0.69191473
v 0.61517053 1.72375774 -0.75124776
v 0.59472912 1.70549392 -0.71772724
v 0.57456135 1.68683099 -0.68424141
v 0.63631588 1.7409091 -0.78475296
v 0.68581867 1.778476 -0.79009628
v 0.65760761 1.75705063 -0.81808674
v 0.70974773 1.79317688 -0.82199692
v 0.67940437 1.77140069 -0.85102349
v 0.70194292 1.78324008 -0.88359016
v 0.71260947 1.79781699 -0.76068782
v 0.19702675 1.89547514 0.55321234
v 0.20169049 1.90369617 0.58678519
v 0.22883293 1.92000258 0.58159875
v 0.20942759 1.9073131 0.62000954
v 0.23649328 1.92574966 0.61461973
v 0.2643401 1.94113779 0.60797023
v 0.24692614 1.92849052 0.64741027
v 0.275406 1.94473576 0.63980454
v 0.30416029 1.95831811 0.63111168
v 0.28828835 1.94738018 0.67033916
v 0.31794321 1.9624331 0.65917056
v 0.34754908 1.97610473 0.6460945
v 0.33208042 1.96852695 0.68573564
v 0.36256429 1.98340725 0.66957622
v 0.39242154 1.99661397 0.65126127
v 0.37750163 1.99251437 0.69157838
v 0.40792334 2.00624895 0.6707611
v 0.43720954 2.01787066 0.64815414
v 0.4230557 2.01737427 0.68954569
v 0.4528476 2.0291624 0.66518735
v 0.48137006 2.03864431 0.63970142
v 0.46802976 2.04193496 0.68181592
v 0.49720808 2.05128312 0.65501421
v 0.52533733 2.05848717 0.62744796
v 0.51242101 2.06560134 0.6699469
v 0.54120016 2.07247376 0.64140027
v 0.5694279 2.0772984 0.61206972
v 0.55606538 2.08856511 0.65451073
v 0.58494001 2.09284329 0.62464147
v 0.61374914 2.09506154 0.59445715
v 0.59852749 2.11140823 0.635558
v 0.62805044 2.11286735 0.60535872
v 0.65797871 2.11219239 0.57529032
v 0.6389026 2.13452529 0.61279678
v 0.66965603 2.13347935 0.58306551
v 0.70083391 2.13091039 0.55349934
v 0.67612803 2.15833473 0.58534276
v 0.70832395 2.15563201 0.55623924
v 0.74083131 2.15175032 0.52690815
v 0.7107678 2.18188881 0.55372381
v 0.74404144 2.17819833 0.52454876
v 0.77734804 2.17384243 0.49454379
v 0.74359059 2.20443916 0.51869052
v 0.77737438 2.2005465 0.48869258
v 0.81084841 2.19666004 0.45746505
v 0.77406555 2.22615933 0.48011738
v 0.80784571 2.22280287 0.44888162
v 0.84109121 2.21979761 0.41605114
v 0.80159354 2.24709796 0.43774703
v 0.83500796 2.24474239 0.40495324
v 0.867832 2.24309778 0.37043607
v 0.82587772 2.26718998 0.39150977
v 0.85865175 2.26626968 0.35700446
v 0.8906759 2.26651287 0.32097306
v 0.84690332 2.28667354 0.34168192
v 0.8783977 2.28773832 0.30556047
v 0.90841543 2.29024052 0.26838582
v 0.86378049 2.3061738 0.28871744
v 0.89250755 2.30944252 0.25152805
v 0.91950625 2.31378793 0.21378006
v 0.87427115 2.32596874 0.23383525
v 0.89929592 2.33086848 0.19649741
v 0.9232468 2.33670282 0.15862724
v 0.87640422 2.34531092 0.17904073
v 0.89862996 2.35145115 0.14194834
v 0.92032277 2.35840868 0.10392675
v 0.87120842 2.36342287 0.125743
v 0.8915714 2.37057614 0.08854426
v 0.91128236 2.37846469 0.05029287
v 0.86076933 2.38076829 0.07429802
v 0.87919592 2.38855242 0.03680334
v 0.89662039 2.39610576 -0.00185191
v 0.84524405 2.39704179 0.02476825
v 0.86157715 2.40425396 -0.01311662
v 0.8769986 2.41095519 -0.05210694
v 0.82511997 2.41127681 -0.02268502
v 0.83966982 2.41757679 -0.06098786
v 0.85326033 2.42351865 -0.10002285
v 0.80166649 2.42393183 -0.06837682
v 0.81452155 2.42925858 -0.10657517
v 0.82630479 2.43419981 -0.14540986
v 0.77546417 2.43607044 -0.11174681
v 0.78641992 2.44008493 -0.14974319
v 0.79589223 2.44374394 -0.18795025
v 0.7466439 2.44942545 -0.15232126
v 0.75497806 2.45169901 -0.18961209
v 0.76188671 2.45331168 -0.22677348
v 0.71516573 2.4650948 -0.18955034
v 0.72083824 2.4650259 -0.22590579
v 0.72519403 2.46358895 -0.26182907
v 0.68187141 2.48294615 -0.2238305
v 0.68483561 2.47962164 -0.25914499
v 0.68718206 2.47499942 -0.29390972
v 0.64724892 2.50185799 -0.2557677
v 0.64821332 2.49545693 -0.29020845
v 0.64921993 2.48739624 -0.32392031
v 0.61151415 2.5207827 -0.28625699
v 0.61124849 2.51094532 -0.31987825
v 0.61123037 2.49819207 -0.35265556
v 0.57457268 2.53693962 -0.31535989
v 0.57412385 2.5229392 -0.34853905
v 0.57421279 2.50569152 -0.38145583
v 0.53819143 2.54818105 -0.34408098
v 0.53842413 2.52946996 -0.37822648
v 0.53865391 2.50812912 -0.411224
v 0.50384694 2.55198407 -0.37558978
v 0.50435876 2.52963638 -0.40956181
v 0.50411707 2.50506401 -0.4416323
v 0.471549 2.54894924 -0.40876585
v 0.47130572 2.52370667 -0.44154265
v 0.46995285 2.49661898 -0.47194844
v 0.43958964 2.54031348 -0.44241502
v 0.43797183 2.51323556 -0.47326511
v 0.43521136 2.4848628 -0.50140458
v 0.40657055 2.52815842 -0.47540774
v 0.4034782 2.49993181 -0.50394994
v 0.39980518 2.47079515 -0.53006255
v 0.37191653 2.51365971 -0.50710487
v 0.36785388 2.48455476 -0.53344607
v 0.36382126 2.45442533 -0.55731374
v 0.33584183 2.49720764 -0.53714245
v 0.33150756 2.4666171 -0.56084251
v 0.32824423 2.43451833 -0.58241403
v 0.29895526 2.477674 -0.56429994
v 0.29561555 2.44468545 -0.58536636
v 0.29365229 2.41061639 -0.60498291
v 0.26269394 2.45380353 -0.58797812
v 0.26084759 2.41872 -0.60663247
v 0.25952997 2.3832674 -0.62456029
v 0.22777333 2.42567014 -0.60775136
v 0.2267998 2.38928103 -0.62461316
v 0.22587761 2.35358047 -0.64224308
v 0.19388878 2.39430522 -0.62412273
v 0.19331567 2.35764741 -0.64063954
v 0.19267815 2.32263183 -0.65983122
v 0.16066561 2.36098766 -0.63872337
v 0.16032703 2.32473063 -0.65653169
v 0.15983641 2.29176259 -0.67922967
v 0.12791974 2.32683897 -0.6539666
v 0.12765903 2.29294443 -0.67584216
v 0.12705589 2.26487207 -0.70453447
v 0.09556102 2.29399466 -0.67284184
v 0.09511542 2.26526927 -0.70139932
v 0.09466482 2.23857212 -0.73206347
v 0.06332433 2.26531505 -0.69874531
v 0.06300014 2.23861098 -0.72980302
v 0.06271871 2.21230506 -0.76100498
v 0.06362243 2.29442262 -0.67010438
v 0.0635765 2.32990884 -0.64960414
v 0.09565045 2.32862329 -0.65157938
v 0.09562306 2.36656665 -0.63525599
v 0.06349301 2.36866331 -0.63394933
v 0.12803524 2.36395978 -0.63691204
v 0.128237 2.40256762 -0.62204438
v 0.09579338 2.40601086 -0.62089866
v 0.16098184 2.39864802 -0.62319767
v 0.16153603 2.4370625 -0.60782468
v 0.12881727 2.44204044 -0.6073116
v 0.19457462 2.43163466 -0.60807323
v 0.1963133 2.46898818 -0.59097361
v 0.16336469 2.4757204 -0.59142553
v 0.2294934 2.46178531 -0.58984458
v 0.23305909 2.49699997 -0.56995761
v 0.19996468 2.50557017 -0.57168811
v 0.2661035 2.48776316 -0.5674498
v 0.27097231 2.5200169 -0.54437738
v 0.2380677 2.53042578 -0.54736101
v 0.30357143 2.50897049 -0.54087555
v 0.30844786 2.53859925 -0.51467627
v 0.27615708 2.55028224 -0.51854676
v 0.3403185 2.52645683 -0.5107544
v 0.34411293 2.55434989 -0.4818474
v 0.3125697 2.56647849 -0.48581287
v 0.37536135 2.54168558 -0.4782992
v 0.37771055 2.56827735 -0.44688785
v 0.34674137 2.58055734 -0.45028427
v 0.40856954 2.55506897 -0.44426173
v 0.40916344 2.58002042 -0.41033402
v 0.3786621 2.59290599 -0.41282174
v 0.439915 2.56556797 -0.40892922
v 0.43938782 2.58856105 -0.37329506
v 0.40874493 2.60272979 -0.37420168
v 0.47088155 2.57182025 -0.37383526
v 0.46972793 2.59233784 -0.33705478
v 0.43830132 2.60906124 -0.33577665
v 0.50312399 2.57183575 -0.33997458
v 0.50331163 2.58829212 -0.30382466
v 0.4689697 2.60984277 -0.29898288
v 0.53873688 2.56337595 -0.3098818
v 0.54048478 2.57543611 -0.27527809
v 0.50517368 2.60142636 -0.26770246
v 0.57578873 2.54805684 -0.28145486
v 0.57749307 2.5569787 -0.24670335
v 0.54313468 2.58500719 -0.23979158
v 0.61206054 2.52866244 -0.25180637
v 0.6123259 2.53464508 -0.21648605
v 0.57925701 2.56372833 -0.21095758
v 0.64590072 2.50675725 -0.22062972
v 0.64403259 2.5104711 -0.18466082
v 0.61237454 2.53941774 -0.1802735
v 0.67789107 2.48492026 -0.18784415
v 0.67305982 2.48644828 -0.15114529
v 0.64149296 2.51361227 -0.14791962
v 0.70824682 2.46457004 -0.15277306
v 0.70042926 2.46428966 -0.11566595
v 0.66761344 2.48811054 -0.1139215
v 0.73694098 2.44703126 -0.11496425
v 0.72601604 2.44475269 -0.07750156
v 0.6916452 2.46427917 -0.07815231
v 0.76333242 2.43189811 -0.07407279
v 0.75046521 2.42780518 -0.03695692
v 0.71435898 2.44276404 -0.04023977
v 0.78794223 2.41835141 -0.03085868
v 0.77342128 2.4124732 0.00565595
v 0.73698484 2.42379188 -0.00061885
v 0.80974501 2.4045999 0.01446069
v 0.79347097 2.39787435 0.0504832
v 0.75803935 2.40687966 0.04136558
v 0.82784944 2.38960552 0.06159808
v 0.80982428 2.38286113 0.09725958
v 0.77655148 2.39174318 0.08568849
v 0.84154993 2.37365984 0.11074081
v 0.82220369 2.36751461 0.14629294
v 0.79165065 2.37709951 0.13222128
v 0.85058081 2.35717916 0.16202257
v 0.82971978 2.35178256 0.19803756
v 0.80299699 2.36214327 0.18177229
v 0.85348016 2.34007525 0.21574455
v 0.82893896 2.33573293 0.25253203
v 0.80785477 2.34721565 0.23440425
v 0.84737038 2.3220787 0.27091303
v 0.8180046 2.31969595 0.30722445
v 0.80147916 2.33271837 0.28896623
v 0.83322119 2.30445194 0.32495641
v 0.80126231 2.30437326 0.35961169
v 0.78662014 2.31898045 0.34197852
v 0.81442713 2.28709602 0.37623989
v 0.7812196 2.28840422 0.40900978
v 0.76832962 2.30525589 0.39238375
v 0.79252308 2.26906013 0.42432603
v 0.75863635 2.2713921 0.45552265
v 0.747469 2.29024505 0.44015032
v 0.76769626 2.24991726 0.46899125
v 0.73331296 2.25272989 0.49891972
v 0.72417712 2.27358007 0.4853293
v 0.73989975 2.22949314 0.51010167
v 0.70544111 2.23234558 0.53931587
v 0.69846516 2.25493359 0.52797871
v 0.70967024 2.2078123 0.5479111
v 0.67575931 2.2100017 0.57691478
v 0.67079198 2.23411941 0.56825172
v 0.67771196 2.18440961 0.58271032
v 0.64497476 2.18546104 0.61204183
v 0.64193409 2.21081161 0.60607326
v 0.64437955 2.15949988 0.6147561
v 0.61293828 2.15898132 0.64472872
v 0.61249697 2.18502426 0.64186257
v 0.60845363 2.13376593 0.64287245
v 0.57782477 2.13085651 0.67307192
v 0.58138322 2.15660405 0.67496258
v 0.56884354 2.10783386 0.66565418
v 0.53843486 2.10222315 0.69548696
v 0.54649925 2.12591481 0.7031207
v 0.52653026 2.08223199 0.68387335
v 0.49588629 2.07381701 0.71257805
v 0.50692254 2.09452104 0.72486591
v 0.48251587 2.05657529 0.69779825
v 0.45141288 2.04534292 0.72483807
v 0.46400284 2.06321215 0.74057316
v 0.43757039 2.03026962 0.70768374
v 0.40584585 2.01645708 0.73219525
v 0.41902598 2.03196907 0.75070852
v 0.39199096 2.00342416 0.71242594
v 0.35979372 1.98768782 0.73345035
v 0.37286502 2.00080394 0.75508838
v 0.34616103 1.97702717 0.71033275
v 0.31422573 1.96018588 0.72689354
v 0.32663428 1.9705379 0.75235223
v 0.30140423 1.95231354 0.69960713
v 0.27071335 1.93478989 0.71120423
v 0.28181543 1.94218277 0.74132478
v 0.25901961 1.9304676 0.67951321
v 0.23034758 1.91147458 0.68705976
v 0.24018193 1.91601538 0.72082269
v 0.21960151 1.90917289 0.65345984
v 0.19281494 1.88821685 0.65796846
v 0.20235689 1.89092397 0.69279277
v 0.17462627 1.87000358 0.69700133
v 0.18033278 1.87635552 0.73377502
v 0.2099163 1.89649748 0.72839462
v 0.18310898 1.88498091 0.7710511
v 0.21596831 1.90436756 0.76382935
v 0.24897363 1.92350113 0.75371801
v 0.22148382 1.91495239 0.79669153
v 0.25752371 1.93379187 0.78399252
v 0.29259237 1.95238733 0.76919996
v 0.2663744 1.94691681 0.81162703
v 0.30329743 1.96538543 0.79503852
v 0.33866202 1.98359835 0.77607339
v 0.31365919 1.98189175 0.81875616
v 0.35018265 1.99976861 0.79792696
v 0.38527819 2.01664328 0.77514576
v 0.36072045 2.01947546 0.81754857
v 0.39649221 2.03577971 0.79329145
v 0.43090719 2.05044269 0.76755726
v 0.40536931 2.05892229 0.8083924
v 0.44038558 2.07275104 0.7816466
v 0.4741756 2.0846939 0.75366604
v 0.44574818 2.0988233 0.79086303
v 0.48037549 2.10982227 0.7622317
v 0.51401197 2.1188848 0.73288255
v 0.48124614 2.13713741 0.76442503
v 0.51575219 2.14558196 0.73498088
v 0.54914337 2.15218234 0.70512133
v 0.51259958 2.17239952 0.7314707
v 0.54677879 2.17868709 0.70189994
v 0.57991433 2.18288564 0.67190343
v 0.54046309 2.20408415 0.69457912
v 0.57448142 2.20818543 0.66509968
v 0.60821086 2.21028327 0.63546478
v 0.56641918 2.23164558 0.65483975
v 0.60118591 2.23385524 0.62593698
v 0.63598632 2.23460507 0.59706097
v 0.59255319 2.2554686 0.61346685
v 0.62790536 2.2562704 0.58499491
v 0.66324317 2.25609684 0.55655002
v 0.61882424 2.27645039 0.57104075
v 0.65409636 2.27624344 0.54272449
v 0.68924355 2.27523613 0.5142253
v 0.64406019 2.29498028 0.52754235
v 0.67877453 2.2938199 0.49900403
v 0.71323365 2.29209423 0.46994084
v 0.66744405 2.3109653 0.48279041
v 0.70131802 2.30898141 0.45358359
v 0.73497438 2.30693101 0.42357766
v 0.68851608 2.32435441 0.43660178
v 0.72141969 2.32169699 0.40625885
v 0.75418907 2.31971836 0.3748759
v 0.70715379 2.33522629 0.38873666
v 0.73923838 2.33265304 0.35698688
v 0.77111446 2.33165097 0.32390788
v 0.72387206 2.34405946 0.33919537
v 0.75469005 2.34275507 0.3057731
v 0.78309744 2.34397506 0.27074685
v 0.73763871 2.35308527 0.28819567
v 0.76285183 2.35426187 0.2533237
v 0.78375697 2.35755538 0.21751801
v 0.7390868 2.36582517 0.23739174
v 0.75649309 2.36830306 0.20248127
v 0.77371609 2.37218618 0.16720227
v 0.7273907 2.38228893 0.19064416
v 0.74287957 2.38378286 0.15552716
v 0.75939852 2.38688182 0.12054754
v 0.71218884 2.3996489 0.1469108
v 0.72682642 2.4001007 0.11180314
v 0.74226582 2.4024806 0.07671871
v 0.69579386 2.4189465 0.10617467
v 0.70915216 2.41861963 0.07097241
v 0.72301304 2.42020964 0.03532176
v 0.67891669 2.44150137 0.06845027
v 0.69066989 2.44053411 0.03283343
v 0.70248919 2.44114565 -0.00349581
v 0.66210734 2.46699976 0.03299639
v 0.67218643 2.46542382 -0.00333461
v 0.68206542 2.46460318 -0.04056911
v 0.64539921 2.49420046 -0.00120364
v 0.65364229 2.4918971 -0.03850777
v 0.66110462 2.48988199 -0.07624643
v 0.62733262 2.52182626 -0.03475907
v 0.63341558 2.51915073 -0.07248213
v 0.63807761 2.51642179 -0.1104066
v 0.60616684 2.54922676 -0.06759932
v 0.60966557 2.54636597 -0.10559499
v 0.61159277 2.54324674 -0.14330235
v 0.58077448 2.57613277 -0.09930552
v 0.58156853 2.57296419 -0.13711172
v 0.58092463 2.56900167 -0.17439058
v 0.55038404 2.60183787 -0.12952052
v 0.54873544 2.59791827 -0.16672626
v 0.54603111 2.59234762 -0.20353987
v 0.51497864 2.62520742 -0.15768012
v 0.51170522 2.61947393 -0.19442132
v 0.50820148 2.61161565 -0.23124001
v 0.47623366 2.64374923 -0.18482524
v 0.47278612 2.63514161 -0.22253601
v 0.4700793 2.62411212 -0.26056218
v 0.43884342 2.65413975 -0.21741524
v 0.43730497 2.64188027 -0.25700739
v 0.43726027 2.62683844 -0.29673671
v 0.40641519 2.65550756 -0.25719481
v 0.40688091 2.64040374 -0.29714596
v 0.40785098 2.62288236 -0.33633935
v 0.37624868 2.6520152 -0.2994841
v 0.37734261 2.63493466 -0.33851054
v 0.3783589 2.61519074 -0.37649846
v 0.34649062 2.64576339 -0.34188464
v 0.34770441 2.62649893 -0.37984338
v 0.34795168 2.60475158 -0.41619116
v 0.31665983 2.63724637 -0.38402143
v 0.31680351 2.61605358 -0.42025706
v 0.31545606 2.59244728 -0.45434147
v 0.28510969 2.62728929 -0.42476639
v 0.28362533 2.60411548 -0.45862042
v 0.28053447 2.57831764 -0.48988986
v 0.25100913 2.61566877 -0.46277302
v 0.24781245 2.58992862 -0.49375569
v 0.2433158 2.56148505 -0.52198594
v 0.21428644 2.60124373 -0.4971587
v 0.20987528 2.5721867 -0.52486109
v 0.20484159 2.54021501 -0.54968977
v 0.1757716 2.58212852 -0.52708137
v 0.171222 2.54919886 -0.55135679
v 0.16684295 2.51347017 -0.57274472
v 0.13720479 2.55712246 -0.55244576
v 0.13361547 2.52050495 -0.57332158
v 0.13062709 2.48181724 -0.59148937
v 0.10029608 2.5263412 -0.57356488
v 0.09804899 2.48691844 -0.59124136
v 0.0964265 2.44636726 -0.60661983
v 0.06541589 2.49075007 -0.59091156
v 0.06423664 2.44981479 -0.60597693
v 0.06365586 2.4088087 -0.61998248
v 0.06682926 2.53069067 -0.57368856
v 0.06857471 2.56871056 -0.55363905
v 0.10295886 2.56374096 -0.55318272
v 0.10589575 2.59834694 -0.52969241
v 0.07060086 2.60396456 -0.53034013
v 0.14103521 2.59097242 -0.52865845
v 0.14455843 2.62139654 -0.50174176
v 0.1087071 2.62947058 -0.50293034
v 0.17983102 2.61186504 -0.49984663
v 0.18296511 2.63827085 -0.4697991
v 0.14738646 2.64840507 -0.47205174
v 0.21753212 2.6272242 -0.46665284
v 0.21929606 2.64991235 -0.43349564
v 0.18483609 2.66109013 -0.43710023
v 0.25268736 2.63859653 -0.42929101
v 0.25279483 2.65849661 -0.39357265
v 0.21964448 2.66946983 -0.39820238
v 0.28504967 2.64776897 -0.38870212
v 0.2836287 2.66567039 -0.35097008
v 0.25149762 2.6756649 -0.35612905
v 0.31523662 2.6558237 -0.34610983
v 0.31308484 2.67195367 -0.30718171
v 0.28117281 2.68112087 -0.31214001
v 0.3448897 2.66240835 -0.30291944
v 0.3436976 2.67666339 -0.26367986
v 0.31098115 2.68581295 -0.26797437
v 0.37567609 2.66671252 -0.25992316
v 0.37574634 2.67931747 -0.22030603
v 0.34313124 2.68879127 -0.22503338
v 0.40705105 2.66835641 -0.21708151
v 0.40811735 2.67933058 -0.17784744
v 0.37552732 2.69066023 -0.18184374
v 0.44112309 2.66407775 -0.17861801
v 0.44364917 2.67154407 -0.14168317
v 0.4087708 2.68857669 -0.14093811
v 0.47957584 2.65002274 -0.14822241
v 0.48223662 2.65438795 -0.11258664
v 0.44568869 2.67698526 -0.10691693
v 0.51731836 2.62914967 -0.12099707
v 0.51783251 2.631958 -0.08488701
v 0.48322773 2.65751934 -0.0782648
v 0.55035871 2.60481452 -0.09223205
v 0.54801064 2.60730695 -0.05537029
v 0.5162006 2.63439464 -0.04943712
v 0.57791316 2.57882595 -0.06164205
v 0.57285004 2.58136272 -0.02458693
v 0.54344469 2.60979914 -0.01930241
v 0.60068613 2.55194401 -0.02994917
v 0.59342336 2.55459308 0.00671075
v 0.56595635 2.5841403 0.01133384
v 0.61982595 2.524441 0.00227301
v 0.61114168 2.52707099 0.03814676
v 0.58501654 2.55746269 0.04196874
v 0.63629186 2.49659347 0.03496559
v 0.6267184 2.49913406 0.06991678
v 0.60180068 2.52979922 0.07252322
v 0.65187919 2.46919918 0.06835927
v 0.6415655 2.47160434 0.10264954
v 0.61691254 2.50166249 0.10346221
v 0.66747683 2.44341063 0.1033286
v 0.65617317 2.44560289 0.13729868
v 0.63118863 2.47392416 0.13568058
v 0.68300527 2.42035579 0.14092651
v 0.67054474 2.4221003 0.17483845
v 0.64477062 2.44752478 0.17024016
v 0.6983425 2.4003551 0.18160229
v 0.68473362 2.40110778 0.21554659
v 0.65817308 2.4234333 0.20796075
v 0.7122966 2.38149452 0.22500649
v 0.69592803 2.38210916 0.25879997
v 0.67058622 2.40199852 0.24860361
v 0.71894997 2.36578226 0.27210104
v 0.69356191 2.36923646 0.30658596
v 0.67535734 2.38531971 0.29287838
v 0.70857083 2.35541153 0.32202789
v 0.67864948 2.36108779 0.35503333
v 0.66533052 2.3759768 0.34009039
v 0.69257199 2.34764862 0.37141576
v 0.66129487 2.35232853 0.40261828
v 0.64850217 2.36757493 0.3869518
v 0.67497205 2.33853459 0.41942057
v 0.64258146 2.34183192 0.44908088
v 0.62991333 2.35701274 0.43268129
v 0.65530419 2.32681393 0.465976
v 0.62184846 2.32890415 0.49464124
v 0.61001193 2.34483265 0.47790309
v 0.63327771 2.31243538 0.51134443
v 0.59887206 2.31333661 0.53953969
v 0.58803212 2.33032536 0.52274739
v 0.6091479 2.29547071 0.55579793
v 0.57405006 2.29529404 0.58391082
v 0.56412148 2.31357193 0.56744098
v 0.58349114 2.27590942 0.59933227
v 0.5480529 2.27442264 0.62740981
v 0.53873378 2.29441428 0.61179274
v 0.55724984 2.25350332 0.64182627
v 0.52184152 2.24995923 0.66973763
v 0.51238787 2.27152538 0.65494239
v 0.53150475 2.22766661 0.68336772
v 0.49614349 2.22176861 0.71113669
v 0.48605456 2.24441623 0.69675123
v 0.50564652 2.19795513 0.72334754
v 0.46989208 2.19022083 0.75126379
v 0.46025466 2.21434521 0.7382853
v 0.4773224 2.16441178 0.76036638
v 0.44132217 2.15521073 0.78891539
v 0.43355345 2.18160343 0.77902919
v 0.44589313 2.12712812 0.7933619
v 0.40951085 2.11550593 0.82107657
v 0.40442413 2.14458465 0.81650269
v 0.41009193 2.0860486 0.81834614
v 0.37334221 2.07140898 0.8443976
v 0.37225085 2.10201835 0.84727144
v 0.36907702 2.04332494 0.83376681
v 0.33137837 2.02646827 0.85764575
v 0.33548393 2.05540967 0.86909359
v 0.32342577 2.00201273 0.84006238
v 0.28430485 1.98420906 0.86018109
v 0.29195058 2.00918173 0.87952905
v 0.27541881 1.96360349 0.83705925
v 0.2356618 1.9451847 0.85275095
v 0.24368463 1.96651363 0.87765705
v 0.22793388 1.92825794 0.82576602
v 0.18804594 1.90924477 0.83698892
v 0.19464969 1.92692184 0.86563217
v 0.18448728 1.89567494 0.80636519
v 0.14699891 1.87563288 0.81129717
v 0.14729297 1.89005792 0.84382891
v 0.15008679 1.86500525 0.77535277
v 0.1156262 1.84416604 0.77646356
v 0.10886757 1.85554814 0.81177866
v 0.15037077 1.85601544 0.73727035
v 0.11919072 1.83540415 0.73912549
v 0.08466719 1.81402838 0.73882925
v 0.07964697 1.82296192 0.77383637
v 0.07065471 1.83734643 0.80928933
v 0.06789518 1.85863006 0.84755045
v 0.10694999 1.87235343 0.84669476
v 0.07289986 1.88389706 0.88541972
v 0.11211128 1.89476287 0.88143634
v 0.15299829 1.90955174 0.8751707
v 0.11873586 1.92033386 0.91348063
v 0.16015005 1.93348383 0.90456527
v 0.20208689 1.94930779 0.89251393
v 0.1666108 1.96126437 0.92979133
v 0.20898839 1.97601783 0.91555178
v 0.25091397 1.99228715 0.89874333
v 0.21376687 2.00775241 0.93149775
v 0.25550055 2.02306175 0.91302418
v 0.29623547 2.03895711 0.89221155
v 0.25552937 2.05741357 0.91732704
v 0.29548436 2.07193207 0.89555907
v 0.33430263 2.0871644 0.87211811
v 0.28984341 2.10478544 0.88996011
v 0.32842466 2.11873531 0.86691892
v 0.36666607 2.1323328 0.84250843
v 0.31989073 2.14819145 0.85565114
v 0.35831397 2.16051864 0.83163809
v 0.39634448 2.17177867 0.80604326
v 0.3487885 2.18680191 0.81710755
v 0.38677179 2.19703698 0.79190647
v 0.42392063 2.20615959 0.76538038
v 0.37650704 2.22088646 0.77545476
v 0.41351649 2.22940945 0.74950766
v 0.44990861 2.23729062 0.72314661
v 0.40311276 2.25217342 0.73261553
v 0.43974173 2.25987339 0.70713955
v 0.47626507 2.26661729 0.68146997
v 0.42999222 2.28212785 0.69046068
v 0.46676278 2.28818774 0.66524744
v 0.50303751 2.29227948 0.63903677
v 0.45735588 2.30887436 0.64802563
v 0.4936048 2.31208419 0.62211054
v 0.52908021 2.31332564 0.59506601
v 0.48397594 2.33106923 0.60437578
v 0.51915717 2.33152866 0.57770311
v 0.55381518 2.33116626 0.55044865
v 0.509256 2.34965705 0.56017142
v 0.54350858 2.34883642 0.53346955
v 0.57703787 2.34718966 0.50600516
v 0.53356498 2.36709213 0.51686203
v 0.5664286 2.36475706 0.48979556
v 0.59843301 2.36131572 0.46172982
v 0.55620527 2.38304781 0.47412094
v 0.58742582 2.37889599 0.44642841
v 0.61799156 2.37351059 0.4173544
v 0.57628059 2.39657068 0.43145307
v 0.60605526 2.39020299 0.40258464
v 0.63591861 2.38329649 0.37215787
v 0.59387207 2.40715456 0.38851386
v 0.62244147 2.39896059 0.35821953
v 0.65021741 2.39139175 0.32632994
v 0.60785448 2.41636037 0.34546393
v 0.63271284 2.4090166 0.31383389
v 0.65381294 2.40416836 0.28138068
v 0.61393106 2.42974233 0.30323225
v 0.63124156 2.42591667 0.27181235
v 0.6454209 2.42428207 0.24025586
v 0.60995817 2.450814 0.26425397
v 0.62201756 2.44974041 0.23359626
v 0.63335067 2.44882512 0.20224514
v 0.6004439 2.47801995 0.22865052
v 0.61065769 2.47726798 0.19847481
v 0.62080103 2.47582531 0.16754549
v 0.58840918 2.50692462 0.19605387
v 0.59775221 2.50584363 0.16634784
v 0.60725784 2.5040431 0.1355797
v 0.57402026 2.53643655 0.16655854
v 0.58309513 2.53492403 0.13661195
v 0.59235703 2.53256607 0.10530591
v 0.55764836 2.56539583 0.13842046
v 0.56686192 2.56335091 0.10768179
v 0.57598316 2.56049203 0.07558386
v 0.53989708 2.59269857 0.11020083
v 0.54902887 2.59029436 0.07857856
v 0.55780887 2.58722829 0.04569429
v 0.52047133 2.6182754 0.08134525
v 0.52912312 2.61575651 0.04900627
v 0.53696954 2.61270856 0.01554893
v 0.49872541 2.64226007 0.05174375
v 0.50621497 2.63974762 0.01899552
v 0.51228684 2.63695907 -0.0147282
v 0.47386008 2.66470217 0.02149418
v 0.47925162 2.66243028 -0.01130721
v 0.48237928 2.66004467 -0.044547
v 0.44438654 2.68539857 -0.00930074
v 0.44656401 2.68341541 -0.04159996
v 0.44664174 2.68070149 -0.0739474
v 0.40984424 2.70384097 -0.04104338
v 0.40940526 2.70069026 -0.07348137
v 0.40893364 2.6957159 -0.10651733
v 0.37331986 2.71635055 -0.07638344
v 0.37348076 2.70980596 -0.11045159
v 0.374513 2.70103025 -0.14524266
v 0.33911702 2.72095227 -0.11537203
v 0.34076774 2.7109127 -0.15093186
v 0.34240871 2.69995737 -0.18752624
v 0.30694869 2.71920633 -0.15584869
v 0.30851358 2.70810842 -0.19233158
v 0.30958569 2.69732785 -0.22957579
v 0.27438342 2.71545529 -0.19647932
v 0.27603337 2.70530581 -0.23409521
v 0.27832457 2.69429707 -0.27283531
v 0.24285592 2.71290898 -0.23886643
v 0.24584481 2.70258283 -0.27809685
v 0.24899798 2.69023704 -0.31745398
v 0.21325555 2.71106457 -0.28339576
v 0.21636 2.69973802 -0.32271993
v 0.21859723 2.68593311 -0.36111939
v 0.18294978 2.70960068 -0.32737869
v 0.1847288 2.69651675 -0.36546495
v 0.18541815 2.68050169 -0.40218371
v 0.14973048 2.70704555 -0.36881721
v 0.15000458 2.69111681 -0.40520182
v 0.14920875 2.67157173 -0.4397456
v 0.11340247 2.7005577 -0.40706497
v 0.11255521 2.68076133 -0.44137916
v 0.11096553 2.65702056 -0.47342935
v 0.07522119 2.68778324 -0.44209826
v 0.07411284 2.66360974 -0.47413122
v 0.07256026 2.63566756 -0.5036298
v 0.07593785 2.70797944 -0.40788123
v 0.07619816 2.7242887 -0.37185853
v 0.11346779 2.71660757 -0.37090009
v 0.11278589 2.72925448 -0.33337661
v 0.07596642 2.73711729 -0.33454972
v 0.14847667 2.71967124 -0.33102339
v 0.14637562 2.72946119 -0.29221779
v 0.11133275 2.73873233 -0.29478257
v 0.18022483 2.72003698 -0.28828406
v 0.17696131 2.7281413 -0.24856331
v 0.14363405 2.73667621 -0.25273156
v 0.20987293 2.72026538 -0.24377338
v 0.20702599 2.72861218 -0.20459385
v 0.17395533 2.73515534 -0.20889566
v 0.24049 2.72219657 -0.20044395
v 0.23892588 2.73226165 -0.1630361
v 0.20517513 2.73766613 -0.16628374
v 0.27288967 2.7261908 -0.15973249
v 0.27145978 2.73729848 -0.12303108
v 0.23773793 2.74327993 -0.12588313
v 0.30523374 2.73006868 -0.11967923
v 0.30457785 2.73903822 -0.08330521
v 0.27085924 2.74708771 -0.08597129
v 0.33858889 2.72879719 -0.08005199
v 0.33889377 2.73369097 -0.04482793
v 0.30469077 2.74487185 -0.04703056
v 0.37378555 2.7202897 -0.04258243
v 0.37335002 2.72231435 -0.00934567
v 0.33857446 2.73631215 -0.01049851
v 0.40874111 2.70554542 -0.00871956
v 0.40552139 2.70644903 0.02365173
v 0.37098047 2.72318649 0.02356514
v 0.44001454 2.68693447 0.0230293
v 0.43409991 2.68781232 0.05528034
v 0.40059816 2.70669651 0.05608028
v 0.46699079 2.66640257 0.05385877
v 0.45937383 2.66721487 0.08576403
v 0.42733711 2.68778276 0.08728568
v 0.49047154 2.64397835 0.08376006
v 0.48190608 2.64464807 0.1150729
v 0.45150783 2.66689086 0.117205
v 0.51147377 2.61990475 0.11271939
v 0.50237029 2.62040925 0.1431635
v 0.47332191 2.64409542 0.14571553
v 0.53062939 2.59412527 0.14067228
v 0.52142089 2.59443855 0.16996479
v 0.49337434 2.61973333 0.17264682
v 0.54852825 2.56641292 0.16784665
v 0.53956604 2.56633806 0.19589214
v 0.51235699 2.59366226 0.19794967
v 0.56508493 2.53693866 0.19519209
v 0.55616885 2.5363636 0.22258806
v 0.53073597 2.56525921 0.22239854
v 0.57899451 2.50705313 0.22484836
v 0.56935221 2.50640511 0.25270444
v 0.54711699 2.53504085 0.24846784
v 0.58972591 2.4782505 0.25813657
v 0.57761251 2.47901845 0.2866587
v 0.55871677 2.50610613 0.27896523
v 0.59550637 2.45334291 0.29451796
v 0.57754707 2.45871257 0.32357385
v 0.56246244 2.48249101 0.31335845
v 0.59273046 2.43639779 0.33403351
v 0.56890904 2.44515872 0.36266762
v 0.55669772 2.46638512 0.35048061
v 0.5812971 2.42518568 0.37520575
v 0.55438828 2.43373584 0.40294182
v 0.54383516 2.45395946 0.38927903
v 0.56522762 2.41470909 0.41694831
v 0.53608322 2.42074656 0.44364625
v 0.52648645 2.44067525 0.42890352
v 0.54607147 2.40166187 0.45873934
v 0.51455986 2.40513682 0.48461028
v 0.50533092 2.42485165 0.46881878
v 0.52395969 2.38589906 0.50062757
v 0.49038061 2.38727188 0.52582633
v 0.48127025 2.40669226 0.50899118
v 0.49965426 2.3682034 0.54282605
v 0.46472978 2.36817312 0.56785702
v 0.45541593 2.38701295 0.54982882
v 0.47426921 2.34961938 0.58614951
v 0.43827122 2.34778022 0.61103433
v 0.42870488 2.36655473 0.59199136
v 0.44787806 2.32867384 0.62988168
v 0.41101041 2.32423973 0.65424722
v 0.40138497 2.34391665 0.6348735
v 0.42049801 2.30366134 0.672863
v 0.38348376 2.29716968 0.69707405
v 0.37387841 2.31852316 0.67792064
v 0.39313706 2.27490997 0.71522915
v 0.35620254 2.26712036 0.73939973
v 0.34657868 2.29014921 0.72068059
v 0.36613324 2.24391675 0.75762146
v 0.32865142 2.2352209 0.78148043
v 0.3190158 2.25878214 0.76234817
v 0.33874416 2.21159362 0.80011057
v 0.30045801 2.2014842 0.82278358
v 0.29077127 2.22606611 0.80339264
v 0.31032812 2.17567825 0.84053218
v 0.2716462 2.16388511 0.86174964
v 0.26198932 2.19078373 0.84312576
v 0.28126153 2.13547658 0.87796378
v 0.24231624 2.12288999 0.89855349
v 0.2328857 2.15212154 0.88113051
v 0.25063499 2.0914843 0.91164654
v 0.21038579 2.07863402 0.93133336
v 0.20279975 2.11084556 0.91768801
v 0.21446321 2.04337811 0.9368155
v 0.17266869 2.03040289 0.95434254
v 0.16924119 2.06668424 0.94917726
v 0.17139536 1.99383533 0.94771832
v 0.12849383 1.98236966 0.96104425
v 0.13007287 2.01951837 0.96933615
v 0.12423496 1.94916868 0.94091033
v 0.08228872 1.94039201 0.94870704
v 0.08537312 1.97444593 0.97053116
v 0.07825345 1.91061687 0.9195308
v 0.0868058 2.01198244 0.98077285
v 0.08506279 2.04967069 0.97609138
v 0.12738858 2.05654311 0.96438121
v 0.08051805 2.08438086 0.95907276
v 0.12139532 2.09039306 0.94884067
v 0.16239652 2.09965443 0.9348343
v 0.11458142 2.12157988 0.92720317
v 0.15439009 2.13002181 0.91461908
v 0.19389358 2.14064884 0.89885467
v 0.14650873 2.15901255 0.89181852
v 0.18507579 2.16913557 0.87755209
v 0.22356066 2.17998099 0.8613041
v 0.17713205 2.19705939 0.85492372
v 0.21489687 2.20697093 0.84002059
v 0.25278449 2.21662783 0.82291102
v 0.20729288 2.23361015 0.81757003
v 0.24433784 2.24201631 0.80176848
v 0.28163772 2.25033688 0.78332161
v 0.23650924 2.2682476 0.78027129
v 0.27287975 2.27538442 0.7632575
v 0.30970239 2.28276419 0.74304002
v 0.26426276 2.30079102 0.74301379
v 0.30035018 2.30630016 0.72329914
v 0.33694872 2.31237602 0.70110738
v 0.29088884 2.32899045 0.70260208
v 0.327212 2.33363056 0.68098032
v 0.3641518 2.33890628 0.65812748
v 0.31761917 2.35467839 0.6603468
v 0.35447281 2.3587737 0.63829451
v 0.39173966 2.36311888 0.61534726
v 0.34530401 2.37839078 0.61872065
v 0.38240283 2.3821485 0.59615886
v 0.41934147 2.38529777 0.57320588
v 0.3734287 2.40149927 0.57731092
v 0.41012814 2.40441894 0.55478978
v 0.44624823 2.40625619 0.53213715
v 0.40130794 2.42430567 0.53711581
v 0.43732416 2.42617321 0.51502358
v 0.47232759 2.42658639 0.49244755
v 0.42885649 2.44706869 0.49874135
v 0.46368652 2.44725513 0.47652912
v 0.49640333 2.4452598 0.45337766
v 0.45534795 2.46859836 0.46112126
v 0.48765617 2.46619916 0.43810272
v 0.51702171 2.46128034 0.41425621
v 0.47909951 2.48733067 0.42282933
v 0.50753593 2.48224782 0.39942893
v 0.53324091 2.47494149 0.37560093
v 0.49793118 2.50323844 0.38409534
v 0.52226841 2.49646592 0.36144721
v 0.54405611 2.48880529 0.33798682
v 0.51081043 2.51823282 0.34644514
v 0.52993321 2.51244878 0.32508146
v 0.54586511 2.50805401 0.30283093
v 0.52664619 2.53462839 0.29352468
v 0.53757369 2.5340569 0.27232429
v 0.50342267 2.56171274 0.28759366
v 0.51290774 2.56210279 0.26875722
v 0.52193772 2.56355428 0.24681446
v 0.48597842 2.58690261 0.27086916
v 0.49459338 2.58968162 0.24874156
v 0.50342601 2.59198284 0.22435516
v 0.46771979 2.61087179 0.25377315
v 0.47601628 2.61493587 0.22819495
v 0.48459577 2.61791324 0.20107233
v 0.44919326 2.6341567 0.23309987
v 0.45688611 2.63892912 0.20481969
v 0.46494439 2.64221882 0.17565102
v 0.42918396 2.65715813 0.2089765
v 0.43625623 2.66201329 0.17881768
v 0.44373446 2.66521358 0.14822603
v 0.40719187 2.67956113 0.18208006
v 0.41364249 2.68401217 0.15063454
v 0.42038694 2.6866095 0.1190342
v 0.38308563 2.70042038 0.15292964
v 0.38875952 2.70401978 0.120603
v 0.39476615 2.7060132 0.08839169
v 0.35678458 2.71924328 0.12200435
v 0.36184248 2.72192883 0.08920306
v 0.36688655 2.72316813 0.05643719
v 0.3286587 2.7356615 0.0898602
v 0.33298531 2.73723912 0.05655376
v 0.33657619 2.73736476 0.02314468
v 0.29885897 2.74912619 0.05654203
v 0.30217456 2.74934744 0.02260976
v 0.30415263 2.74804067 -0.01175622
v 0.26776191 2.75943183 0.02188673
v 0.26990997 2.75791978 -0.01310975
v 0.27074348 2.7540121 -0.04909757
v 0.23571077 2.76611089 -0.01468784
v 0.23689667 2.76161599 -0.05120538
v 0.23723764 2.75385665 -0.08848911
v 0.20304431 2.76757645 -0.05345473
v 0.20363208 2.75891208 -0.09096492
v 0.20411285 2.7480669 -0.12858456
v 0.17002308 2.76274824 -0.09353776
v 0.17056928 2.75211405 -0.1313683
v 0.17176878 2.74281501 -0.16975325
v 0.13715463 2.75582432 -0.13437603
v 0.13865497 2.74841356 -0.17344595
v 0.14087706 2.74242782 -0.21294301
v 0.10536517 2.75484824 -0.17677907
v 0.1071987 2.75036811 -0.21616822
v 0.10929851 2.7454977 -0.25555247
v 0.07231462 2.75805234 -0.21818327
v 0.07379783 2.75337576 -0.25732612
v 0.07512171 2.74661469 -0.29625439
v 0.0711054 2.76198339 -0.17914295
v 0.0701287 2.76557421 -0.14019551
v 0.10387668 2.76013684 -0.13755121
v 0.10280502 2.76744318 -0.09893649
v 0.06913537 2.76990723 -0.1016598
v 0.13641263 2.76542449 -0.09617914
v 0.13533258 2.77516269 -0.05857223
v 0.10149943 2.77676272 -0.06133706
v 0.16917938 2.77212762 -0.05590816
v 0.16726622 2.77754974 -0.01877862
v 0.13304066 2.78076696 -0.0212419
v 0.2014878 2.77255463 -0.0165787
v 0.19882015 2.77429795 0.01950143
v 0.16434615 2.77928209 0.01773383
v 0.23332238 2.76779961 0.02089008
v 0.23013082 2.76718401 0.05589193
v 0.19571751 2.77334952 0.05509186
v 0.26455313 2.75907731 0.05635441
v 0.26132381 2.75684833 0.09081082
v 0.22736814 2.76439428 0.09100244
v 0.29513168 2.7472794 0.09039647
v 0.29184779 2.74327158 0.12459212
v 0.25893187 2.75222921 0.12578326
v 0.32448053 2.73228645 0.12332317
v 0.32080268 2.7269628 0.1573185
v 0.28915888 2.73718452 0.15939109
v 0.3521597 2.71471929 0.15516983
v 0.34777367 2.7081604 0.18858112
v 0.31731748 2.71948647 0.1915977
v 0.37772041 2.69488763 0.18536429
v 0.37255537 2.68745851 0.21777415
v 0.34333533 2.69972825 0.22194993
v 0.40115076 2.67328739 0.213364
v 0.39542007 2.66528153 0.24427858
v 0.36740964 2.67820644 0.24977761
v 0.42252481 2.65065574 0.23859469
v 0.41622483 2.64241409 0.26734757
v 0.38980186 2.65545606 0.2743386
v 0.44191461 2.62788224 0.26031789
v 0.43544185 2.61971163 0.28657889
v 0.41059809 2.63222837 0.29549938
v 0.46017545 2.60539865 0.27776217
v 0.45448812 2.59784317 0.30021187
v 0.43059006 2.60908651 0.31243294
v 0.47830447 2.58351421 0.29040634
v 0.4512425 2.5870037 0.32300251
v 0.42802465 2.59514999 0.33816087
v 0.45151379 2.57099103 0.34699279
v 0.42783409 2.57731127 0.36406934
v 0.40287202 2.58557844 0.37727063
v 0.40362057 2.60422635 0.3506605
v 0.45613533 2.55065035 0.36997118
v 0.43034976 2.55637764 0.38883972
v 0.40375649 2.56405448 0.40359348
v 0.37774494 2.57274675 0.41452753
v 0.3772549 2.59491896 0.38768258
v 0.43469175 2.53424 0.41037115
v 0.40577423 2.54031658 0.42749983
v 0.37882626 2.54801392 0.44026488
v 0.35247746 2.55598568 0.45097023
v 0.35135862 2.58130407 0.42447894
v 0.40937227 2.51597809 0.44904553
v 0.38016331 2.5216341 0.46385282
v 0.35287508 2.52827167 0.47539827
v 0.32618895 2.53513693 0.4867717
v 0.3256877 2.56316733 0.46167475
v 0.38264319 2.49530267 0.48430621
v 0.35341835 2.49992799 0.49829378
v 0.32594585 2.50576424 0.51053726
v 0.29872828 2.51178169 0.52277219
v 0.29901897 2.5414319 0.49869614
v 0.35488185 2.47141647 0.52002036
v 0.32571339 2.47586917 0.53359389
v 0.2979905 2.48151707 0.54608035
v 0.27014946 2.48718309 0.55907684
v 0.27106437 2.51744794 0.53555268
v 0.3267377 2.44734931 0.55571746
v 0.29754352 2.45177221 0.56904071
v 0.26923194 2.45704841 0.58218759
v 0.24059298 2.46241188 0.59554219
v 0.24180989 2.49277377 0.5723167
v 0.29872983 2.42371988 0.59261
v 0.26918888 2.42767 0.60581141
v 0.2400355 2.43232083 0.61892885
v 0.21061492 2.43676185 0.63170594
v 0.21142679 2.46750116 0.6083976
v 0.27100884 2.40016531 0.6307401
v 0.24089032 2.40343284 0.64352512
v 0.2109965 2.40687751 0.65611743
v 0.18095359 2.40980672 0.66805565
v 0.1807495 2.44046855 0.64335304
v 0.24396073 2.37679243 0.67000621
v 0.21343866 2.37883305 0.68259418
v 0.18284811 2.38053035 0.69460028
v 0.15219613 2.38136243 0.70538818
v 0.150608 2.41180801 0.67860537
v 0.21741947 2.35151886 0.70980906
v 0.18615415 2.35147833 0.72162497
v 0.15495878 2.35034036 0.73172628
v 0.12388818 2.34818673 0.7394427
v 0.12160424 2.38104295 0.71398729
v 0.19039976 2.32152557 0.74764376
v 0.15837587 2.31827879 0.75703704
v 0.12652441 2.31449103 0.76366251
v 0.09488482 2.31075763 0.76778501
v 0.09280934 2.3456676 0.74467629
v 0.16192427 2.28573083 0.78081601
v 0.12918716 2.28085303 0.78753072
v 0.09701985 2.27673292 0.79215389
v 0.06492873 2.27357626 0.79490697
v 0.063281 2.30740094 0.76989346
v 0.13202497 2.24911737 0.81352829
v 0.09906823 2.24455189 0.81897473
v 0.06635256 2.24157238 0.82220506
v 0.10108374 2.21325755 0.84723186
v 0.06747174 2.21048259 0.85106998
v 0.10376755 2.18215465 0.8756299
v 0.06877616 2.17927861 0.88042432
v 0.10832273 2.15173029 0.90244424
v 0.07151871 2.14800238 0.90884286
v 0.07563852 2.11660385 0.93561887
v 0.13975739 2.18807077 0.86732542
v 0.13519451 2.21816015 0.84075611
v 0.17076779 2.22528457 0.8307631
v 0.16597583 2.25494694 0.80538976
v 0.20086124 2.26139044 0.7942599
v 0.19530305 2.29082346 0.77139955
v 0.22928623 2.29570698 0.75885582
v 0.22273963 2.3238666 0.73574399
v 0.25604331 2.32597947 0.72100985
v 0.24899205 2.35124993 0.69633799
v 0.28206166 2.351861 0.68025517
v 0.27530616 2.37517452 0.65633398
v 0.30916327 2.37556338 0.63944226
v 0.30258965 2.39832282 0.61649739
v 0.33699864 2.39883661 0.5986697
v 0.33044844 2.42150402 0.57766282
v 0.36522337 2.42204713 0.55882763
v 0.35872721 2.44510293 0.53984266
v 0.39332264 2.44560146 0.52015763
v 0.38680276 2.46943497 0.50317311
v 0.42106655 2.46921992 0.48305398
v 0.41442078 2.492105 0.46695864
v 0.4475165 2.49022364 0.44591701
v 0.44053262 2.51202511 0.42951414
v 0.47070235 2.50821781 0.40691465
v 0.46292173 2.52932548 0.38959869
v 0.48838004 2.52419185 0.36784055
v 0.06167849 2.34324741 0.74760663
v 0.06064374 2.3785541 0.72346329
v 0.09111077 2.37995505 0.72002112
v 0.0600659 2.41194725 0.69660151
v 0.0900906 2.41261124 0.69309282
v 0.12026681 2.41271472 0.6870898
v 0.09008969 2.44486331 0.66610604
v 0.120264 2.44444513 0.66065162
v 0.15054753 2.44304513 0.65308851
v 0.12125349 2.4768958 0.63590383
v 0.15161342 2.47499632 0.62892651
v 0.18175347 2.47185492 0.61975669
v 0.15306726 2.50640058 0.60438746
v 0.18321853 2.50287914 0.59568715
v 0.2128089 2.49815893 0.58480674
v 0.18436253 2.53277158 0.57041007
v 0.21394524 2.52803373 0.56018614
v 0.24286192 2.52286624 0.54837197
v 0.21413503 2.55700922 0.53418475
v 0.24299252 2.55227041 0.52311903
v 0.27127659 2.54710507 0.51100671
v 0.24157357 2.58008623 0.49593141
v 0.27012017 2.57515764 0.48464864
v 0.29823413 2.56956052 0.47302109
v 0.26763978 2.60111188 0.45663902
v 0.29625904 2.59552788 0.44572633
v 0.32423508 2.58896541 0.43483191
v 0.29367485 2.61891293 0.41720965
v 0.32236352 2.61213922 0.4070003
v 0.3503375 2.60412859 0.39719677
v 0.32151785 2.63260006 0.37847822
v 0.35043472 2.62383484 0.36939171
v 0.37804558 2.61393857 0.36041328
v 0.35266748 2.64054536 0.34098073
v 0.38054475 2.63009691 0.33247059
v 0.40617808 2.61964798 0.32324913
v 0.38469541 2.64383816 0.3038311
v 0.35691469 2.65477013 0.31146857
v 0.36209964 2.66727042 0.28099545
v 0.32765868 2.6647892 0.31840163
v 0.3331162 2.67792034 0.28707808
v 0.33848473 2.68955111 0.25484713
v 0.30320024 2.687258 0.29221412
v 0.30874815 2.69939541 0.25921079
v 0.31345474 2.71024656 0.22569881
v 0.27833816 2.70770144 0.2626802
v 0.28293588 2.71902442 0.22878199
v 0.28642329 2.72892212 0.19427742
v 0.25180381 2.7261908 0.23106755
v 0.25495088 2.73646497 0.19639779
v 0.25712868 2.74533486 0.161206
v 0.2229596 2.74226665 0.19782877
v 0.22474005 2.75155496 0.1625899
v 0.22586076 2.75906252 0.12676915
v 0.19193527 2.75578641 0.16336193
v 0.19269549 2.76379966 0.12740676
v 0.19354575 2.76987409 0.09103326
v 0.15937513 2.76637315 0.12756849
v 0.15984633 2.77320218 0.09079765
v 0.16143721 2.77774572 0.05400779
v 0.12645009 2.77429723 0.09040182
v 0.12748119 2.77956533 0.0527744
v 0.12998956 2.78195786 0.01567333
v 0.09414959 2.77930808 0.05171779
v 0.09600073 2.78298449 0.0135718
v 0.09895162 2.78249669 -0.02385435
v 0.06272167 2.78177619 0.01179621
v 0.06516519 2.78269004 -0.02642317
v 0.06773944 2.77728128 -0.06407121
v 0.06169731 2.77758312 0.05116463
v 0.0616282 2.77229166 0.09058599
v 0.09356553 2.77364635 0.09020458
v 0.09334859 2.76699042 0.12805569
v 0.06158392 2.76617455 0.12927652
v 0.12612097 2.76724743 0.12756377
v 0.1256041 2.75933289 0.16393491
v 0.09302245 2.75937604 0.16518695
v 0.15877777 2.75829005 0.16361799
v 0.15748645 2.74909591 0.19891029
v 0.12460962 2.75046777 0.19981101
v 0.1904138 2.74642944 0.19854652
v 0.18795472 2.73604822 0.23323363
v 0.15551057 2.73896694 0.23395755
v 0.22013105 2.73179245 0.23249113
v 0.21626102 2.72031998 0.26694881
v 0.18470102 2.72457861 0.26801171
v 0.24743899 2.71465158 0.26525056
v 0.24213986 2.70184159 0.29949358
v 0.2116597 2.70735025 0.30181515
v 0.27277427 2.69519901 0.29633173
v 0.29745701 2.67362046 0.32466852
v 0.26713392 2.68112731 0.33003062
v 0.23710298 2.68731212 0.33438566
v 0.20736093 2.69250178 0.33779472
v 0.2633084 2.66479539 0.36369353
v 0.23384024 2.67048025 0.36955207
v 0.20461618 2.6754558 0.37433016
v 0.17599137 2.67933702 0.37837016
v 0.17794844 2.69663286 0.34062635
v 0.23336485 2.65133714 0.40377262
v 0.20437485 2.65599012 0.4102734
v 0.17591226 2.65974998 0.41563302
v 0.14767369 2.66240692 0.4204452
v 0.14748024 2.68207907 0.38242387
v 0.20661366 2.63424325 0.44426167
v 0.17798697 2.63784027 0.45109182
v 0.14942443 2.64061021 0.45692306
v 0.12045105 2.64235925 0.46200025
v 0.1191165 2.66395235 0.42524546
v 0.18109086 2.61399459 0.48431137
v 0.15190403 2.61689448 0.49092716
v 0.12217631 2.61887836 0.49636545
v 0.09199984 2.62012147 0.50073707
v 0.09087128 2.64333796 0.46632123
v 0.15390603 2.59185743 0.52236872
v 0.12357778 2.59401655 0.52802693
v 0.09289021 2.59534788 0.53249633
v 0.06201555 2.59606242 0.53566086
v 0.06149333 2.62079191 0.50387966
v 0.12409312 2.56739473 0.55734342
v 0.09320868 2.56882381 0.56195515
v 0.0621705 2.56956958 0.56520545
v 0.09286233 2.54050779 0.58973312
v 0.06190604 2.54121422 0.59297078
v 0.0919763 2.51000595 0.61586368
v 0.06129462 2.51051402 0.61904466
v 0.09087827 2.47777175 0.64088821
v 0.06056274 2.47792029 0.64407706
v 0.06005259 2.44470739 0.66953575
v 0.12259831 2.508708 0.61102354
v 0.1236867 2.53899788 0.58497875
v 0.15421868 2.53647947 0.57863199
v 0.15463274 2.5650351 0.55141389
v 0.18469502 2.56146383 0.54376679
v 0.18362179 2.58861112 0.51517862
v 0.21273496 2.58453178 0.50623619
v 0.20997273 2.61034059 0.47636389
v 0.23876494 2.60604214 0.46707189
v 0.2354906 2.62985253 0.43638974
v 0.26458123 2.62476825 0.42724734
v 0.26262611 2.64606666 0.39618796
v 0.29221391 2.63982486 0.38747656
v 0.29338949 2.65799665 0.35651993
v 0.32332181 2.64996171 0.34889382
v 0.06081219 2.64380884 0.46958023
v 0.0602105 2.6649568 0.43321463
v 0.08991646 2.66468215 0.42970991
v 0.05986892 2.68413257 0.39541029
v 0.08947046 2.6841042 0.39163988
v 0.11871542 2.68359518 0.38702693
v 0.08963187 2.70134639 0.35293555
v 0.11927615 2.70092535 0.34824246
v 0.14864593 2.69950199 0.3439446
v 0.12045823 2.71613121 0.30975204
v 0.15069718 2.71466231 0.30605816
v 0.18114385 2.71167802 0.30366498
v 0.15312449 2.72758293 0.26946103
v 0.12183284 2.72910642 0.27229327
v 0.12324934 2.74041414 0.23574169
v 0.09098863 2.72955632 0.27626085
v 0.09175558 2.74086403 0.23889964
v 0.09247598 2.75078821 0.20199659
v 0.06081088 2.74068069 0.24234847
v 0.06113754 2.75044322 0.20483136
v 0.06139749 2.75886678 0.16724784
v 0.0604449 2.72942352 0.2800965
v 0.09022355 2.71651291 0.31423348
v 0.06008483 2.7163124 0.31826156
v 0.05985195 2.70120644 0.3569116
# The following MRGB block contains ZBrush Vertex Color (Polypaint) and masking output as 4 hexadecimal values per vertex. The vertex color format is MMRRGGBB with up to 64 entries per MRGB line.
#MRGB ffffffffffffffffffb2bbcafff7f8fafffefefeffffffffffffffffffffffffffffffffffffffffffffffffffffffffffffffffffffffffffffffffffffffffffffffffffffffffffffffffffffffffffffffffffb0b9c9ffadb6c7ffb1b9c9ffb5beccffb3bccbffb4bdccfff8f9fafffafbfcfff7f8f9fff2f4f6fff4f5f8fff1f2f5fffffffffffffffffffffffffffefefefffffffffffdfdfefffefefefffafbfbfffbfcfcfffcfcfdfffefefefffefefefffefefefffefefeffffffffffffffffffffffffffffffffffffffffffffffffffffffffffffffffffffffffffffffffffffffffffffffffffffffffffffffffffffffffffffffffffffffff
#MRGB fffffffffffefefefffefefefffffffffffffffffffffffffffefefefffefefefffffffffffffffffffffffffffefefefffefefefffffffffffffffffffffffffffefefefffefefefffffffffffffffffffffffffffefefefffefefefffffffffffffffffffffffffffefefefffefefefffffffffffffffffffffffffffffffffffefefefffffffffffffffffffffffffffffffffffefefefffffffffffffffffffffffffffffffffffffffffffefefefffefefefffefefefffffffffffffffffffefefefffefefefffefefefffefefefffefefefffefefefffefefefffefefefffdfefefffefefefffefefefffefefefffefefefffefefefffdfdfefffdfdfe
#MRGB fffefefefffefefefffefefefffefefefffefefefffcfcfdfffdfdfdfff9f9fafffafbfcfffbfcfcfff7f8f9fff8f9fafff9f9fbfffcfcfdfff9fafbfffcfcfdfff9fafbfffcfcfdfffafbfcfffcfdfdfffbfbfcfffdfdfdfffcfcfdfffdfefefffdfdfdfffefefefffdfefefffefefefffefefefffcfcfdfffdfdfdfffefefefffcfcfcfffdfdfdfffefefefffcfcfcfffdfdfdfffefefefffcfcfdfffdfdfefffefefefffcfcfdfffdfefefffefefefffcfdfdfffefefefffefefefffcfdfdfffefefefff9fafbfffcfcfdfff4f6f8fff8f8faffedeff2fff0f2f5fff3f5f7ffe6e9eeffe9ebf0ffebedf1fff5f6f8ffeceef2fff6f7f9ffedeff3fff7f8f9
#MRGB fffcfcfdfff7f8f9fffcfcfdfffefefefffcfcfdfffefefefffefefefffefefeffffffffffffffffffffffffffffffffffffffffffffffffffffffffffffffffffffffffffffffffffffffffffffffffffffffffffffffffffffffffffffffffffffffffffffffffffffffffffffffffffffffffffffffffffffffffffffffffffffffffffffffffffffffffffffffffffffffffffffffffffffffffffffffffffffffffffffffffffffffffffffffffffffffffffffffffffffffffffffffffffffffffffffffffffffffffffffffffffffffffffffffffffffffffffffffffffffffffffffffffffffffffffffffffffffffffffffffffffffffffffffffff
#MRGB ffffffffffffffffffffffffffffffffffffffffffffffffffffffffffffffffffffffffffffffffffffffffffffffffffffffffffffffffffffffffffffffffffffffffffffffffffffffffffffffffffffffffffffffffffffffffffffffffffffffffffffffffffffffffffffffffffffffffffffffffffffffffffffffffffffffffffffffffffffffffffffffffffffffffffffffffffffffffffffffffffffffffffffffffffffffffffffffffffffffffffffffffffffffffffffffffffffffffffffffffffffffffffffffffffffffffffffffffffffffffffffffffffffffffffffffffffffffffffffffffffffffffffffffffffffffffffffffff
#MRGB fffffffffffffffffffffffffffffffffffffffffffffffffffefefefffefefefffefefefffefefefffcfcfdfffcfdfdfff7f8f9fff8f8faffedeff3ffeff1f4ffe0e4eaffe2e6ebffd1d7e0ffd4d9e1ffc2c9d5ffc5ccd7ffb5becdffb8c0cfffabb5c6ffaeb7c8ffa4afc1ffa7b1c3ffa0abbeffa2adc0ff9da9bcffa0abbeff9ca8bbff9ea9bdff9ba7bbff9ca7bbff9aa6baff9aa6baff9aa6baff99a5b9ff9ca7bbff9ba6baffa1acbfffa0abbeffabb5c6ffaab4c5ffbac2d0ffb9c1cfffccd2dcffcdd3ddffe0e3e9ffe1e5ebffeff1f4fff1f3f6fff8f9fafffafbfcfffdfdfdfffefefefffefefeffffffffffffffffffffffffffffffffffffffff
#MRGB ffffffffffffffffffffffffffffffffffffffffffffffffffffffffffffffffffffffffffffffffffffffffffffffffffffffffffffffffffffffffffffffffffffffffffffffffffffffffffffffffffffffffffffffffffffffffffffffffffffffffffffffffffffffffffffffffffffffffffffffffffffffffffffffffffffffffffffffffffffffffffffffffffffffffffffffffffffffffffffffffffffffffffffffffffffffffffffffffffffffffffffffffffffffffffffffffffffffffffffffffffffffffffffffffffffffffffffffffffffffffffffffffffffffffffffffffffffffffffffffffffffffffffffffffffffffffffffffff
#MRGB fffffffffffffffffffffffffffffffffffffffffffffffffffffffffffffffffffffffffffffffffffffffffffffffffffffffffffffffffffffffffffffffffffffffffffffffffffffffffffffffffffffffffffffffffffffffffffffffffffffffffffffffffffffffffffffffffffffffffffffffffffffffffffffffffffffffffffffffffffffffffffffffffffffffffffffffffffffffffffffffffffffffffffffffffffffffffffffffffffffffffffffffffffffffffffffffffffffffffffffffffffffffffffffffffffffffffffffffffffffffffffffffffffefefefffefefefffcfcfdfffdfdfefff8f8fafff9f9fbfff1f2f5fff2f3f6
#MRGB ffe9ecf0ffebedf1ffe3e6ecffe4e7edffdee2e8ffdfe3e9ffd9dde5ffdadfe6ffd3d8e1ffd4d9e2ffcdd3ddffced4ddffc9cfdaffcad0dbffc9d0daffcad0dbffcfd4deffd0d5dfffdadee6ffdbdfe7ffe8ebefffeaecf1fff2f4f6fff5f6f8fff8f9fafffafbfcfffbfbfcfffcfcfdfffdfdfdfffdfdfefff7f8f9fffafafbfff0f2f5fff5f6f8ffe8eaefffeff1f4fff4f5f7ffe7e9eeffedeff3fff1f3f5ffe5e8edffebedf1ffeef0f3fff3f5f7fff0f1f4fff5f6f8fff0f2f5fff5f6f8fff1f3f6fff6f7f9fff3f4f6fff7f8f9fff4f6f8fff8f9fafff6f7f9fff9fafbfff8f9fafffbfbfcfffafbfbfff5f6f8fff8f8fafffafafbfff5f6f8fff7f8fa
#MRGB fffafafbfff4f6f8fff7f8fafffafbfcfff4f5f7fff7f8fafffafbfcfff4f5f7fff7f8f9fffafbfbfff3f4f6fff6f7f9ffeceef2fff1f2f5ffe4e7ecffe8ebefffdadfe6ffdee2e8ffe2e5ebffd2d7e0ffd6dbe3ffd9dee5ffc8ced9ffcbd1dbffcdd3ddffdce0e7ffcfd4deffdee2e9ffd1d6dfffe0e3eaffd3d7e0ffe1e5ebffd4d8e1ffe2e6ebffeff1f4ffe3e6ecffeff1f4fff7f8fafff0f1f5fff7f8fafffcfcfdfff7f8fafffcfcfdfffdfefefffefefefffefefefffefefefffefefefffefefefffefefeffffffffffffffffffffffffffffffffffffffffffffffffffffffffffffffffffffffffffffffffffffffffffffffffffffffffffffffff
#MRGB ffffffffffffffffffffffffffffffffffffffffffffffffffffffffffffffffffffffffffffffffffffffffffffffffffffffffffffffffffffffffffffffffffffffffffffffffffffffffffffffffffffffffffffffffffffffffffffffffffffffffffffffffffffffffffffffffffffffffffffffffffffffffffffffffffffffffffffffffffffffffffffffffffffffffffffffffffffffffffffffffffffffffffffffffffffffffffffffffffffffffffffffffffffffffffffffffffffffffffffffffffffffffffffffffffffffffffffffffffffffffffffffffffffffffffffffffffffffffffffffffffffffffffffffffffffffffffffffff
#MRGB fffffffffffffffffffffffffffffffffffffffffffffffffffffffffffffffffffffffffffffffffffffffffffffffffffffffffffffffffffffffffffffffffffffffffffffffffffffffffffffffffffffffffffffffffffffffffffffffffffffffffffffffffffffffffffffffffffffffffffffffffffffffffffefefefffffffffffefefefffefefefffdfdfefffefefefffbfbfcfffdfdfdfff6f7f9fffafafbffeff0f4fff4f5f7ffe3e6ecffe9ecf0ffd4d9e2ffdbdfe6ffc5cbd7ffccd2dcffb6becdffbdc4d2ffaab4c5ffb0b9c9ffa1acbfffa6b0c2ff9ba7bbff9faabdff99a5b9ff9ba7bbff99a5b9ff9aa6baff9ba7bbff9ba6baff9ea9bd
#MRGB ff9ca7bbffa1acbfff9da8bcffa3aec0ff9ea9bcffa6b0c2ffa0abbeffabb4c5ffa5afc1ffb2bbcaffaeb7c7ffbcc4d1ffbbc3d0ffc9cfdaffcbd1dbffd6dbe3ffdbe0e7ffe2e5ebffe9ebf0ffedeff3fff3f4f7fff6f7f8fffafafbfffbfcfcfffdfefefffefefefffefefeffffffffffffffffffffffffffffffffffffffffffffffffffffffffffffffffffffffffffffffffffffffffffffffffffffffffffffffffffffffffffffffffffffffffffffffffffffffffffffffffffffffffffffffffffffffffffffffffffffffffffffffffffffffffffffffffffffffffffffffffffffffffffffffffffffffffffffffffffffffffffffffffffffffff
#MRGB ffffffffffffffffffffffffffffffffffffffffffffffffffffffffffffffffffffffffffffffffffffffffffffffffffffffffffffffffffffffffffffffffffffffffffffffffffffffffffffffffffffffffffffffffffffffffffffffffffffffffffffffffffffffffffffffffffffffffffffffffffffffffffffffffffffffffffffffffffffffffffffffffffffffffffffffffffffffffffffffffffffffffffffffffffffffffffffffffffffffffffffffffffffffffffffffffffffffffffffffffffffffffffffffffffffffffffffffffffffffffffffffffffffffffffffffffffffffffffffffffffffffffffffffffffffffffffffffff
#MRGB fffffffffffffffffffffffffffffffffffffffffffffffffffffffffffffffffffffffffffffffffffffffffffffffffffffffffffffffffffffffffffffffffffffffffffffffffffffffffffffffffffffffffffffffffffffffffffffffffffffffffffffffffffffffffffffffffffffffffffffffffffffffffffffffffffffefffffefefefffefdfefffffefffffdfdfdfffdfdfefffcfdfdfffcfcfcfffdfdfdfffbfcfdfffafbfcfff9fafbfff7f9fafffafafbfff8f9fafff7f7f9fff4f6f8fff1f2f5fff5f6f8fff3f4f7fff0f2f5ffeceef2ffe7e9eeffeceef2ffeceef2ffe7eaefffe1e5eaffdbe0e7ffe2e5ebffe2e5ebffdce0e7ffd5dae2
#MRGB ffd0d5dfffd7dbe3ffd5dae2ffcfd4deffc9cfdaffc5ccd7ffccd2dcffc9cfdaffc3cad6ffbfc6d3ffbcc4d2ffc3c9d6ffbdc4d2ffb8c1cfffb6bfcdffb6becdffbbc3d1ffb3bccbffb1bacaffb0b9c9ffafb9c9ffb5beccffadb6c7ffabb5c6ffabb5c6ffabb5c6ffb0b9c9ffa7b2c3ffa7b1c3ffa8b2c3ffa9b3c4ffadb6c7ffa4aec1ffa4afc1ffa5b0c2ffa6b1c2ffaab4c5ffa1acbfffa2adbfffa4aec0ffa5afc1ffa8b3c4ff9faabeffa1acbfffa2adc0ffa4afc1ffa7b1c3ff9faabdffa0abbeffa2adc0ffa4afc1ffa6b0c2ff9faabeffa1acbfffa3adc0ffa3aec0ffa5afc1ffa1abbeffa2adbfffa3aec0ffa3aec0ffa3aec0ffa2adbfffa3aec0
#MRGB ffa3aec0ffa3aec0ffa2adc0ffa4afc1ffa5afc1ffa5afc1ffa5b0c2ffa3aec0ffa7b1c3ffa7b2c3ffa8b3c4ffaab3c4ffa5b0c2ffabb5c5ffacb6c7ffafb8c8ffb2bacaffabb5c5ffb1bacaffb5bdccffb9c1cfffbec6d3ffb6becdffbbc3d0ffc0c7d4ffc7cdd9ffced3ddffc4ccd7ffc7cdd8ffced3ddffd4d9e2ffdbdfe7ffd5dae2ffd2d7e0ffd9dde5ffdfe3e9ffe5e8edffe2e5ebffdbdfe6ffe1e4ebffe7eaefffebeef1ffeaecf1ffe2e6ecffe7eaefffedeff2ffe9ebf0ffeef0f3ffebeef1fff0f2f5ffeef0f3fff3f4f6fff1f3f6ffe9ecf0ffedeff3fff1f2f5ffe8eaefffeceef2fff0f2f5ffe6e9eeffebeef1fff0f1f4ffe5e8edffeaecf0
#MRGB ffeff0f4ffe2e6ebffe8eaefffdadee5ffdfe3e9ffd0d5dfffd5dae3ffc5cbd7ffcad0daffced4deffbec5d2ffc1c9d5ffc5ccd8ffb6becdffb9c1cfffbbc3d0ffaeb7c7ffb0b9c9ffb1bacaffbdc5d2ffb3bbcbffbfc6d3ffb4bccbffc1c8d4ffb5bdccffc3c9d5ffb6bfcdffc4cbd7ffb7bfceffc5ccd8ffb8c1cfffc6cdd8ffd5dae2ffc8ced9ffd6dbe3ffe4e7ecffd7dce4ffe5e7edfff0f2f5ffe5e8edfff0f2f5fff7f8fafffbfcfcfffcfcfdfffdfdfdfffdfdfdfffefefefffdfdfefffefefefffefefefffefefefffefefefffefefefffefefefffefefefffefefeffffffffffffffffffffffffffffffffffffffffffffffffffffffffffffffff
#MRGB ffffffffffffffffffffffffffffffffffffffffffffffffffffffffffffffffffffffffffffffffffffffffffffffffffffffffffffffffffffffffffffffffffffffffffffffffffffffffffffffffffffffffffffffffffffffffffffffffffffffffffffffffffffffffffffffffffffffffffffffffffffffffffffffffffffffffffffffffffffffffffffffffffffffffffffffffffffffffffffffffffffffffffffffffffffffffffffffffffffffffffffffffffffffffffffffffffffffffffffffffffffffffffffffffffffffffffffffffffffffffffffffffffffffffffffffffffffffffffffffffffffffffffffffffffffffffffffffff
#MRGB fffffffffffffffffffffffffffffffffffffffffffffffffffffffffffffffffffffffffffffffffffffffffffffffffffffffffffffffffffffffffffffffffffffffffffefefefffffffffffefefefffefefefffefefefffefefefffcfdfdfffdfefefff9fafbfffcfcfcfff4f5f7fff8f9faffeceef2fff1f3f6ffe1e4eaffe8ebefffd3d8e1ffdbdfe6ffc5cbd7ffccd2dcffb6bfcdffbdc5d2ffaab4c5ffb0b9c9ffa0abbeffa5afc1ff9aa6baff9da8bcff97a3b8ff99a4b9ff97a3b8ff98a4b8ff9aa6baff99a5b9ff9eaabdff9da8bcffa4afc1ffa1acbfffaab4c5ffa6b0c2ffafb8c8ffaab4c5ffb2bbcaffadb6c7ffb4bdccffb0b9c9ffb8c0ce
#MRGB ffb6becdffbdc5d2ffbdc5d2ffc4cbd6ffc6cdd8ffccd2dcffd1d6dfffd5dae2ffdbdfe7ffe0e4eaffe6e9eeffeaedf1fff0f2f5fff3f5f7fff8f9fafffafafbfffdfdfdfffefefefffefefefffefefeffffffffffffffffffffffffffffffffffffffffffffffffffffffffffffffffffffffffffffffffffffffffffffffffffffffffffffffffffffffffffffffffffffffffffffffffffffffffffffffffffffffffffffffffffffffffffffffffffffffffffffffffffffffffffffffffffffffffffffffffffffffffffffffffffffffffffffffffffffffffffffffffffffffffffffffffffffffffffffffffffffffffffffffffffffffffffffffff
#MRGB fffffffffffffffffffffffffffffffffffffffffffffffffffffffffffffffffffffffffffffffffffffffffffffffffffffffffffffffffffffffffffffffffffffffffffffffffffffffffffffffffffffffffffffffffffffffffffffffffffffffffffffffffffffffffffffffffffffffffffffffffffffffffffffffffffffffffffffffffffffefefffefefefffefdfdfffcfcfdfffcfcfdfffafbfcfff9fafbfff8f9fafff6f8f9fff6f6f8fff4f6f8fff2f4f7fff1f3f6ffeff1f4ffedeff2ffebedf1ffe8eaefffe7e9efffe2e5ecffdce0e7ffdce0e7ffd6dbe3ffcfd5deffd0d5dfffc8cfdaffc2c9d5ffc2c9d6ffbcc3d1ffb7bfceffb6becd
#MRGB ffb1bacaffaeb7c8ffacb6c6ffaab3c5ffa8b2c4ffa5b0c2ffa4afc1ffa3aec1ffa0acbfffa0abbeffa0acbfff9da9bcff9ea9bcff9faabdff9ca7bbff9da8bcff9ea9bdff9ba7bbff9ca8bcff9ea9bcff9ca7bbff9da9bcff9faabdff9da8bcff9faabdffa0acbfff9faabdffa1acbfffa3adc0ffa2adbfffa4aec1ffa6b0c2ffa6b0c2ffa8b2c3ffa9b3c4ffaab4c5ffadb6c7ffaeb8c8ffb0b9c9ffb3bccbffb6bfceffb7bfceffbbc3d1ffc1c8d4ffbfc7d4ffc5ccd7ffcbd1dbffc7ced9ffced3ddffd4d9e2ffcfd4deffd6dae3ffdce0e7ffd7dce4ffdee2e9ffe4e7edffe1e4eaffe6e9eeffe4e7ecffdadee6ffdee2e8ffe2e6ecffd7dbe4ffdbdfe7
#MRGB ffe0e4eaffd3d8e1ffd8dde5ffdde1e8ffd0d5dfffd5dae2ffc6cdd8ffcbd1dbffbdc5d2ffc1c8d5ffb5bdccffb7bfceffbac2d0ffaeb8c8ffb1bac9ffb3bccbffa8b3c4ffaab4c5ffacb5c6ffa3aec1ffa4afc1ffa5afc1ff9faabdff9faabdff9faabdffa6b1c2ff9faabeffa7b1c3ff9fabbeffa8b2c3ffa0abbeffa9b3c4ffa0abbeffa9b3c4ffa0abbeffaab4c5ffa1acbfffabb5c5ffa2acbfffacb5c6ffa3adc0ffadb6c7ffb9c1cfffafb8c8ffbbc3d1ffcacfdaffbec5d2ffcbd2dcffd9dee5ffcfd4deffdbe0e7ffe7eaefffdee2e9ffe9ecf0ffe2e5ebffeceef2ffe5e8edffeff0f4fff6f7f9fff1f2f5fff7f8fafffbfbfcfffafafbfff9fafb
#MRGB fffcfcfcfffafbfcfffcfdfdfffafbfcfffdfdfdfffbfcfcfffdfefefffcfcfdfffefefefffdfdfdfffefefefffefefefffefefefffefefeffffffffffffffffffffffffffffffffffffffffffffffffffffffffffffffffffffffffffffffffffffffffffffffffffffffffffffffffffffffffffffffffffffffffffffffffffffffffffffffffffffffffffffffffffffffffffffffffffffffffffffffffffffffffffffffffffffffffffffffffffffffffffffffffffffffffffffffffffffffffffffffffffffffffffffffffffffffffffffffffffffffffffffffffffffffffffffffffffffffffffffffffffffffffffffffffffffffffffffffff
#MRGB fffffffffffffffffffffffffffffffffffffffffffffffffffffffffffffffffffffffffffffffffffffffffffffffffffffffffffffffffffffffffffffffffffffffffffffffffffffffffffffffffffffffffffffffffffffffffffffffffffffffffffffffffffffffffffefefefffefefefffefefefffefefefffcfdfdfffdfdfefffafafbfffbfbfcfff5f6f8fff7f8f9ffedeff2fff0f2f5ffe3e6ebffe7e9eeffd6dbe3ffdbdfe6ffc8ced9ffcdd2ddffbac2d0ffbec6d3ffadb6c7ffb1bac9ffa3adc0ffa5b0c2ff9ba7bbff9da8bcff97a3b8ff98a4b9ff95a2b7ff96a2b7ff97a3b8ff97a3b8ff9ba6baff9aa6baffa0abbeffa0abbeffa7b1c3
#MRGB ffa6b0c2ffaeb8c8ffadb6c7ffb4bdccffb2bbcaffb7c0ceffb5beccffb9c1cfffb7bfceffbbc3d0ffbac2cfffbdc5d2ffbdc5d2ffc1c8d4ffc2c9d5ffc6ccd8ffc8cfdaffccd2dcffd0d6dfffd5dae2ffdadee6ffdee2e8ffe4e7edffe8ebefffeef0f3fff1f3f6fff6f7f9fff9f9fbfffcfcfdfffdfdfdfffefefefffefefefffffffffffffffffffffffffffffffffffffffffffffffffffffffffffffffffffffffffffffffffffffffffffffffffffffffffffffffffffffffffffffffffffffffffffffffffffffffffffffffffffffffffffefefefffefefefffefefefffefefefffdfdfefffcfcfcfffafafbfffdfdfdfffafafbfff7f8f9fff4f5f7
#MRGB fff3f4f7fff8f9faffeff1f4ffedeff3ffeceef2ffedeff2fff3f4f6ffe5e8edffe4e7edffe5e8edffe7eaeeffeef0f3ffdce0e7ffdee1e8ffe0e3e9ffe2e5ebffe9ecf0ffd6dbe3ffd8dde4ffdbdfe6ffdfe2e9ffe6e9eeffd1d7e0ffd3d8e1ffd7dce4ffdbe0e7ffe3e6ecffcdd3ddffd0d5dfffd4d9e2ffdadee6ffe1e5ebffc9cfdaffcdd3ddffd3d8e1ffdadfe6ffe2e5ebffc6cdd8ffccd2dcffd3d8e1ffdbdfe6ffe2e5ebffc5ccd7ffccd1dcffd3d8e1ffdadee5ffe1e5ebffc4cbd7ffcbd1dcffd2d7e0ffd7dce4ffdfe3e9ffc3cbd7ffc9cfdaffced4deffd1d7e0ffdbdfe6ffc1c8d4ffc5cbd7ffc7ced9ffc9cfdaffd3d9e1ffbcc4d1ffbec5d2
#MRGB ffbec6d3ffbfc6d3ffcbd1dbffb5beccffb5becdffb5becdffb6becdffc0c7d4ffaeb8c8ffadb7c8ffadb7c7ffafb8c8ffb7c0ceffa9b3c4ffa8b2c4ffa9b2c4ffaab4c5ffb1bacaffa5b0c2ffa5afc2ffa5b0c2ffa7b1c3ffadb6c7ffa4aec1ffa3aec0ffa4aec1ffa5b0c2ffaab4c5ffa3adc0ffa2adc0ffa3adc0ffa3aec1ffa8b2c3ffa1acbfffa1acbfffa0abbeffa0abbeffa4afc1ffa0abbeff9ea9bcff9da8bcff9ca7bbffa0abbeff9ca8bcff9ba6baff99a5b9ff97a4b8ff9ba6bbff9aa6baff98a4b9ff97a2b7ff96a2b7ff97a3b8ff99a5b9ff98a3b8ff97a3b8ff96a2b7ff95a1b6ff9ca7bbff9ba6baff9aa6baff9aa5baff95a2b7ff96a2b7
#MRGB ff94a0b6ff94a1b6ff99a5baff99a5baff96a2b7ff96a2b7ff94a0b6ff94a0b6ff9aa5baff9aa5baff96a2b7ff96a2b8ff95a1b6ff94a1b6ff9aa6baff9aa6baff97a3b8ff98a4b9ff96a2b7ff95a2b7ff9ba6baff9ba6bbff98a5b9ff9ea9bdff9ea9bdff9ca7bbffa3adc0ffa2adc0ff9eaabdffa8b2c3ffa7b1c3ffa3adc0ffadb7c7ffadb6c7ffa7b1c3ffb3bccbffb2bccbffacb6c7ffbbc3d0ffb9c1cfffb8c0cfffb2bbcbffc3cad6ffc0c7d4ffbec6d3ffbec5d2ffb8c1cfffc8ced9ffc5ccd8ffc4cad6ffc3cad6ffbdc5d2ffccd2dcffcad0dbffc9cfdaffc2c9d5ffd1d6dfffd3d8e1ffcfd5deffcbd1dbffbbc3d0ffbdc5d2ffb6bfcdffb8c1cf
#MRGB ffb8c1cfffb3bccbffaeb8c8ffadb7c7ffabb5c6ffa9b3c4ffa8b2c3ffa6b0c2ffa4afc1ffa3aec0ffa1acbfffa0abbeff9faabdff9ea9bcff9ca8bcff9ca8bbff9ba7bbff9aa6baff99a5b9ff99a5b9ff98a4b9ff97a3b8ff98a4b8ff97a3b8ff96a2b7ff96a3b8ff96a2b7ff95a1b7ff95a1b7ff95a1b7ff94a1b6ff95a2b7ff94a0b6ff95a2b7ff94a1b6ff96a2b8ff94a1b6ff97a3b8ff95a1b6ff98a4b9ff95a1b7ff99a5b9ff96a2b7ff9aa5baff9da9bcff9faabdff9faabeffa5afc1ffa5b0c2ffa5afc2ffacb5c6ffabb5c6ffaab4c5ffb2bbcbffb0bac9ffaeb7c7ffb9c1cfffb5becdffb1bacaffbec6d3ffb9c1d0ffb4bdccffc3cad6ffbec6d3
#MRGB ffbac2d0ffc9cfdaffc5ccd8ffc2c9d5ffd0d6dfffced3ddffccd2dcffd8dce4ffd6dbe3ffd5dae3ffe0e3e9ffdee2e9ffdde1e8ffe6e9eeffe5e8eeffe3e6ebffebedf1ffeaecf0ffe7e9eeffeff1f4ffeceef2ffe8eaeffff2f3f6ffeef0f3ffe9ebf0fff3f4f7ffeff0f4ffe8ebf0fff4f5f7ffeff0f4ffe8ebf0fff4f5f8ffeff1f4ffeaecf1fff5f6f8fff0f2f5ffedeff3fff6f7f9fff2f4f6fff0f2f5fff7f8f9fff5f6f8fff4f5f7fff9f9fbfff8f9fafff7f8fafffbfbfcfffbfbfcfffcfcfdfffdfdfefffefefefffefefefffefefeffffffffffffffffffffffffffffffffffffffffffffffffffffffffffffffffffffffffffffffffffffffff
#MRGB ffffffffffffffffffffffffffffffffffffffffffffffffffffffffffffffffffffffffffffffffffffffffffffffffffffffffffffffffffffffffffffffffffffffffffffffffffffffffffffffffffffffffffffffffffffffffffffffffffffffffffffffffffffffffffffffffffffffffffffffffffffffffffffffffffffffffffffffffffffffffffffffffffffffffffffffffffffffffffffffffffffffffffffffffffffffffffffffffffffffffffffffffffffffffffffffffffffffffffffffffffffffffffffffffffffffffffffffffffffffffffffffffffffffffffffffffffffffffffffffffffffffffffffffffffffffffffffffff
#MRGB fffffffffffffffffffffffffffefefefffffefffffffffffffefefefffdfdfdfffdfefefffdfdfefffcfcfdfffbfbfdfffafbfcfff9fafbfff8f8fafff7f8fafff7f8f9fff5f6f8fff4f5f7fff3f5f7fff1f4f6fff0f2f5ffeff0f4ffeff1f4ffeceff3ffebedf1ffe9ebf0ffe8ebefffe7e9eeffe4e8edffe1e4eaffe1e4eaffdfe2e9ffdbdfe6ffd6dbe3ffd7dce4ffd4d9e1ffcfd4deffc9cfdaffccd2dcffc7cdd9ffc1c9d5ffbbc3d1ffbfc7d4ffbbc2d0ffb5becdffb0b9c9ffb3bccbffafb8c8ffabb5c6ffa7b2c3ffa9b3c4ffa5b0c2ffa3aec0ffa1acbfffa0abbeff9faabdff9ea9bdff9ea9bcff9ba7bbff9ba6bbff9ba7bbff9ba7bbff99a4b9
#MRGB ff99a5b9ff9aa5baff9aa6bbff98a4b9ff99a5b9ff9aa6baff9ba6bbff98a4b9ff99a5baff9ba6baff9ca7bbff9aa5baff9aa6bbff9ca7bbff9da9bcff9ba7bbff9da8bcff9ea9bdffa0abbeff9ea9bcff9faabdffa1acbfffa3aec1ffa1acbfffa3adc0ffa5b0c2ffa8b2c3ffa5afc1ffa8b2c3ffaab4c5ffadb7c7ffaab4c5ffadb7c7ffb0b9c9ffb3bccbffa7b2c3ffa3aec0ff9faabdff9ca8bbff9aa6baff98a4b9ff97a3b8ff97a3b8ff99a5b9ff97a3b8ff99a5baff97a3b8ff9aa6baff97a3b8ff9ba7bbff98a4b9ff9da8bcff98a4b9ff9faabdff9aa6baffa0abbeff9ba7bbffa2adbfff9ca8bcffa3aec1ffa9b3c4ffaab4c5ffabb5c6ffb2bbca
#MRGB ffb3bcccffb4bccbffbcc4d1ffbcc4d2ffbbc3d1ffc6ccd8ffc5ccd7ffc3cad6ffcfd4deffcdd3ddffc8cfdaffd6dbe3ffd3d8e1ffced4deffdde0e7ffd9dde5ffd4d9e2ffe2e5ebffdde2e8ffdadee5ffe5e9eeffe3e6ecffe0e4eaffe9ecf0ffe8eaefffe7eaefffedeff3ffedeef2ffeceef2fff1f2f5fff1f2f5fff0f2f5fff5f5f8fff4f5f8fff3f5f7fff8f8fafff7f8f9fff6f7f9fffafafbfff9f9fbfff7f8fafffbfcfdfffafbfcfff8f9fafffdfdfdfffbfcfdfff9f9fbfffdfefefffcfcfdfff9fafbfffefefefffcfcfdfffafafcfffefefefffcfdfdfffafafbfffdfdfefffcfcfdfffbfcfcfffdfdfefffdfdfdfffdfdfdfffefefefffefefe
#MRGB fffefefefffefefefffffffffffffffffffffffffffffffffffffffffffffffffffffffffffffffffffffffffffefefefffefefefffefefefffefefefffefefefffefefefffffffffffefefefffffffffffffffffffffffffffffffffffffffffffffffffffffffffffffffffffffffffffffffffffffffffffefefffffffffffffffffffffdfdfefffefefefffffffffffcfcfdfffdfdfdfffefefefffafbfcfffbfbfcfffdfdfefff8f8fafff8f8fafffbfbfcfff5f6f8fff5f7f9fff9fafbfff2f3f6fff3f4f7fff7f8faffeef1f4fff1f2f5fff4f5f7ffeceef2ffeef0f4fff3f4f7ffe9ebf0ffecedf1fff1f3f5ffe4e8edffe7eaeeffedeff3ffe0e3ea
#MRGB ffe1e4eaffe8ebefffd8dde5ffd7dce4ffe0e3eaffcfd4deffced3ddffd6dbe3ffc5ccd7ffc4cad6ffccd2dcffbac2d0ffb9c1cfffc2c9d5ffb0bac9ffaeb7c8ffb6bfcdffa7b1c3ffa5afc2ffacb5c6ffa9b3c4ffb0b9c9ffb4bcccffa3adc0ffa0abbeffa6b0c2ffa3aec0ffadb6c7ff9ea9bdff9da8bcffb7c0ceffc4cad6ffbcc3d1ffc7ced9ffbfc6d3ffcad1dbffd0d5deffd2d8e1ffd5dae2ffdadee6ffdce1e8ffdee2e9ffe3e6ecffe5e8edffe7eaefffeaedf1ffeceef2ffedeff3fff0f2f5fff1f3f6fff2f3f6fff5f6f8fff6f6f8fff4f5f8fff8f9fafff7f9fafff6f7f9fffbfbfcfffafafcfff8f9fafffcfcfdfffbfbfcfffafafbfffdfdfe
#MRGB fffdfdfdfffcfcfcfffefefffffefefefffdfdfeffffffffffffffffffffffffffffffffffffffffffffffffffffffffffffffffffffffffffffffffffffffffffffffffffffffffffffffffffffffffffffffffffffffffffffffffffffffffffffffffffffffffffffffffffffffffffffffffffffffffffffffffffffffffffffffffffffffffffffffffff9da8bcffa5afc1ffa0abbeffa7b1c3ffb1bacaffaab4c5ffb5bdccffc1c8d5ffb9c1cfffc5ccd7ffd2d7e0ffc9d0daffd5dae3ffced4ddffd9dee6ffd3d8e1ffdde1e8ffe8eaefffe1e5ebffebedf1fff3f4f7ffeef0f3fff5f6f8fff1f2f5fff7f8f9fff3f4f7fff9f9fbfff6f7f9fffafbfc
#MRGB fff8f9fafffbfbfcfff9fafbfffcfcfdfffefefefffdfdfdfffefefefffefefefffefefefffefefeffffffffffffffffffffffffffffffffffffffffffffffffffffffffffffffffffffffffffffffffffffffffffffffffffffffffffffffffffffffffffffffffffffffffffffffffffffffffffffffffffffffffffffffffffffffffffffffffffffffffffffffffffffffffffffffffffffffffffffffffffffffffffffffffffffffffffffffffffffffffffffffffffffffffffffffffffffffffffffffffffffffffffffffffffffffffffffffffffffffffffffffffffffffffffffffffffffffffffffffffffffffffffffffffffffffffffffffff
#MRGB fffffffffffffffffffffffffffffffffffffffffffffffffffffffffffffffffffefefefffefefefffdfdfefffefefefffbfcfcfffcfcfdfff7f8fafff8f9fafff1f3f6fff3f4f6ffe9ebf0ffebedf1ffdee2e8ffe0e3eaffd1d7e0ffd3d8e1ffc4cbd6ffc5ccd7ffb7bfcdffb7bfceffabb5c6ffabb5c6ffa2adbfffa1acbfff9ba7bbff9ba6baff97a3b8ff97a3b8ff96a2b7ff96a2b7ff98a4b8ff97a3b8ff9ca7bbff9ba7bbffa1acbfffa1acbfffa8b2c3ffa8b2c3ffafb8c8ffafb8c8ffb6becdffb5becdffbac2d0ffb9c1cfffbdc4d2ffbbc3d1ffbec5d2ffbdc4d2ffbfc6d3ffbec6d3ffc0c8d4ffc1c8d4ffc3cad6ffc4cbd7ffc7cdd9ffc9d0da
#MRGB ffcdd2dcffd0d6dfffd4d9e1ffd9dde5ffdde1e7ffe2e5ebffe6e9eeffeceef2fff0f1f4fff5f6f8fff7f8fafffbfbfcfffcfcfdfffefefefffffffffff3f4f7ffebedf1ffe7eaeeffe1e5ebffdee2e8ffdce0e7ffd6dae3ffd4d9e2ffd5dae2ffced4ddffcfd4deffd0d5dfffcad0dbffcbd1dbffccd2dcffc7cdd9ffc7cdd9ffc7cdd9ffc3cad6ffc2c9d5ffc3cad6ffbfc6d3ffbec5d3ffc0c7d4ffbac2d0ffbbc3d0ffbfc6d3ffb6bfcdffb9c1cfffbdc5d2ffb3bccbffb7c0ceffbcc4d1ffb1bacaffb5becdffb9c1cfffafb8c8ffb2bbcbffb4bdccffadb7c7ffafb8c8ffafb8c8ffabb5c6ffabb5c6ffaab4c5ffabb4c5ffa9b3c4ffa7b1c3ffabb4c5
#MRGB ffa8b2c4ffa5b0c2ffaab4c5ffa7b1c3ffa4afc1ffaab4c5ffa6b0c2ffa3aec0ffa8b3c4ffa4afc1ffa2acbfffa6b1c3ffa2adbfff9faabdffa3aec1ff9fabbeff9ca8bcffa2adbfff9ea9bdff9ba7bbffa3adc0ffa6b1c3ffaeb8c8ffabb5c6ffb3bccbffbdc5d2ffb9c1cfffc2cad6ffbfc7d3ffc8cfdaffc6ccd8ffced3ddffd8dce4ffd4d9e2ffdce1e8ffe5e8eeffe1e5ebffe9ecf0ffe5e9eeffedeff3ffe9ecf1fff0f2f5ffeceff2fff2f4f7ffedf0f3fff4f5f7ffeff0f4fff5f6f8fffafbfcfff5f7f8fffbfbfcfffdfdfdfff9fafbfffdfdfdfffefefefffcfcfdfffefefefffefefefffefefefffefefefffffffffffefefeffffffffffffffff
#MRGB fffefefefffffffffffffffffffffffffffffffffffffffffffffffffffffffffffffffffffffffffffffffffffffffffffffffffffffffffffffffffffffffffffffffffffffffffffffffffffffffffffffffffffffffffffffffffffffffffffffffffffffffffffffffffffffffffffffffffffffffffffffffffffffffffffffffffffffffffffffffffffffffffffffffffffffffffffffffffffffffffffffffffffefefefffefefefffdfdfefffdfdfefffbfbfcfffbfbfcfff7f8f9fff7f8f9fff0f2f5fff1f2f5ffe8ebefffe8ebefffdde1e8ffdde1e8ffd1d7e0ffd1d6dfffc5ccd7ffc4cbd6ffb9c1cfffb7c0ceffaeb8c8ffacb6c6ffa5b0c2
#MRGB ffa3aec0ff9ea9bdff9ca8bcff9aa5baff98a4b9ff97a3b8ff97a3b8ff98a4b8ff98a4b8ff9ba6baff9ba7bbffa0abbeffa0abbeffa6b0c2ffa7b1c3ffadb7c7ffaeb7c8ffb5bdccffb5becdffbbc3d1ffbbc3d0ffbfc6d3ffbec5d2ffc1c8d4ffbfc7d3ffc2c9d5ffc0c7d4ffc2c9d5ffc1c8d4ffc3cad6ffc3cad6ffc5ccd8ffc6ccd8ffc9cfdaffcad0dbffcfd4deffd0d6dfffd8dde4ffc9cfdaffc6cdd8ffc7cdd8ffc4cbd7ffc5ccd7ffc5cbd7ffc4cbd7ffc3cad6ffc1c8d4ffc2c9d5ffbfc6d3ffbcc3d1ffbdc5d2ffb9c1cfffb6bfcdffb6becdffb2bbcbffb2bbcaffaeb7c7ffadb7c7ffaeb8c8ffa8b2c4ffa9b3c4ffacb6c6ffa5afc2ffa7b2c3
#MRGB ffaab4c5ffa4afc1ffa7b1c3ffaab4c5ffa6b1c3ffa9b3c4ffabb4c5ffabb5c6ffadb6c7ffacb6c6ffb2bbcaffb1bacaffaeb7c8ffb7bfceffb3bccbffaeb8c8ffb8c0ceffb2bbcaffadb7c7ffb6bfcdffb1bac9ffabb5c6ffb4bdccffaeb7c8ffa9b3c4ffb2bbcaffacb6c6ffa6b1c3ffb1bacaffb8c0ceffb9c1cfffbec5d3ffbfc7d4ffc5ccd8ffccd2dcffcbd2dcffd2d7e0ffdadee5ffd8dce4ffdee2e8ffdce0e7ffe2e6ecffdee3e9ffe5e8edffe0e3e9ffe7e9eeffe0e3eaffe8eaefffdfe3e9ffe7eaefffeff1f4ffe6e9eeffeeeff3fff5f6f8ffeceef2fff3f5f7fff8f9fafff1f2f5fff7f8f9fffbfcfcfff5f6f8fffafbfcfffdfdfefff9fafb
#MRGB fffdfdfdfffefefefffcfcfdfffefefefffefefefffefefefffefefefffffffffffffffffffffffffffffffffffffffffffffffffffffffffffbfcfcfff8f9fafff7f8fafff2f4f6fff1f3f5ffeaedf1ffe9ebf0ffe1e4eaffdfe2e9ffd7dbe3ffd4d9e1ffcbd1dcffc8ced9ffc0c7d4ffbcc4d1ffb5becdffb1bacaffacb5c6ffa8b2c4ffa4aec1ffa1abbeff9ea9bcff9ba7bbff9aa5baff98a4b9ff98a4b9ff98a4b9ff9aa6baff9aa6baff9ea9bdff9faabdffa4afc1ffa5b0c2ffabb5c6ffadb6c7ffb3bccbffb4bdccffbac2d0ffbbc3d1ffc0c7d4ffc0c7d4ffc2c9d5ffc2c9d5ffc3cad6ffc3cad6ffc4cbd6ffc0c8d4ffbdc5d2ffbac2d0ffb8c0ce
#MRGB ffb4bdccffb1bacaffaeb7c7ffabb5c6ffa8b2c4ffa5b0c2ffa4aec0ffa4aec1ff9faabdffa0abbeffa2adbfff9ea9bcffa0abbeffa3aec0ffa1acbfffa5afc1ffa8b3c4ffaab4c5ffaeb7c7ffb1bac9ffb5becdffb8c0ceffb8c1cfffbfc7d4ffbfc7d3ffbcc4d2ffc6ccd7ffc2c9d5ffbcc4d2ffc7ced9ffc1c8d5ffbbc2d1ffc6cdd8ffccd2dcffd1d7e0ffd0d5dfffd6dae3ffd2d7e0ffd8dde5ffd2d8e1ffd9dee5ffd1d7e0ffd9dde5ffcfd4deffd8dce4ffccd2dcffd5dae2ffdee2e8ffd2d7e0ffdbdfe6ffe4e7ecffd8dce4ffe1e5ebffeaecf1ffdee2e9ffe7e9eeffeff0f4ffe4e7ecffeceff2fff4f5f7ffdadee6ffd4d9e2ffd0d6dfffcad0db
#MRGB ffc5ccd8ffbfc6d3ffbac2d0ffb5beccffb0bac9ffacb5c6ffa8b2c3ffa4aec1ffa1acbfff9ea9bdff9ca7bbff9ba6baff9aa5baff9aa6baff9aa6baff9da8bcff9da9bcffa2adbfffa3aec0ffa7b2c3ffaab4c5ffb1bacaffa0abbeff9ca8bbff9ca8bcff9aa6baff9ca7bbff9ea9bdff9eaabdffa1acbfffa5b0c2ffa8b2c3ffacb6c6ffb1bacaffb5bdccffbac2cfffbec5d2ffc2c9d5ffc5ccd8ffc6cdd8ffccd2dcffcdd2ddffcbd1dbffcad0dbffbec5d2ffc7cdd8ffb9c1cfffc2cad6ffb5bdccffbfc6d3ffc8ced9ffbac2d0ffc3cad6ffced3ddffb0b9c9ffabb5c6ffa8b2c3ffa4aec1ffa0abbeff9ca8bcffb0b9c9ffe8eaefffe3e6ecffdce0e7
#MRGB ffdce0e7ffd4d9e2ffccd2dcffcbd1dbffc2c9d5ffbbc3d0ffb8c0cfffb2bbcaffaeb7c8ffabb4c5ffa7b2c3ffa6b0c2ffa2adc0ffa2acbfffa2adc0ff9faabeffa0abbeffa1acbfff9fabbeffa1acbfffa3adc0ffa2adbfffa4aec1ffa5afc1ffa6b0c2ffa7b1c3ffa7b1c2ffaab4c5ffaab3c5ffa9b3c4ffadb7c7ffacb6c6ffaab4c5ffb0bacaffafb8c8ffacb6c6ffb3bccbffb0bacaffafb8c8ffb6becdffb4bcccffb2bbcaffb9c1cfffb7c0ceffb6becdffbdc5d2ffbbc3d1ffbbc3d1ffc2c9d5ffc1c8d5ffc2c9d5ffc8ced9ffc8cfdaffc9cfdaffcfd4deffd0d5dfffd2d7e0ffd6dbe3ffd8dde4ffdde0e7ffdfe3e9ffe2e6ecffe7eaeeffe9ebf0
#MRGB ffedeef2fff0f2f5fff1f3f6fff5f6f8fff8f9fbfff9fafbfffbfbfcfffdfcfdfffdfdfdfffefefefffefefefffefffffffffffffffffffffffffffffffefefefffefefeffffffffffffffffffffffffffffffffffffffffffffffffffffffffffffffffffffffffffffffffffffffffffffffffffffffffffffffffffffffffffffffffffffffffffffffffffffffffffffffffffffffffffffffffffffffffffffffffffffffffffffffffffffffffffffffffffffffffffffffffffffffffffffffffffffffffffffffffffffffffffffffffffffffffffffffffffffffffffffffffffffffffffffffffffffffffffffffffffffffffffffffffffffffff
#MRGB ffffffffffffffffffffffffffffffffffffffffffffffffffffffffffffffffffffffffffffffffffffffffffffffffffffffffffffffffffffffffffffffffffffffffffffffffffffffffffffffffffffffffffffffffffffffffffffffffffffffffffffffffffffffffffffffffffffffffffffffffffffffffffffffffffffffffffffffffffffffffffffffffffffffffffffffffffffffffffffffffffffffffffffffffffffffffffffffffffffffffffffffffffffffffffffffffffffffffffffffffffffffffffffffffffffffffffffffffffffffffffffffffffffffffffffffffffffffffffffffffffffffffffffffffffffffffffffffff
#MRGB fffffffffffffffffffffffffffffffffffffffffffffffffffffffffffffffffffffffffffffffffffffffffffffffffffffffffffffffffffffffffffffffffffffffffffefefefffefefefffffffffffcfcfdfffafbfcfffdfdfefff6f7f9fff4f5f7fff9f9fbffeef0f3ffebeef2fff2f4f6ffe5e8edffe3e6ecffe9ecf0ffdce0e7ffdbdfe7ffe1e4eaffd5d9e2ffd4d9e1ffdadee6ffced4deffcfd4deffd4d9e2ffc8cfdaffc9cfdaffcfd5deffc3cad6ffc5ccd7ffcbd1dcffbfc6d3ffc1c8d5ffc7ced9ffbbc3d1ffbdc5d3ffc3cad6ffb8c1cfffbac2d0ffc0c7d4ffb5becdffb6bfceffbcc4d2ffb2bbcaffb2bbcbffb8c0ceffaeb7c8ffadb7c7
#MRGB ffb2bbcaffa9b3c4ffa8b2c3ffacb6c6ffa4afc1ffa2adc0ffa6b0c2ffa0abbeff9ea9bdffa0abbeff9ea9bdff9da9bcff9da8bcff9faabdffa0abbeff9ea9bdffa5afc1ffa9b3c4ffa3aec0ffb0b9c9ffb7bfceffaeb8c8ffc0c8d4ffc9cfdaffbfc6d3ffd3d8e1ffdde1e8ffd3d8e1ffdee2e8ffd4d9e1ffc9cfdaffc9d0daffbfc6d3ffb5becdffb7bfceffaeb8c8ffa8b2c4ffa9b3c4ffa4afc1ffa0abbeffa2adbfff9faabdff9da8bcff9fabbeff9ea9bdff9faabdffa1acbfffa1acbfffa3aec0ffa6b0c2ffa8b2c3ffaab4c5ffadb7c7ffb0b9c9ffb1bacaffb5becdffb7bfceffb7c0ceffbcc4d1ffbdc5d2ffbdc5d2ffc3c9d6ffc2cad6ffc2c9d5
#MRGB ffc8cfdaffc8cdd9ffc5ccd8ffcdd3ddffcbd1dbffc9d0daffd1d7e0ffcfd4deffcdd2ddffd5dae3ffd3d8e1ffd1d6dfffd9dee5ffd7dce4ffd5dae3ffdee1e8ffdce0e7ffdbdee6ffe2e5ebffe1e4eaffe0e4eaffe7eaefffe7eaefffe8eaefffeef1f4ffeff1f5fff0f2f5fff7f7f9fff7f8f9fff8f8fafffdfdfdfffdfdfdfffdfdfefffffffffffffffffffffffffffffffffffefefeffffffffffffffffffffffffffffffffffffffffffffffffffffffffffffffffffffffffffffffffffffffffffffffffffffffffffffffffffffffffffffffffffffffffffffffffffffffffffffffffffffffffffffffffffffffffffffffffffffffffffffffff
#MRGB ffffffffffffffffffffffffffffffffffffffffffffffffffffffffffffffffffffffffffffffffffffffffffffffffffffffffffffffffffffffffffffffffffffffffffffffffffffffffffffffffffffffffffffffffffffffffffffffffffffffffffffffffffffffffffffffffffffffffffffffffffffffffffffffffffffffffffffffffffffffffffffffffffffffffffffffffffffffffffffffffffffffffffffffffffffffffffffffffffffffffffffffffffffffffffffffffffffffffffffffffffffffffffffffffffffffffffffffffffffffffffffffffffffffffffffffffffffffffffffffffffffffffffffffffffffffffffffffff
#MRGB fffffffffffffffffffffffffffffffffffffffffffffffffffffffffffffffffffffffffffffffffffffffffffffffffffffffffffffffffffffffffffffffffffffffffffffffffffffffffffffffffffffffffffffffffffffffffffffffffffffffffffffffffffffffffffffffffffffffffffffffffffffffffffffffffffffffffffffffffffffffffffffffffffdfdfdfffdfdfdfffffffffff6f7f9fff6f7f9fffcfcfdffeef0f3fff0f1f4fff7f7f9ffe8ebefffebedf1fff1f3f6ffe4e7edffe7e9eeffedeff3ffe0e3e9ffe2e6ebffe9ecf0ffdce0e7ffdee2e8ffe5e7edffd8dce4ffd9dee5ffe0e3eaffd3d8e1ffd4d9e2ffdbdfe6ffced4dd
#MRGB ffcfd4deffd6dae3ffc9cfdaffc8cfdaffcfd5deffc2c9d6ffc1c8d5ffc7ced9ffbbc3d1ffb9c1cfffbfc6d3ffb3bccbffb2bbcaffb8c0ceffacb6c6ffabb5c6ffb1bacaffa6b0c2ffa6b1c3ffacb6c6ffa2adc0ffa4aec1ffa8b2c3ffa2acbfffa6b0c2ffa8b2c3ffa6b1c2ffadb7c7ffacb5c6ffb1bacaffbac2d0ffb6becdffc1c8d4ffccd2dcffc5ccd7ffd5dae2ffe0e4eaffd8dde4ffdee2e9ffe9ebf0fff2f3f6ffebedf1ffe2e5ebffd6dbe3ffcfd4deffccd2dcffc6cdd8ffbfc6d3ffc2c9d5ffbbc3d1ffb3bccbffbcc3d1ffb4bdccffadb7c7ffb8c0ceffb1bac9ffabb5c6ffb6becdffb1bac9ffadb7c7ffb6bfcdffb3bccbffb2bbcaffb9c1cf
#MRGB ffb8c0cfffb7c0ceffbfc6d3ffbec5d3ffbec5d3ffc5ccd7ffc5cbd7ffc6ccd8ffcdd2dcffcdd3ddffced4deffd6dae3ffd6dbe3ffd6dbe3ffdee1e8ffdde1e8ffdce0e7ffe4e7edffe3e6ecffe2e5ebffe9ecf0ffe8ebf0ffe6e9eeffeef0f4ffedeff2ffebedf1fff3f5f7fff2f4f6fff0f1f4fff7f8fafff6f7f8fff4f5f7fffafafbfff9f9fafff7f8f9fffdfdfdfffcfcfdfffcfcfdfffffffffffffffffffffffffffefefefffefefefffefefeffffffffffffffffffffffffffffffffffffffffffffffffffffffffffffffffffffffffffffffffffffffffffffffffffffffffffffffffffffffffffffffffffffffffffffffffffffffffffffffff
#MRGB ffffffffffffffffffffffffffffffffffffffffffffffffffffffffffffffffffffffffffffffffffffffffffffffffffffffffffffffffffffffffffffffffffffffffffffffffffffffffffffffffffffffffffffffffffffffffffffffffffffffffffffffffffffffffffffffffffffffffffffffffffffffffffffffffffffffffffffffffffffffffffffffffffffffffffffffffffffffffffffffffffffffffffffffffffffffffffffffffffffffffffffffffffffffffffffffffffffffffffffffffffffffffffffffffffffffffffffffffffffffffffffffffffffffffffffffffffffffffffffffffffffffffffffffffffffffffffffffff
#MRGB fffffffffffffffffffffffffffffffffffffffffffffffffffffffffffffffffffffffffffffffffffffffffffffffffffffffffffffffffffffffffffffffffffffffffffffffffffffffffffffffffffffffffffffffffffffffffffffffffffffffffffffffffffffffffffffffffffffffffffffffffffffffffffffffffffffffffffffffffffffffffffffffffffefefefffffffffffffffffffffffffffefefefffdfdfefffefefefffffffffffbfbfcfffcfcfdfffefffffff8f9fafff9fafbfffdfdfefff4f5f7fff6f6f8fffafbfcfff0f2f5fff1f2f5fff7f7f9ffebedf2ffeceef2fff3f4f6ffe5e8edffe6e9eeffedeff3ffdee2e8ffdee2e8
#MRGB ffe7e9eeffd5dae2ffd6dbe3ffdfe3e9ffcdd3ddffced4deffd7dce4ffc6cdd8ffc8ced9ffd0d5dfffc0c7d4ffc3cad6ffcbd1dbffbcc4d1ffc1c8d5ffc7ced9ffbbc3d1ffc2c9d5ffc7ced9ffbcc4d1ffc4cbd7ffc9cfdaffbfc6d3ffc6ccd8ffcbd1dbffc2c9d5ffc7cdd8ffcad0dbffc7cdd8ffd0d5dfffd5dae3ffd0d5dfffdadfe6ffd5dae2ffced4deffdadfe6ffd4d9e2ffcdd3ddffdbdfe6ffd4d9e2ffcfd5deffdde1e7ffd8dce4ffd3d8e1ffe1e5eaffdde1e8ffd9dee5ffe7eaeeffe3e6ecffe1e5ebffedeff2ffeaecf0ffe8ebf0fff2f3f6fff0f2f5ffeef0f3fff7f8fafff5f6f8fff4f5f7fffafbfcfff9fafbfff8f9fafffdfdfefffcfcfd
#MRGB fffbfbfcfffefefffffefefefffdfefeffffffffffffffffffffffffffffffffffffffffffffffffffffffffffffffffffffffffffffffffffffffffffffffffffffffffffffffffffffffffffffffffffffffffffffffffffffffffffffffffffffffffffffffffffffffffffffffffffffffffffffffffffffffffffffffffffffffffffffffffffffffffffffffffffffffffffffffffffffffffffffffffffffffffffffffffffffffffffffffffffffffffffffffffffffffffffffffffffffffffffffffffffffffffffffffffffffffffffffffffffffffffffffffffffffffffffffffffffffffffffffffffffffffffffffffffffffffffffffffff
#MRGB ffffffffffffffffffffffffffffffffffffffffffffffffffffffffffffffffffffffffffffffffffffffffffffffffffffffffffffffffffffffffffffffffffffffffffffffffffffffffffffffffffffffffffffffffffffffffffffffffffffffffffffffffffffffffffffffffffffffffffffffffffffffffffffffffffffffffffffffffffffffffffffffffffffffffffffffffffffffffffffffffffffffffffffffffffffffffffffffffffffffffffffffffffffffffffffffffffffffffffffffffffffffffffffffffffffffffffffffffffffffffffffffffffffffffffffffffffffffffffffffffffffffffffffffffffffffffffffffff
#MRGB fffffffffffffffffffffffffffffffffffffffffffffffffffffffffffffffffffffffffffffffffffffffffffffffffffffffffffffffffffffffffffffffffffffffffffffffffffffffffffffffffffffffffffffffffffffffffffffffffffffffffffefefefffffffffffffffffffffffffffffffffffefefefffefefefffffffffffffffffffffffffffdfdfefffefefefffefefefffefefefffffffffffcfcfcfffdfdfdfffefefefffefefefffffffffff9fafbfffbfcfcfffdfdfdfffefefefffefefefff7f7f9fff9fafbfffcfcfdfffdfdfefffefefefff3f5f7fff7f8f9fffafbfbfff0f2f5fff4f6f8ffe8ebefffedeff3ffe1e4eaffe6e9ee
#MRGB ffe0e3e9ffe2e6ebffebedf1ffe6e9eeffeff1f4ffebedf1fff3f5f7fff0f2f4fff7f8f9fff4f6f8fffafafbfff8f9fafffcfcfdfffafbfcfffefefefffdfdfdfffefefefffefefefffffffffffefefeffffffffffffffffffffffffffffffffffffffffffffffffffffffffffffffffffffffffffffffffffffffffffffffffffffffffffffffffffffffffffffffffffffffffffffffffffffffffffffffffffffffffffffffffffffffffffffffffffffffffffffffffffffffffffffffffffffffffffffffffffffffffffffffffffffffffffffffffffffffffffffffffffffffffffffffffffffffffffffffffffffffffffffffffffffffffffffffff
#MRGB ffffffffffffffffffffffffffffffffffffffffffffffffffffffffffffffffffffffffffffffffffffffffffffffffffffffffffffffffffffffffffffffffffffffffffffffffffffffffffffffffffffffffffffffffffffffffffffffffffffffffffffffffffffffffffffffffffffffffffffffffffffffffffffffffffffffffffffffffffffffffffffffffffffffffffffffffffffffffffffffffffffffffffffffffffffffffffffffffffffffffffffffffffffffffffffffffffffffffffffffffffffffffffffffffffffffffffffffffffffffffffffffffffffffffffffffffffffffffffffffffffffffffffffffffffffffffffffffff
#MRGB ffffffffffffffffffffffffffffffffffffffffffffffffffffffffffffffffffffffffffffffffffffffffffffffffffffffffffffffffffffffffffffffffffffffffffffffffffffffffffffffffffffffffffffffffffffffffffffffffffffffffffffffffffffffffffffffffffffffffffffffffffffffffffffffffffffffffffffffffffffffffffffffffffffffffffffffffffffffffffffffffffffffffffffffffffffffffffffffffffffffffffffffffffffffffffffffffffffffffffffffffffffffffffffffffffffffffffffffffffffffffffffffffffffffffffffffffffffffffffffffffffffffffffffffffffffffffffffffff
#MRGB ffffffffffffffffffffffffffffffffffffffffffffffffffffffffffb2bbcafff7f8fafffefefeffffffffffffffffffffffffffffffffffffffffffffffffffffffffffffffffffffffffffffffffffffffffffffffffffffffffffffffffffffffffffffffffffb0b9c9ffadb6c7ffb1b9c9ffb5beccffb3bccbffb4bdccfff8f9fafffafbfcfff7f8f9fff2f4f6fff4f5f8fff1f2f5fffffffffffffffffffffffffffefefefffffffffffdfdfefffefefefffafbfbfffbfcfcfffcfcfdfffefefefffefefefffefefefffefefeffffffffffffffffffffffffffffffffffffffffffffffffffffffffffffffffffffffffffffffffffffffffffffffff
#MRGB fffffffffffffffffffffffffffffffffffffffffffffffffffefefefffefefefffffffffffffffffffffffffffefefefffefefefffffffffffffffffffffffffffefefefffefefefffffffffffffffffffffffffffefefefffefefefffffffffffffffffffffffffffefefefffefefefffffffffffffffffffffffffffefefefffefefefffffffffffffffffffffffffffffffffffefefefffffffffffffffffffffffffffffffffffefefefffffffffffefefefffefefefffefefefffefefefffefefefffefefefffefefefffefefefffefefefffdfefefffefefefffefefefffefefefffdfdfefffdfdfefffefefefffefefefffcfcfdfffdfdfdfff9f9fa
#MRGB fffafbfcfffbfcfcfff7f8f9fff8f9fafff9f9fbfffcfcfdfff9fafbfffcfcfdfff9fafbfffcfcfdfffafbfcfffcfdfdfffbfbfcfffdfdfdfffcfcfdfffdfefefffdfdfdfffefefefffdfefefffefefefffefefefffcfcfdfffdfdfdfffefefefffcfcfcfffdfdfdfffefefefffcfcfcfffdfdfdfffefefefffcfcfdfffdfdfefffefefefffcfcfdfffdfefefffefefefffcfdfdfffefefefffefefefffcfdfdfffefefefff9fafbfffcfcfdfff4f6f8fff8f8faffedeff2fff0f2f5fff3f5f7ffe6e9eeffe9ebf0ffebedf1fff5f6f8ffeceef2fff6f7f9ffedeff3fff7f8f9fffcfcfdfff7f8f9fffcfcfdfffefefefffcfcfdfffefefefffefefefffefefe
#MRGB ffffffffffffffffffffffffffffffffffffffffffffffffffffffffffffffffffffffffffffffffffffffffffffffffffffffffffffffffffffffffffffffffffffffffffffffffffffffffffffffffffffffffffffffffffffffffffffffffffffffffffffffffffffffffffffffffffffffffffffffffffffffffffffffffffffffffffffffffffffffffffffffffffffffffffffffffffffffffffffffffffffffffffffffffffffffffffffffffffffffffffffffffffffffffffffffffffffffffffffffffffffffffffffffffffffffffffffffffffffffffffffffffffffffffffffffffffffffffffffffffffffffffffffffffffffffffffffffff
#MRGB fffffffffffffffffffffffffffffffffffffffffffffffffffffffffffffffffffffffffffffffffffffffffffffffffffffffffffffffffffffffffffffffffffffffffffffffffffffffffffefefefffefefefffcfcfdfff7f8f9ffedeff3ffe0e4eaffd1d7e0ffc2c9d5ffb5becdffabb5c6ffa4afc1ffa0abbeff9da9bcff9ca8bbff9ba7bbff9aa6baff9aa6baff9ca7bbffa1acbfffabb5c6ffbac2d0ffccd2dcffe0e3e9ffeff1f4fff8f9fafffdfdfdfffefefeffffffffffffffffffffffffffffffffffffffffffffffffffffffffffffffffffffffffffffffffffffffffffffffffffffffffffffffffffffffffffffffffffffffffffffffff
#MRGB fffffffffffffffffffffffffffffffffffffffffffffffffffffffffffffffffffffffffffffffffffffffffffffffffffffffffffffffffffffffffffffffffffffffffffffffffffffffffffffffffffffffffffffffffffffffffffffffffffffffffffffffffffffffffffffffffffffffffffffffffffffffffffffffffffffffffffffffffffffffffffffffffffffffffffffffffffffffffffffffffffffffffffffffffffffffffffffffffffefefefffcfcfdfff8f8fafff1f2f5ffe9ecf0ffe3e6ecffdee2e8ffd9dde5ffd3d8e1ffcdd3ddffc9cfdaffc9d0daffcfd4deffdadee6ffe8ebeffff2f4f6fff8f9fafffbfbfcfffdfdfdfff7f8f9
#MRGB fffafafbfff0f2f5fff5f6f8ffe8eaefffeff1f4fff4f5f7ffe7e9eeffedeff3fff1f3f5ffe5e8edffebedf1ffeef0f3fff3f5f7fff0f1f4fff5f6f8fff0f2f5fff5f6f8fff1f3f6fff6f7f9fff3f4f6fff7f8f9fff4f6f8fff8f9fafff6f7f9fff9fafbfff8f9fafffbfbfcfffafbfbfff5f6f8fff8f8fafffafafbfff5f6f8fff7f8fafffafafbfff4f6f8fff7f8fafffafbfcfff4f5f7fff7f8fafffafbfcfff4f5f7fff7f8f9fffafbfbfff3f4f6fff6f7f9ffeceef2fff1f2f5ffe4e7ecffe8ebefffdadfe6ffdee2e8ffe2e5ebffd2d7e0ffd6dbe3ffd9dee5ffc8ced9ffcbd1dbffcdd3ddffdce0e7ffcfd4deffdee2e9ffd1d6dfffe0e3eaffd3d7e0
#MRGB ffe1e5ebffd4d8e1ffe2e6ebffeff1f4ffe3e6ecffeff1f4fff7f8fafff0f1f5fff7f8fafffcfcfdfff7f8fafffcfcfdfffdfefefffefefefffefefefffefefefffefefefffefefefffefefeffffffffffffffffffffffffffffffffffffffffffffffffffffffffffffffffffffffffffffffffffffffffffffffffffffffffffffffffffffffffffffffffffffffffffffffffffffffffffffffffffffffffffffffffffffffffffffffffffffffffffffffffffffffffffffffffffffffffffffffffffffffffffffffffffffffffffffffffffffffffffffffffffffffffffffffffffffffffffffffffffffffffffffffffffffffffffffffffffffffff
#MRGB ffffffffffffffffffffffffffffffffffffffffffffffffffffffffffffffffffffffffffffffffffffffffffffffffffffffffffffffffffffffffffffffffffffffffffffffffffffffffffffffffffffffffffffffffffffffffffffffffffffffffffffffffffffffffffffffffffffffffffffffffffffffffffffffffffffffffffffffffffffffffffffffffffffffffffffffffffffffffffffffffffffffffffffffffffffffffffffffffffffffffffffffffffffffffffffffffffffffffffffffffffffffffffffffffffffffffffffffffffffffffffffffffffffffffffffffffffffffffffffffffffffffffffffffffffffffffffffffff
#MRGB fffefefefffffffffffefefefffefefefffdfdfefffefefefffbfbfcfffdfdfdfff6f7f9fffafafbffeff0f4fff4f5f7ffe3e6ecffe9ecf0ffd4d9e2ffdbdfe6ffc5cbd7ffccd2dcffb6becdffbdc4d2ffaab4c5ffb0b9c9ffa1acbfffa6b0c2ff9ba7bbff9faabdff99a5b9ff9ba7bbff99a5b9ff9aa6baff9ba7bbff9ba6baff9ea9bdff9ca7bbffa1acbfff9da8bcffa3aec0ff9ea9bcffa6b0c2ffa0abbeffabb4c5ffa5afc1ffb2bbcaffaeb7c7ffbcc4d1ffbbc3d0ffc9cfdaffcbd1dbffd6dbe3ffdbe0e7ffe2e5ebffe9ebf0ffedeff3fff3f4f7fff6f7f8fffafafbfffbfcfcfffdfefefffefefefffefefeffffffffffffffffffffffffffffffff
#MRGB ffffffffffffffffffffffffffffffffffffffffffffffffffffffffffffffffffffffffffffffffffffffffffffffffffffffffffffffffffffffffffffffffffffffffffffffffffffffffffffffffffffffffffffffffffffffffffffffffffffffffffffffffffffffffffffffffffffffffffffffffffffffffffffffffffffffffffffffffffffffffffffffffffffffffffffffffffffffffffffffffffffffffffffffffffffffffffffffffffffffffffffffffffffffffffffffffffffffffffffffffffffffffffffffffffffffffffffffffffffffffffffffffffffffffffffffffffffffffffffffffffffffffffffffffffffffffffffffff
#MRGB ffffffffffffffffffffffffffffffffffffffffffffffffffffffffffffffffffffffffffffffffffffffffffffffffffffffffffffffffffffffffffffffffffffffffffffffffffffffffffffffffffffffffffffffffffffffffffffffffffffffffffffffffffffffffffffffffffffffffffffffffffffffffffffffffffffffffffffffffffffffffffffffffffffffffffffffffffffffffffffffffffffffffffffffffffffffffffffffffffffffffffffffffffffffffffffffffffffffffffffffffffffffffffffffffffffffffffffffffffffffffffffffffffffffffffffffffffffffffffffffffffffffffffffffffffffffffffffffff
#MRGB fffffffffffffefffffefefefffefdfefffffefffffdfdfdfffdfdfefffcfdfdfffcfcfcfffdfdfdfffbfcfdfffafbfcfff9fafbfff7f9fafffafafbfff8f9fafff7f7f9fff4f6f8fff1f2f5fff5f6f8fff3f4f7fff0f2f5ffeceef2ffe7e9eeffeceef2ffeceef2ffe7eaefffe1e5eaffdbe0e7ffe2e5ebffe2e5ebffdce0e7ffd5dae2ffd0d5dfffd7dbe3ffd5dae2ffcfd4deffc9cfdaffc5ccd7ffccd2dcffc9cfdaffc3cad6ffbfc6d3ffbcc4d2ffc3c9d6ffbdc4d2ffb8c1cfffb6bfcdffb6becdffbbc3d1ffb3bccbffb1bacaffb0b9c9ffafb9c9ffb5beccffadb6c7ffabb5c6ffabb5c6ffabb5c6ffb0b9c9ffa7b2c3ffa7b1c3ffa8b2c3ffa9b3c4
#MRGB ffadb6c7ffa4aec1ffa4afc1ffa5b0c2ffa6b1c2ffaab4c5ffa1acbfffa2adbfffa4aec0ffa5afc1ffa8b3c4ff9faabeffa1acbfffa2adc0ffa4afc1ffa7b1c3ff9faabdffa0abbeffa2adc0ffa4afc1ffa6b0c2ff9faabeffa1acbfffa3adc0ffa3aec0ffa5afc1ffa1abbeffa2adbfffa3aec0ffa3aec0ffa3aec0ffa2adbfffa3aec0ffa3aec0ffa3aec0ffa2adc0ffa4afc1ffa5afc1ffa5afc1ffa5b0c2ffa3aec0ffa7b1c3ffa7b2c3ffa8b3c4ffaab3c4ffa5b0c2ffabb5c5ffacb6c7ffafb8c8ffb2bacaffabb5c5ffb1bacaffb5bdccffb9c1cfffbec6d3ffb6becdffbbc3d0ffc0c7d4ffc7cdd9ffced3ddffc4ccd7ffc7cdd8ffced3ddffd4d9e2
#MRGB ffdbdfe7ffd5dae2ffd2d7e0ffd9dde5ffdfe3e9ffe5e8edffe2e5ebffdbdfe6ffe1e4ebffe7eaefffebeef1ffeaecf1ffe2e6ecffe7eaefffedeff2ffe9ebf0ffeef0f3ffebeef1fff0f2f5ffeef0f3fff3f4f6fff1f3f6ffe9ecf0ffedeff3fff1f2f5ffe8eaefffeceef2fff0f2f5ffe6e9eeffebeef1fff0f1f4ffe5e8edffeaecf0ffeff0f4ffe2e6ebffe8eaefffdadee5ffdfe3e9ffd0d5dfffd5dae3ffc5cbd7ffcad0daffced4deffbec5d2ffc1c9d5ffc5ccd8ffb6becdffb9c1cfffbbc3d0ffaeb7c7ffb0b9c9ffb1bacaffbdc5d2ffb3bbcbffbfc6d3ffb4bccbffc1c8d4ffb5bdccffc3c9d5ffb6bfcdffc4cbd7ffb7bfceffc5ccd8ffb8c1cf
#MRGB ffc6cdd8ffd5dae2ffc8ced9ffd6dbe3ffe4e7ecffd7dce4ffe5e7edfff0f2f5ffe5e8edfff0f2f5fff7f8fafffbfcfcfffcfcfdfffdfdfdfffdfdfdfffefefefffdfdfefffefefefffefefefffefefefffefefefffefefefffefefefffefefefffefefeffffffffffffffffffffffffffffffffffffffffffffffffffffffffffffffffffffffffffffffffffffffffffffffffffffffffffffffffffffffffffffffffffffffffffffffffffffffffffffffffffffffffffffffffffffffffffffffffffffffffffffffffffffffffffffffffffffffffffffffffffffffffffffffffffffffffffffffffffffffffffffffffffffffffffffffffffffffff
#MRGB fffffffffffffffffffffffffffffffffffffffffffffffffffffffffffffffffffffffffffffffffffffffffffffffffffffffffffffffffffffffffffffffffffffffffffffffffffffffffffffffffffffffffffffffffffffffffffffffffffffffffffffffffffffffffffffffffffffffffffffffffffffffffffffffffffffffffffffffffffffffffffffffffffffffffffffffffffffffffffffffffffffffffffffffffffffffffffffffffffffffffffffffffffffffffffffffffffffffffffffffffffefefefffffffffffefefefffefefefffefefefffefefefffcfdfdfffdfefefff9fafbfffcfcfcfff4f5f7fff8f9faffeceef2fff1f3f6
#MRGB ffe1e4eaffe8ebefffd3d8e1ffdbdfe6ffc5cbd7ffccd2dcffb6bfcdffbdc5d2ffaab4c5ffb0b9c9ffa0abbeffa5afc1ff9aa6baff9da8bcff97a3b8ff99a4b9ff97a3b8ff98a4b8ff9aa6baff99a5b9ff9eaabdff9da8bcffa4afc1ffa1acbfffaab4c5ffa6b0c2ffafb8c8ffaab4c5ffb2bbcaffadb6c7ffb4bdccffb0b9c9ffb8c0ceffb6becdffbdc5d2ffbdc5d2ffc4cbd6ffc6cdd8ffccd2dcffd1d6dfffd5dae2ffdbdfe7ffe0e4eaffe6e9eeffeaedf1fff0f2f5fff3f5f7fff8f9fafffafafbfffdfdfdfffefefefffefefefffefefeffffffffffffffffffffffffffffffffffffffffffffffffffffffffffffffffffffffffffffffffffffffff
#MRGB ffffffffffffffffffffffffffffffffffffffffffffffffffffffffffffffffffffffffffffffffffffffffffffffffffffffffffffffffffffffffffffffffffffffffffffffffffffffffffffffffffffffffffffffffffffffffffffffffffffffffffffffffffffffffffffffffffffffffffffffffffffffffffffffffffffffffffffffffffffffffffffffffffffffffffffffffffffffffffffffffffffffffffffffffffffffffffffffffffffffffffffffffffffffffffffffffffffffffffffffffffffffffffffffffffffffffffffffffffffffffffffffffffffffffffffffffffffffffffffffffffffffffffffffffffffffffffffffff
#MRGB fffffffffffffffffffffffffffffefefffefefefffefdfdfffcfcfdfffcfcfdfffafbfcfff9fafbfff8f9fafff6f8f9fff6f6f8fff4f6f8fff2f4f7fff1f3f6ffeff1f4ffedeff2ffebedf1ffe8eaefffe7e9efffe2e5ecffdce0e7ffdce0e7ffd6dbe3ffcfd5deffd0d5dfffc8cfdaffc2c9d5ffc2c9d6ffbcc3d1ffb7bfceffb6becdffb1bacaffaeb7c8ffacb6c6ffaab3c5ffa8b2c4ffa5b0c2ffa4afc1ffa3aec1ffa0acbfffa0abbeffa0acbfff9da9bcff9ea9bcff9faabdff9ca7bbff9da8bcff9ea9bdff9ba7bbff9ca8bcff9ea9bcff9ca7bbff9da9bcff9faabdff9da8bcff9faabdffa0acbfff9faabdffa1acbfffa3adc0ffa2adbfffa4aec1
#MRGB ffa6b0c2ffa6b0c2ffa8b2c3ffa9b3c4ffaab4c5ffadb6c7ffaeb8c8ffb0b9c9ffb3bccbffb6bfceffb7bfceffbbc3d1ffc1c8d4ffbfc7d4ffc5ccd7ffcbd1dbffc7ced9ffced3ddffd4d9e2ffcfd4deffd6dae3ffdce0e7ffd7dce4ffdee2e9ffe4e7edffe1e4eaffe6e9eeffe4e7ecffdadee6ffdee2e8ffe2e6ecffd7dbe4ffdbdfe7ffe0e4eaffd3d8e1ffd8dde5ffdde1e8ffd0d5dfffd5dae2ffc6cdd8ffcbd1dbffbdc5d2ffc1c8d5ffb5bdccffb7bfceffbac2d0ffaeb8c8ffb1bac9ffb3bccbffa8b3c4ffaab4c5ffacb5c6ffa3aec1ffa4afc1ffa5afc1ff9faabdff9faabdff9faabdffa6b1c2ff9faabeffa7b1c3ff9fabbeffa8b2c3ffa0abbe
#MRGB ffa9b3c4ffa0abbeffa9b3c4ffa0abbeffaab4c5ffa1acbfffabb5c5ffa2acbfffacb5c6ffa3adc0ffadb6c7ffb9c1cfffafb8c8ffbbc3d1ffcacfdaffbec5d2ffcbd2dcffd9dee5ffcfd4deffdbe0e7ffe7eaefffdee2e9ffe9ecf0ffe2e5ebffeceef2ffe5e8edffeff0f4fff6f7f9fff1f2f5fff7f8fafffbfbfcfffafafbfff9fafbfffcfcfcfffafbfcfffcfdfdfffafbfcfffdfdfdfffbfcfcfffdfefefffcfcfdfffefefefffdfdfdfffefefefffefefefffefefefffefefeffffffffffffffffffffffffffffffffffffffffffffffffffffffffffffffffffffffffffffffffffffffffffffffffffffffffffffffffffffffffffffffffffffffff
#MRGB fffffffffffffffffffffffffffffffffffffffffffffffffffffffffffffffffffffffffffffffffffffffffffffffffffffffffffffffffffffffffffffffffffffffffffffffffffffffffffffffffffffffffffffffffffffffffffffffffffffffffffffffffffffffffffffffffffffffffffffffffffffffffffffffffffffffffffffffffffffffffffffffffffffffffffffffffffffffffffffffffffffffffffffffffffffffffffffffffffffffffffffffffffffffffffffffffffffffffffffffffffffffffffffffffffffffffffffffffffffffffffffffffffffffffffffffffffffffffffffffffffefefefffefefefffefefefffefefe
#MRGB fffcfdfdfffdfdfefffafafbfffbfbfcfff5f6f8fff7f8f9ffedeff2fff0f2f5ffe3e6ebffe7e9eeffd6dbe3ffdbdfe6ffc8ced9ffcdd2ddffbac2d0ffbec6d3ffadb6c7ffb1bac9ffa3adc0ffa5b0c2ff9ba7bbff9da8bcff97a3b8ff98a4b9ff95a2b7ff96a2b7ff97a3b8ff97a3b8ff9ba6baff9aa6baffa0abbeffa0abbeffa7b1c3ffa6b0c2ffaeb8c8ffadb6c7ffb4bdccffb2bbcaffb7c0ceffb5beccffb9c1cfffb7bfceffbbc3d0ffbac2cfffbdc5d2ffbdc5d2ffc1c8d4ffc2c9d5ffc6ccd8ffc8cfdaffccd2dcffd0d6dfffd5dae2ffdadee6ffdee2e8ffe4e7edffe8ebefffeef0f3fff1f3f6fff6f7f9fff9f9fbfffcfcfdfffdfdfdfffefefe
#MRGB fffefefefffffffffffffffffffffffffffffffffffffffffffffffffffffffffffffffffffffffffffffffffffffffffffffffffffffffffffffffffffffffffffffffffffffffffffffffffffffffffffffffffffffffffffefefefffefefefffefefefffefefefffdfdfefffcfcfcfffafafbfffdfdfdfffafafbfff7f8f9fff4f5f7fff3f4f7fff8f9faffeff1f4ffedeff3ffeceef2ffedeff2fff3f4f6ffe5e8edffe4e7edffe5e8edffe7eaeeffeef0f3ffdce0e7ffdee1e8ffe0e3e9ffe2e5ebffe9ecf0ffd6dbe3ffd8dde4ffdbdfe6ffdfe2e9ffe6e9eeffd1d7e0ffd3d8e1ffd7dce4ffdbe0e7ffe3e6ecffcdd3ddffd0d5dfffd4d9e2ffdadee6
#MRGB ffe1e5ebffc9cfdaffcdd3ddffd3d8e1ffdadfe6ffe2e5ebffc6cdd8ffccd2dcffd3d8e1ffdbdfe6ffe2e5ebffc5ccd7ffccd1dcffd3d8e1ffdadee5ffe1e5ebffc4cbd7ffcbd1dcffd2d7e0ffd7dce4ffdfe3e9ffc3cbd7ffc9cfdaffced4deffd1d7e0ffdbdfe6ffc1c8d4ffc5cbd7ffc7ced9ffc9cfdaffd3d9e1ffbcc4d1ffbec5d2ffbec6d3ffbfc6d3ffcbd1dbffb5beccffb5becdffb5becdffb6becdffc0c7d4ffaeb8c8ffadb7c8ffadb7c7ffafb8c8ffb7c0ceffa9b3c4ffa8b2c4ffa9b2c4ffaab4c5ffb1bacaffa5b0c2ffa5afc2ffa5b0c2ffa7b1c3ffadb6c7ffa4aec1ffa3aec0ffa4aec1ffa5b0c2ffaab4c5ffa3adc0ffa2adc0ffa3adc0
#MRGB ffa3aec1ffa8b2c3ffa1acbfffa1acbfffa0abbeffa0abbeffa4afc1ffa0abbeff9ea9bcff9da8bcff9ca7bbffa0abbeff9ca8bcff9ba6baff99a5b9ff97a4b8ff9ba6bbff9aa6baff98a4b9ff97a2b7ff96a2b7ff97a3b8ff99a5b9ff98a3b8ff97a3b8ff96a2b7ff95a1b6ff9ca7bbff9ba6baff9aa6baff9aa5baff95a2b7ff96a2b7ff94a0b6ff94a1b6ff99a5baff99a5baff96a2b7ff96a2b7ff94a0b6ff94a0b6ff9aa5baff9aa5baff96a2b7ff96a2b8ff95a1b6ff94a1b6ff9aa6baff9aa6baff97a3b8ff98a4b9ff96a2b7ff95a2b7ff9ba6baff9ba6bbff98a5b9ff9ea9bdff9ea9bdff9ca7bbffa3adc0ffa2adc0ff9eaabdffa8b2c3ffa7b1c3
#MRGB ffa3adc0ffadb7c7ffadb6c7ffa7b1c3ffb3bccbffb2bccbffacb6c7ffbbc3d0ffb9c1cfffb8c0cfffb2bbcbffc3cad6ffc0c7d4ffbec6d3ffbec5d2ffb8c1cfffc8ced9ffc5ccd8ffc4cad6ffc3cad6ffbdc5d2ffccd2dcffcad0dbffc9cfdaffc2c9d5ffd1d6dfffd3d8e1ffcfd5deffcbd1dbffbbc3d0ffbdc5d2ffb6bfcdffb8c1cfffb8c1cfffb3bccbffaeb8c8ffadb7c7ffabb5c6ffa9b3c4ffa8b2c3ffa6b0c2ffa4afc1ffa3aec0ffa1acbfffa0abbeff9faabdff9ea9bcff9ca8bcff9ca8bbff9ba7bbff9aa6baff99a5b9ff99a5b9ff98a4b9ff97a3b8ff98a4b8ff97a3b8ff96a2b7ff96a3b8ff96a2b7ff95a1b7ff95a1b7ff95a1b7ff94a1b6
#MRGB ff95a2b7ff94a0b6ff95a2b7ff94a1b6ff96a2b8ff94a1b6ff97a3b8ff95a1b6ff98a4b9ff95a1b7ff99a5b9ff96a2b7ff9aa5baff9da9bcff9faabdff9faabeffa5afc1ffa5b0c2ffa5afc2ffacb5c6ffabb5c6ffaab4c5ffb2bbcbffb0bac9ffaeb7c7ffb9c1cfffb5becdffb1bacaffbec6d3ffb9c1d0ffb4bdccffc3cad6ffbec6d3ffbac2d0ffc9cfdaffc5ccd8ffc2c9d5ffd0d6dfffced3ddffccd2dcffd8dce4ffd6dbe3ffd5dae3ffe0e3e9ffdee2e9ffdde1e8ffe6e9eeffe5e8eeffe3e6ebffebedf1ffeaecf0ffe7e9eeffeff1f4ffeceef2ffe8eaeffff2f3f6ffeef0f3ffe9ebf0fff3f4f7ffeff0f4ffe8ebf0fff4f5f7ffeff0f4ffe8ebf0
#MRGB fff4f5f8ffeff1f4ffeaecf1fff5f6f8fff0f2f5ffedeff3fff6f7f9fff2f4f6fff0f2f5fff7f8f9fff5f6f8fff4f5f7fff9f9fbfff8f9fafff7f8fafffbfbfcfffbfbfcfffcfcfdfffdfdfefffefefefffefefefffefefeffffffffffffffffffffffffffffffffffffffffffffffffffffffffffffffffffffffffffffffffffffffffffffffffffffffffffffffffffffffffffffffffffffffffffffffffffffffffffffffffffffffffffffffffffffffffffffffffffffffffffffffffffffffffffffffffffffffffffffffffffffffffffffffffffffffffffffffffffffffffffffffffffffffffffffffffffffffffffffffffffffffffffffffff
#MRGB fffffffffffffffffffffffffffffffffffffffffffffffffffffffffffffffffffffffffffffffffffffffffffffffffffffffffffffffffffffffffffffffffffffffffffffffffffffffffffffffffffffffffffffffffffffffffffffffffffffffffffffffffffffffffffffffffffffffffffffffffffffffffffffffffffffffffffffffffffffffffffffffffffefefefffffefffffffffffffefefefffdfdfdfffdfefefffdfdfefffcfcfdfffbfbfdfffafbfcfff9fafbfff8f8fafff7f8fafff7f8f9fff5f6f8fff4f5f7fff3f5f7fff1f4f6fff0f2f5ffeff0f4ffeff1f4ffeceff3ffebedf1ffe9ebf0ffe8ebefffe7e9eeffe4e8edffe1e4ea
#MRGB ffe1e4eaffdfe2e9ffdbdfe6ffd6dbe3ffd7dce4ffd4d9e1ffcfd4deffc9cfdaffccd2dcffc7cdd9ffc1c9d5ffbbc3d1ffbfc7d4ffbbc2d0ffb5becdffb0b9c9ffb3bccbffafb8c8ffabb5c6ffa7b2c3ffa9b3c4ffa5b0c2ffa3aec0ffa1acbfffa0abbeff9faabdff9ea9bdff9ea9bcff9ba7bbff9ba6bbff9ba7bbff9ba7bbff99a4b9ff99a5b9ff9aa5baff9aa6bbff98a4b9ff99a5b9ff9aa6baff9ba6bbff98a4b9ff99a5baff9ba6baff9ca7bbff9aa5baff9aa6bbff9ca7bbff9da9bcff9ba7bbff9da8bcff9ea9bdffa0abbeff9ea9bcff9faabdffa1acbfffa3aec1ffa1acbfffa3adc0ffa5b0c2ffa8b2c3ffa5afc1ffa8b2c3ffaab4c5ffadb7c7
#MRGB ffaab4c5ffadb7c7ffb0b9c9ffb3bccbffa7b2c3ffa3aec0ff9faabdff9ca8bbff9aa6baff98a4b9ff97a3b8ff97a3b8ff99a5b9ff97a3b8ff99a5baff97a3b8ff9aa6baff97a3b8ff9ba7bbff98a4b9ff9da8bcff98a4b9ff9faabdff9aa6baffa0abbeff9ba7bbffa2adbfff9ca8bcffa3aec1ffa9b3c4ffaab4c5ffabb5c6ffb2bbcaffb3bcccffb4bccbffbcc4d1ffbcc4d2ffbbc3d1ffc6ccd8ffc5ccd7ffc3cad6ffcfd4deffcdd3ddffc8cfdaffd6dbe3ffd3d8e1ffced4deffdde0e7ffd9dde5ffd4d9e2ffe2e5ebffdde2e8ffdadee5ffe5e9eeffe3e6ecffe0e4eaffe9ecf0ffe8eaefffe7eaefffedeff3ffedeef2ffeceef2fff1f2f5fff1f2f5
#MRGB fff0f2f5fff5f5f8fff4f5f8fff3f5f7fff8f8fafff7f8f9fff6f7f9fffafafbfff9f9fbfff7f8fafffbfcfdfffafbfcfff8f9fafffdfdfdfffbfcfdfff9f9fbfffdfefefffcfcfdfff9fafbfffefefefffcfcfdfffafafcfffefefefffcfdfdfffafafbfffdfdfefffcfcfdfffbfcfcfffdfdfefffdfdfdfffdfdfdfffefefefffefefefffefefefffefefefffffffffffffffffffffffffffffffffffffffffffffffffffffffffffffffffffffffffffefefefffefefefffefefefffefefefffefefefffefefefffffffffffefefefffffffffffffffffffffffffffffffffffffffffffffffffffffffffffffffffffffffffffffffffffffffffffefeff
#MRGB fffffffffffffffffffdfdfefffefefefffffffffffcfcfdfffdfdfdfffefefefffafbfcfffbfbfcfffdfdfefff8f8fafff8f8fafffbfbfcfff5f6f8fff5f7f9fff9fafbfff2f3f6fff3f4f7fff7f8faffeef1f4fff1f2f5fff4f5f7ffeceef2ffeef0f4fff3f4f7ffe9ebf0ffecedf1fff1f3f5ffe4e8edffe7eaeeffedeff3ffe0e3eaffe1e4eaffe8ebefffd8dde5ffd7dce4ffe0e3eaffcfd4deffced3ddffd6dbe3ffc5ccd7ffc4cad6ffccd2dcffbac2d0ffb9c1cfffc2c9d5ffb0bac9ffaeb7c8ffb6bfcdffa7b1c3ffa5afc2ffacb5c6ffa9b3c4ffb0b9c9ffb4bcccffa3adc0ffa0abbeffa6b0c2ffa3aec0ffadb6c7ff9ea9bdff9da8bcffb7c0ce
#MRGB ffc4cad6ffbcc3d1ffc7ced9ffbfc6d3ffcad1dbffd0d5deffd2d8e1ffd5dae2ffdadee6ffdce1e8ffdee2e9ffe3e6ecffe5e8edffe7eaefffeaedf1ffeceef2ffedeff3fff0f2f5fff1f3f6fff2f3f6fff5f6f8fff6f6f8fff4f5f8fff8f9fafff7f9fafff6f7f9fffbfbfcfffafafcfff8f9fafffcfcfdfffbfbfcfffafafbfffdfdfefffdfdfdfffcfcfcfffefefffffefefefffdfdfeffffffffffffffffffffffffffffffffffffffffffffffffffffffffffffffffffffffffffffffffffffffffffffffffffffffffffffffffffffffffffffffffffffffffffffffffffffffffffffffffffffffffffffffffffffffffffffffffffffffffffffffff
#MRGB ffffffffffffffffffffffffffffffffff9da8bcffa5afc1ffa0abbeffa7b1c3ffb1bacaffaab4c5ffb5bdccffc1c8d5ffb9c1cfffc5ccd7ffd2d7e0ffc9d0daffd5dae3ffced4ddffd9dee6ffd3d8e1ffdde1e8ffe8eaefffe1e5ebffebedf1fff3f4f7ffeef0f3fff5f6f8fff1f2f5fff7f8f9fff3f4f7fff9f9fbfff6f7f9fffafbfcfff8f9fafffbfbfcfff9fafbfffcfcfdfffefefefffdfdfdfffefefefffefefefffefefefffefefeffffffffffffffffffffffffffffffffffffffffffffffffffffffffffffffffffffffffffffffffffffffffffffffffffffffffffffffffffffffffffffffffffffffffffffffffffffffffffffffffffffffff
#MRGB fffffffffffffffffffffffffffffffffffffffffffffffffffffffffffffffffffffffffffffffffffffffffffffffffffffffffffffffffffffffffffffffffffffffffffffffffffffffffffffffffffffffffffffffffffffffffffffffffffffffffffffffffffffffffffffffffffffffffffffffffffffffffffffffffffffffffffffffffffffffffffffffffffffffffffffffffffffffffffffffffffffffffffefefefffefefefffdfdfefffefefefffbfcfcfffcfcfdfff7f8fafff8f9fafff1f3f6fff3f4f6ffe9ebf0ffebedf1ffdee2e8ffe0e3eaffd1d7e0ffd3d8e1ffc4cbd6ffc5ccd7ffb7bfcdffb7bfceffabb5c6ffabb5c6ffa2adbf
#MRGB ffa1acbfff9ba7bbff9ba6baff97a3b8ff97a3b8ff96a2b7ff96a2b7ff98a4b8ff97a3b8ff9ca7bbff9ba7bbffa1acbfffa1acbfffa8b2c3ffa8b2c3ffafb8c8ffafb8c8ffb6becdffb5becdffbac2d0ffb9c1cfffbdc4d2ffbbc3d1ffbec5d2ffbdc4d2ffbfc6d3ffbec6d3ffc0c8d4ffc1c8d4ffc3cad6ffc4cbd7ffc7cdd9ffc9d0daffcdd2dcffd0d6dfffd4d9e1ffd9dde5ffdde1e7ffe2e5ebffe6e9eeffeceef2fff0f1f4fff5f6f8fff7f8fafffbfbfcfffcfcfdfffefefefffffffffff3f4f7ffebedf1ffe7eaeeffe1e5ebffdee2e8ffdce0e7ffd6dae3ffd4d9e2ffd5dae2ffced4ddffcfd4deffd0d5dfffcad0dbffcbd1dbffccd2dcffc7cdd9
#MRGB ffc7cdd9ffc7cdd9ffc3cad6ffc2c9d5ffc3cad6ffbfc6d3ffbec5d3ffc0c7d4ffbac2d0ffbbc3d0ffbfc6d3ffb6bfcdffb9c1cfffbdc5d2ffb3bccbffb7c0ceffbcc4d1ffb1bacaffb5becdffb9c1cfffafb8c8ffb2bbcbffb4bdccffadb7c7ffafb8c8ffafb8c8ffabb5c6ffabb5c6ffaab4c5ffabb4c5ffa9b3c4ffa7b1c3ffabb4c5ffa8b2c4ffa5b0c2ffaab4c5ffa7b1c3ffa4afc1ffaab4c5ffa6b0c2ffa3aec0ffa8b3c4ffa4afc1ffa2acbfffa6b1c3ffa2adbfff9faabdffa3aec1ff9fabbeff9ca8bcffa2adbfff9ea9bdff9ba7bbffa3adc0ffa6b1c3ffaeb8c8ffabb5c6ffb3bccbffbdc5d2ffb9c1cfffc2cad6ffbfc7d3ffc8cfdaffc6ccd8
#MRGB ffced3ddffd8dce4ffd4d9e2ffdce1e8ffe5e8eeffe1e5ebffe9ecf0ffe5e9eeffedeff3ffe9ecf1fff0f2f5ffeceff2fff2f4f7ffedf0f3fff4f5f7ffeff0f4fff5f6f8fffafbfcfff5f7f8fffbfbfcfffdfdfdfff9fafbfffdfdfdfffefefefffcfcfdfffefefefffefefefffefefefffefefefffffffffffefefefffffffffffffffffffefefeffffffffffffffffffffffffffffffffffffffffffffffffffffffffffffffffffffffffffffffffffffffffffffffffffffffffffffffffffffffffffffffffffffffffffffffffffffffffffffffffffffffffffffffffffffffffffffffffffffffffffffffffffffffffffffffffffffffffffffffff
#MRGB fffffffffffffffffffffffffffffffffffffffffffffffffffffffffffffffffffffffffffffffffffefefefffefefefffdfdfefffdfdfefffbfbfcfffbfbfcfff7f8f9fff7f8f9fff0f2f5fff1f2f5ffe8ebefffe8ebefffdde1e8ffdde1e8ffd1d7e0ffd1d6dfffc5ccd7ffc4cbd6ffb9c1cfffb7c0ceffaeb8c8ffacb6c6ffa5b0c2ffa3aec0ff9ea9bdff9ca8bcff9aa5baff98a4b9ff97a3b8ff97a3b8ff98a4b8ff98a4b8ff9ba6baff9ba7bbffa0abbeffa0abbeffa6b0c2ffa7b1c3ffadb7c7ffaeb7c8ffb5bdccffb5becdffbbc3d1ffbbc3d0ffbfc6d3ffbec5d2ffc1c8d4ffbfc7d3ffc2c9d5ffc0c7d4ffc2c9d5ffc1c8d4ffc3cad6ffc3cad6
#MRGB ffc5ccd8ffc6ccd8ffc9cfdaffcad0dbffcfd4deffd0d6dfffd8dde4ffc9cfdaffc6cdd8ffc7cdd8ffc4cbd7ffc5ccd7ffc5cbd7ffc4cbd7ffc3cad6ffc1c8d4ffc2c9d5ffbfc6d3ffbcc3d1ffbdc5d2ffb9c1cfffb6bfcdffb6becdffb2bbcbffb2bbcaffaeb7c7ffadb7c7ffaeb8c8ffa8b2c4ffa9b3c4ffacb6c6ffa5afc2ffa7b2c3ffaab4c5ffa4afc1ffa7b1c3ffaab4c5ffa6b1c3ffa9b3c4ffabb4c5ffabb5c6ffadb6c7ffacb6c6ffb2bbcaffb1bacaffaeb7c8ffb7bfceffb3bccbffaeb8c8ffb8c0ceffb2bbcaffadb7c7ffb6bfcdffb1bac9ffabb5c6ffb4bdccffaeb7c8ffa9b3c4ffb2bbcaffacb6c6ffa6b1c3ffb1bacaffb8c0ceffb9c1cf
#MRGB ffbec5d3ffbfc7d4ffc5ccd8ffccd2dcffcbd2dcffd2d7e0ffdadee5ffd8dce4ffdee2e8ffdce0e7ffe2e6ecffdee3e9ffe5e8edffe0e3e9ffe7e9eeffe0e3eaffe8eaefffdfe3e9ffe7eaefffeff1f4ffe6e9eeffeeeff3fff5f6f8ffeceef2fff3f5f7fff8f9fafff1f2f5fff7f8f9fffbfcfcfff5f6f8fffafbfcfffdfdfefff9fafbfffdfdfdfffefefefffcfcfdfffefefefffefefefffefefefffefefefffffffffffffffffffffffffffffffffffffffffffffffffffffffffffbfcfcfff8f9fafff7f8fafff2f4f6fff1f3f5ffeaedf1ffe9ebf0ffe1e4eaffdfe2e9ffd7dbe3ffd4d9e1ffcbd1dcffc8ced9ffc0c7d4ffbcc4d1ffb5becdffb1baca
#MRGB ffacb5c6ffa8b2c4ffa4aec1ffa1abbeff9ea9bcff9ba7bbff9aa5baff98a4b9ff98a4b9ff98a4b9ff9aa6baff9aa6baff9ea9bdff9faabdffa4afc1ffa5b0c2ffabb5c6ffadb6c7ffb3bccbffb4bdccffbac2d0ffbbc3d1ffc0c7d4ffc0c7d4ffc2c9d5ffc2c9d5ffc3cad6ffc3cad6ffc4cbd6ffc0c8d4ffbdc5d2ffbac2d0ffb8c0ceffb4bdccffb1bacaffaeb7c7ffabb5c6ffa8b2c4ffa5b0c2ffa4aec0ffa4aec1ff9faabdffa0abbeffa2adbfff9ea9bcffa0abbeffa3aec0ffa1acbfffa5afc1ffa8b3c4ffaab4c5ffaeb7c7ffb1bac9ffb5becdffb8c0ceffb8c1cfffbfc7d4ffbfc7d3ffbcc4d2ffc6ccd7ffc2c9d5ffbcc4d2ffc7ced9ffc1c8d5
#MRGB ffbbc2d1ffc6cdd8ffccd2dcffd1d7e0ffd0d5dfffd6dae3ffd2d7e0ffd8dde5ffd2d8e1ffd9dee5ffd1d7e0ffd9dde5ffcfd4deffd8dce4ffccd2dcffd5dae2ffdee2e8ffd2d7e0ffdbdfe6ffe4e7ecffd8dce4ffe1e5ebffeaecf1ffdee2e9ffe7e9eeffeff0f4ffe4e7ecffeceff2fff4f5f7ffdadee6ffd4d9e2ffd0d6dfffcad0dbffc5ccd8ffbfc6d3ffbac2d0ffb5beccffb0bac9ffacb5c6ffa8b2c3ffa4aec1ffa1acbfff9ea9bdff9ca7bbff9ba6baff9aa5baff9aa6baff9aa6baff9da8bcff9da9bcffa2adbfffa3aec0ffa7b2c3ffaab4c5ffb1bacaffa0abbeff9ca8bbff9ca8bcff9aa6baff9ca7bbff9ea9bdff9eaabdffa1acbfffa5b0c2
#MRGB ffa8b2c3ffacb6c6ffb1bacaffb5bdccffbac2cfffbec5d2ffc2c9d5ffc5ccd8ffc6cdd8ffccd2dcffcdd2ddffcbd1dbffcad0dbffbec5d2ffc7cdd8ffb9c1cfffc2cad6ffb5bdccffbfc6d3ffc8ced9ffbac2d0ffc3cad6ffced3ddffb0b9c9ffabb5c6ffa8b2c3ffa4aec1ffa0abbeff9ca8bcffb0b9c9ffe8eaefffe3e6ecffdce0e7ffdce0e7ffd4d9e2ffccd2dcffcbd1dbffc2c9d5ffbbc3d0ffb8c0cfffb2bbcaffaeb7c8ffabb4c5ffa7b2c3ffa6b0c2ffa2adc0ffa2acbfffa2adc0ff9faabeffa0abbeffa1acbfff9fabbeffa1acbfffa3adc0ffa2adbfffa4aec1ffa5afc1ffa6b0c2ffa7b1c3ffa7b1c2ffaab4c5ffaab3c5ffa9b3c4ffadb7c7
#MRGB ffacb6c6ffaab4c5ffb0bacaffafb8c8ffacb6c6ffb3bccbffb0bacaffafb8c8ffb6becdffb4bcccffb2bbcaffb9c1cfffb7c0ceffb6becdffbdc5d2ffbbc3d1ffbbc3d1ffc2c9d5ffc1c8d5ffc2c9d5ffc8ced9ffc8cfdaffc9cfdaffcfd4deffd0d5dfffd2d7e0ffd6dbe3ffd8dde4ffdde0e7ffdfe3e9ffe2e6ecffe7eaeeffe9ebf0ffedeef2fff0f2f5fff1f3f6fff5f6f8fff8f9fbfff9fafbfffbfbfcfffdfcfdfffdfdfdfffefefefffefefefffefffffffffffffffffffffffffffffffefefefffefefeffffffffffffffffffffffffffffffffffffffffffffffffffffffffffffffffffffffffffffffffffffffffffffffffffffffffffffffff
#MRGB ffffffffffffffffffffffffffffffffffffffffffffffffffffffffffffffffffffffffffffffffffffffffffffffffffffffffffffffffffffffffffffffffffffffffffffffffffffffffffffffffffffffffffffffffffffffffffffffffffffffffffffffffffffffffffffffffffffffffffffffffffffffffffffffffffffffffffffffffffffffffffffffffffffffffffffffffffffffffffffffffffffffffffffffffffffffffffffffffffffffffffffffffffffffffffffffffffffffffffffffffffffffffffffffffffffffffffffffffffffffffffffffffffffffffffffffffffffffffffffffffffffffffffffffffffffffffffffffff
#MRGB fffffffffffffffffffffffffffffffffffffffffffffffffffffffffffffffffffffffffffffffffffffffffffffffffffffffffffffffffffffffffffffffffffffffffffffffffffffffffffffffffffffffffffffffffffffffffffffffffffffffffffffffffffffffffffffffffffffffffffffffffffffffffffffffffffffffffffffffffffffffffffffffffffffffffffffffffffffffffffffffffffffffffffffffffffffffffffffffffffffffffffffffffffffffffffffffffffffffffffffffffffefefefffefefefffffffffffcfcfdfffafbfcfffdfdfefff6f7f9fff4f5f7fff9f9fbffeef0f3ffebeef2fff2f4f6ffe5e8edffe3e6ec
#MRGB ffe9ecf0ffdce0e7ffdbdfe7ffe1e4eaffd5d9e2ffd4d9e1ffdadee6ffced4deffcfd4deffd4d9e2ffc8cfdaffc9cfdaffcfd5deffc3cad6ffc5ccd7ffcbd1dcffbfc6d3ffc1c8d5ffc7ced9ffbbc3d1ffbdc5d3ffc3cad6ffb8c1cfffbac2d0ffc0c7d4ffb5becdffb6bfceffbcc4d2ffb2bbcaffb2bbcbffb8c0ceffaeb7c8ffadb7c7ffb2bbcaffa9b3c4ffa8b2c3ffacb6c6ffa4afc1ffa2adc0ffa6b0c2ffa0abbeff9ea9bdffa0abbeff9ea9bdff9da9bcff9da8bcff9faabdffa0abbeff9ea9bdffa5afc1ffa9b3c4ffa3aec0ffb0b9c9ffb7bfceffaeb8c8ffc0c8d4ffc9cfdaffbfc6d3ffd3d8e1ffdde1e8ffd3d8e1ffdee2e8ffd4d9e1ffc9cfda
#MRGB ffc9d0daffbfc6d3ffb5becdffb7bfceffaeb8c8ffa8b2c4ffa9b3c4ffa4afc1ffa0abbeffa2adbfff9faabdff9da8bcff9fabbeff9ea9bdff9faabdffa1acbfffa1acbfffa3aec0ffa6b0c2ffa8b2c3ffaab4c5ffadb7c7ffb0b9c9ffb1bacaffb5becdffb7bfceffb7c0ceffbcc4d1ffbdc5d2ffbdc5d2ffc3c9d6ffc2cad6ffc2c9d5ffc8cfdaffc8cdd9ffc5ccd8ffcdd3ddffcbd1dbffc9d0daffd1d7e0ffcfd4deffcdd2ddffd5dae3ffd3d8e1ffd1d6dfffd9dee5ffd7dce4ffd5dae3ffdee1e8ffdce0e7ffdbdee6ffe2e5ebffe1e4eaffe0e4eaffe7eaefffe7eaefffe8eaefffeef1f4ffeff1f5fff0f2f5fff7f7f9fff7f8f9fff8f8fafffdfdfd
#MRGB fffdfdfdfffdfdfefffffffffffffffffffffffffffffffffffefefeffffffffffffffffffffffffffffffffffffffffffffffffffffffffffffffffffffffffffffffffffffffffffffffffffffffffffffffffffffffffffffffffffffffffffffffffffffffffffffffffffffffffffffffffffffffffffffffffffffffffffffffffffffffffffffffffffffffffffffffffffffffffffffffffffffffffffffffffffffffffffffffffffffffffffffffffffffffffffffffffffffffffffffffffffffffffffffffffffffffffffffffffffffffffffffffffffffffffffffffffffffffffffffffffffffffffffffffffffffffffffffffffffffffff
#MRGB ffffffffffffffffffffffffffffffffffffffffffffffffffffffffffffffffffffffffffffffffffffffffffffffffffffffffffffffffffffffffffffffffffffffffffffffffffffffffffffffffffffffffffffffffffffffffffffffffffffffffffffffffffffffffffffffffffffffffffffffffffffffffffffffffffffffffffffffffffffffffffffffffffffffffffffffffffffffffffffffffffffffffffffffffffffffffffffffffffffffffffffffffffffffffffffffffffffffffffffffffffffffffffffffffffffffffffffffffffffffffffffffffffffffffffffffffffffffffffffffffffffffffffffffffffffffffffffffff
#MRGB fffffffffffffffffffffffffffffffffffffffffffdfdfdfffdfdfdfffffffffff6f7f9fff6f7f9fffcfcfdffeef0f3fff0f1f4fff7f7f9ffe8ebefffebedf1fff1f3f6ffe4e7edffe7e9eeffedeff3ffe0e3e9ffe2e6ebffe9ecf0ffdce0e7ffdee2e8ffe5e7edffd8dce4ffd9dee5ffe0e3eaffd3d8e1ffd4d9e2ffdbdfe6ffced4ddffcfd4deffd6dae3ffc9cfdaffc8cfdaffcfd5deffc2c9d6ffc1c8d5ffc7ced9ffbbc3d1ffb9c1cfffbfc6d3ffb3bccbffb2bbcaffb8c0ceffacb6c6ffabb5c6ffb1bacaffa6b0c2ffa6b1c3ffacb6c6ffa2adc0ffa4aec1ffa8b2c3ffa2acbfffa6b0c2ffa8b2c3ffa6b1c2ffadb7c7ffacb5c6ffb1bacaffbac2d0
#MRGB ffb6becdffc1c8d4ffccd2dcffc5ccd7ffd5dae2ffe0e4eaffd8dde4ffdee2e9ffe9ebf0fff2f3f6ffebedf1ffe2e5ebffd6dbe3ffcfd4deffccd2dcffc6cdd8ffbfc6d3ffc2c9d5ffbbc3d1ffb3bccbffbcc3d1ffb4bdccffadb7c7ffb8c0ceffb1bac9ffabb5c6ffb6becdffb1bac9ffadb7c7ffb6bfcdffb3bccbffb2bbcaffb9c1cfffb8c0cfffb7c0ceffbfc6d3ffbec5d3ffbec5d3ffc5ccd7ffc5cbd7ffc6ccd8ffcdd2dcffcdd3ddffced4deffd6dae3ffd6dbe3ffd6dbe3ffdee1e8ffdde1e8ffdce0e7ffe4e7edffe3e6ecffe2e5ebffe9ecf0ffe8ebf0ffe6e9eeffeef0f4ffedeff2ffebedf1fff3f5f7fff2f4f6fff0f1f4fff7f8fafff6f7f8
#MRGB fff4f5f7fffafafbfff9f9fafff7f8f9fffdfdfdfffcfcfdfffcfcfdfffffffffffffffffffffffffffefefefffefefefffefefeffffffffffffffffffffffffffffffffffffffffffffffffffffffffffffffffffffffffffffffffffffffffffffffffffffffffffffffffffffffffffffffffffffffffffffffffffffffffffffffffffffffffffffffffffffffffffffffffffffffffffffffffffffffffffffffffffffffffffffffffffffffffffffffffffffffffffffffffffffffffffffffffffffffffffffffffffffffffffffffffffffffffffffffffffffffffffffffffffffffffffffffffffffffffffffffffffffffffffffffffffffffff
#MRGB ffffffffffffffffffffffffffffffffffffffffffffffffffffffffffffffffffffffffffffffffffffffffffffffffffffffffffffffffffffffffffffffffffffffffffffffffffffffffffffffffffffffffffffffffffffffffffffffffffffffffffffffffffffffffffffffffffffffffffffffffffffffffffffffffffffffffffffffffffffffffffffffffffffffffffffffffffffffffffffffffffffffffffffffffffffffffffffffffffffffffffffffffffffffffffffffffffffffffffffffffffffffffffffffffffffffffffffffffffffffffffffffffffffffffffffffffffffffffffffffffffffffffffffffffffffffffffffffff
#MRGB fffffffffffffffffffffffffffffffffffffffffffefefefffffffffffffffffffffffffffefefefffdfdfefffefefefffffffffffbfbfcfffcfcfdfffefffffff8f9fafff9fafbfffdfdfefff4f5f7fff6f6f8fffafbfcfff0f2f5fff1f2f5fff7f7f9ffebedf2ffeceef2fff3f4f6ffe5e8edffe6e9eeffedeff3ffdee2e8ffdee2e8ffe7e9eeffd5dae2ffd6dbe3ffdfe3e9ffcdd3ddffced4deffd7dce4ffc6cdd8ffc8ced9ffd0d5dfffc0c7d4ffc3cad6ffcbd1dbffbcc4d1ffc1c8d5ffc7ced9ffbbc3d1ffc2c9d5ffc7ced9ffbcc4d1ffc4cbd7ffc9cfdaffbfc6d3ffc6ccd8ffcbd1dbffc2c9d5ffc7cdd8ffcad0dbffc7cdd8ffd0d5dfffd5dae3
#MRGB ffd0d5dfffdadfe6ffd5dae2ffced4deffdadfe6ffd4d9e2ffcdd3ddffdbdfe6ffd4d9e2ffcfd5deffdde1e7ffd8dce4ffd3d8e1ffe1e5eaffdde1e8ffd9dee5ffe7eaeeffe3e6ecffe1e5ebffedeff2ffeaecf0ffe8ebf0fff2f3f6fff0f2f5ffeef0f3fff7f8fafff5f6f8fff4f5f7fffafbfcfff9fafbfff8f9fafffdfdfefffcfcfdfffbfbfcfffefefffffefefefffdfefeffffffffffffffffffffffffffffffffffffffffffffffffffffffffffffffffffffffffffffffffffffffffffffffffffffffffffffffffffffffffffffffffffffffffffffffffffffffffffffffffffffffffffffffffffffffffffffffffffffffffffffffffffffffff
#MRGB ffffffffffffffffffffffffffffffffffffffffffffffffffffffffffffffffffffffffffffffffffffffffffffffffffffffffffffffffffffffffffffffffffffffffffffffffffffffffffffffffffffffffffffffffffffffffffffffffffffffffffffffffffffffffffffffffffffffffffffffffffffffffffffffffffffffffffffffffffffffffffffffffffffffffffffffffffffffffffffffffffffffffffffffffffffffffffffffffffffffffffffffffffffffffffffffffffffffffffffffffffffffffffffffffffffffffffffffffffffffffffffffffffffffffffffffffffffffffffffffffffffffffffffffffffffffffffffffff
#MRGB fffffffffffffffffffffffffffffffffffffffffffffffffffffffffffffffffffffffffffffffffffffffffffffffffffffffffffffffffffffffffffffffffffffffffffffffffffffffffffffffffffffffffffffffffffffffffffffffffffffffffffffffffffffffffffffffffffffffffffffffffffffffffffffffffffffffffffffffffffffffffffffffffffffffffffffffffffffffffffffffffffffffffffffffffffffffffffffffffffffffffffffffffffffffffffffffffffffffffffffffffffffffffffffffffffffffffffffffffffffffffffffffffffffffffffffffffffefefefffffffffffffffffffffffffffffffffffefefe
#MRGB fffefefefffffffffffffffffffffffffffdfdfefffefefefffefefefffefefefffffffffffcfcfcfffdfdfdfffefefefffefefefffffffffff9fafbfffbfcfcfffdfdfdfffefefefffefefefff7f7f9fff9fafbfffcfcfdfffdfdfefffefefefff3f5f7fff7f8f9fffafbfbfff0f2f5fff4f6f8ffe8ebefffedeff3ffe1e4eaffe6e9eeffe0e3e9ffe2e6ebffebedf1ffe6e9eeffeff1f4ffebedf1fff3f5f7fff0f2f4fff7f8f9fff4f6f8fffafafbfff8f9fafffcfcfdfffafbfcfffefefefffdfdfdfffefefefffefefefffffffffffefefeffffffffffffffffffffffffffffffffffffffffffffffffffffffffffffffffffffffffffffffffffffffff
#MRGB ffffffffffffffffffffffffffffffffffffffffffffffffffffffffffffffffffffffffffffffffffffffffffffffffffffffffffffffffffffffffffffffffffffffffffffffffffffffffffffffffffffffffffffffffffffffffffffffffffffffffffffffffffffffffffffffffffffffffffffffffffffffffffffffffffffffffffffffffffffffffffffffffffffffffffffffffffffffffffffffffffffffffffffffffffffffffffffffffffffffffffffffffffffffffffffffffffffffffffffffffffffffffffffffffffffffffffffffffffffffffffffffffffffffffffffffffffffffffffffffffffffffffffffffffffffffffffffffff
#MRGB ffffffffffffffffffffffffffffffffffffffffffffffffffffffffffffffffffffffffffffffffffffffffffffffffffffffffffffffffffffffffffffffffffffffffffffffffffffffffffffffffffffffffffffffffffffffffffffffffffffffffffffffffffffffffffffffffffffffffffffffffffffffffffffffffffffffffffffffffffffffffffffffffffffffffffffffffffffffffffffffffffffffffffffffffffffffffffffffffffffffffffffffffffffffffffffffffffffffffffffffffffffffffffffffffffffffffffffffffffffffffffffffffffffffffffffffffffffffffffffffffffffffffffffffffffffffffffffffff
#MRGB ffffffffffffffffffffffffffffffffffffffffffffffffffffffffffffffffffffffffffffffffffffffffffffffffffffffffffffffffffffffffffffffffffffffffffffffffffffffffffffffffffffffffffffffffffffffffffffffffffffffffffffffffffffffffffffffffffffffffffffffffffffffffffffffffffffffffffffffffffffffffffffffffffffffffffffffff
# End of MRGB block 
vt 0.54418 0.19976
vt 0.54716 0.19838
vt 0.55235 0.20531
vt 0.54641 0.20478
vt 0.53933 0.20364
vt 0.53876 0.1979
vt 0.54037 0.19413
vt 0.43476 0.51497
vt 0.43108 0.51523
vt 0.43048 0.50967
vt 0.43629 0.5119
vt 0.56378 0.80545
vt 0.55641 0.80941
vt 0.55479 0.80441
vt 0.56521 0.80082
vt 0.57377 0.8022
vt 0.56808 0.80843
vt 0.55946 0.81473
vt 0.52042 0.36554
vt 0.52189 0.36303
vt 0.52805 0.36806
vt 0.52438 0.37004
vt 0.51658 0.36546
vt 0.51622 0.36104
vt 0.52022 0.37149
vt 0.56545 0.48166
vt 0.56401 0.48532
vt 0.55892 0.48125
vt 0.56272 0.47781
vt 0.5718 0.48409
vt 0.57152 0.48951
vt 0.5708 0.47871
vt 0.5143 0.45415
vt 0.5107 0.45936
vt 0.49871 0.45373
vt 0.49916 0.44861
vt 0.52226 0.46141
vt 0.51855 0.46468
vt 0.52407 0.45182
vt 0.52822 0.45769
vt 0.53273 0.44908
vt 0.5358 0.45422
vt 0.53908 0.45841
vt 0.53225 0.46201
vt 0.5272 0.46554
vt 0.53645 0.46585
vt 0.53177 0.46933
vt 0.52793 0.47263
vt 0.52344 0.46869
vt 0.52449 0.47599
vt 0.51988 0.47193
vt 0.51492 0.46782
vt 0.51649 0.47536
vt 0.51125 0.47112
vt 0.5044 0.46662
vt 0.50759 0.46299
vt 0.49529 0.46228
vt 0.49728 0.45802
vt 0.48482 0.45847
vt 0.48566 0.45401
vt 0.48614 0.44939
vt 0.48598 0.44456
vt 0.47441 0.45091
vt 0.47432 0.44638
vt 0.47407 0.44183
vt 0.47379 0.43742
vt 0.48538 0.43948
vt 0.46329 0.44413
vt 0.46288 0.43986
vt 0.46286 0.43563
vt 0.46327 0.43144
vt 0.47384 0.43304
vt 0.45231 0.43829
vt 0.45251 0.43417
vt 0.45332 0.42993
vt 0.45431 0.4257
vt 0.46397 0.42711
vt 0.44283 0.43291
vt 0.4439 0.42867
vt 0.44507 0.42443
vt 0.446 0.42031
vt 0.45517 0.42143
vt 0.43474 0.42769
vt 0.43587 0.42352
vt 0.43674 0.41943
vt 0.43733 0.41547
vt 0.44663 0.41618
vt 0.42684 0.42282
vt 0.42757 0.41884
vt 0.42806 0.41491
vt 0.42839 0.41112
vt 0.43762 0.41151
vt 0.41865 0.41839
vt 0.41904 0.41456
vt 0.41929 0.41076
vt 0.41945 0.40705
vt 0.42852 0.40732
vt 0.41021 0.41433
vt 0.41036 0.41057
vt 0.41045 0.40684
vt 0.41053 0.40319
vt 0.41949 0.40331
vt 0.40171 0.4105
vt 0.40171 0.4068
vt 0.40171 0.40311
vt 0.40171 0.39951
vt 0.41051 0.3995
vt 0.41047 0.39589
vt 0.4193 0.39588
vt 0.41944 0.3996
vt 0.40171 0.39586
vt 0.40171 0.39233
vt 0.41035 0.39226
vt 0.41022 0.38875
vt 0.41886 0.38862
vt 0.41912 0.39224
vt 0.40171 0.38878
vt 0.40171 0.38538
vt 0.41003 0.38524
vt 0.40994 0.38194
vt 0.4185 0.38164
vt 0.41865 0.38511
vt 0.40171 0.38205
vt 0.40171 0.37882
vt 0.40989 0.37866
vt 0.41005 0.37528
vt 0.41861 0.37466
vt 0.41846 0.37822
vt 0.40171 0.37553
vt 0.40171 0.37166
vt 0.41031 0.37162
vt 0.40171 0.36771
vt 0.41072 0.36741
vt 0.41954 0.36645
vt 0.41904 0.37073
vt 0.42784 0.36519
vt 0.42753 0.3697
vt 0.42726 0.37388
vt 0.43565 0.3685
vt 0.43572 0.37275
vt 0.43585 0.37673
vt 0.42718 0.37758
vt 0.43596 0.38063
vt 0.42724 0.3812
vt 0.43615 0.38446
vt 0.4274 0.38483
vt 0.43642 0.38827
vt 0.42763 0.38849
vt 0.43677 0.39208
vt 0.4279 0.39218
vt 0.4371 0.39593
vt 0.42815 0.39591
vt 0.43738 0.39978
vt 0.42837 0.39969
vt 0.43758 0.40366
vt 0.4285 0.4035
vt 0.43768 0.40755
vt 0.44671 0.40394
vt 0.44691 0.40798
vt 0.44692 0.41204
vt 0.45597 0.40855
vt 0.45602 0.41284
vt 0.45578 0.41712
vt 0.46499 0.41371
vt 0.46492 0.41823
vt 0.46459 0.42268
vt 0.47428 0.4192
vt 0.4743 0.42388
vt 0.47412 0.42849
vt 0.48426 0.42486
vt 0.48458 0.42977
vt 0.48494 0.43458
vt 0.49523 0.43082
vt 0.49624 0.43611
vt 0.49771 0.44187
vt 0.50744 0.43732
vt 0.51004 0.44444
vt 0.51778 0.43765
vt 0.52042 0.44428
vt 0.52732 0.43713
vt 0.52988 0.44308
vt 0.53617 0.43585
vt 0.53878 0.44131
vt 0.54142 0.44647
vt 0.54729 0.43907
vt 0.54998 0.44385
vt 0.55266 0.44811
vt 0.54413 0.45107
vt 0.55542 0.4521
vt 0.54699 0.45507
vt 0.55814 0.45591
vt 0.5499 0.45878
vt 0.5425 0.46221
vt 0.5527 0.46233
vt 0.54578 0.46583
vt 0.54034 0.46949
vt 0.54866 0.46922
vt 0.54369 0.47301
vt 0.53973 0.4768
vt 0.53594 0.47308
vt 0.53636 0.48056
vt 0.53224 0.4766
vt 0.53338 0.48432
vt 0.52898 0.48015
vt 0.5306 0.48818
vt 0.52597 0.48383
vt 0.52136 0.47955
vt 0.52317 0.48773
vt 0.51836 0.48335
vt 0.51342 0.47907
vt 0.51562 0.48748
vt 0.51051 0.48314
vt 0.50504 0.47889
vt 0.50797 0.47477
vt 0.49879 0.47474
vt 0.50145 0.47047
vt 0.49121 0.47087
vt 0.4932 0.46648
vt 0.48251 0.46741
vt 0.48371 0.46294
vt 0.47318 0.46432
vt 0.47378 0.45985
vt 0.47427 0.45537
vt 0.46382 0.45728
vt 0.46386 0.45291
vt 0.46372 0.44849
vt 0.45374 0.45101
vt 0.4533 0.44671
vt 0.45275 0.44242
vt 0.44328 0.44548
vt 0.44264 0.44128
vt 0.44239 0.43708
vt 0.43294 0.44071
vt 0.4329 0.43642
vt 0.43356 0.43198
vt 0.42387 0.43604
vt 0.42479 0.4314
vt 0.42588 0.42692
vt 0.41649 0.431
vt 0.41739 0.42645
vt 0.41809 0.42228
vt 0.40933 0.42604
vt 0.4097 0.42199
vt 0.40999 0.41809
vt 0.40171 0.4218
vt 0.40171 0.41803
vt 0.40171 0.41422
vt 0.40171 0.42577
vt 0.40883 0.43076
vt 0.40171 0.43074
vt 0.40838 0.43605
vt 0.40171 0.43615
vt 0.40822 0.44153
vt 0.40171 0.44174
vt 0.40832 0.44692
vt 0.40171 0.44732
vt 0.40858 0.45204
vt 0.40171 0.45256
vt 0.40891 0.45677
vt 0.40171 0.45737
vt 0.40913 0.46115
vt 0.40171 0.46174
vt 0.40921 0.46531
vt 0.40171 0.4659
vt 0.40921 0.46929
vt 0.40171 0.46987
vt 0.4092 0.47318
vt 0.40171 0.47376
vt 0.40915 0.47689
vt 0.40171 0.47743
vt 0.40902 0.48049
vt 0.4017 0.48098
vt 0.40883 0.48396
vt 0.40171 0.48444
vt 0.4086 0.48736
vt 0.40171 0.48778
vt 0.40835 0.49068
vt 0.4017 0.49105
vt 0.4081 0.49395
vt 0.4017 0.49429
vt 0.40784 0.49724
vt 0.4017 0.49758
vt 0.40758 0.50059
vt 0.40171 0.50096
vt 0.40728 0.50414
vt 0.40171 0.50453
vt 0.40699 0.50821
vt 0.40171 0.5087
vt 0.40687 0.51301
vt 0.4017 0.51368
vt 0.40716 0.51788
vt 0.40171 0.51835
vt 0.40748 0.52272
vt 0.40171 0.52306
vt 0.40772 0.52773
vt 0.4017 0.52798
vt 0.40793 0.53295
vt 0.4017 0.53315
vt 0.40813 0.53822
vt 0.40171 0.53838
vt 0.40833 0.54346
vt 0.40171 0.54358
vt 0.40854 0.54863
vt 0.40171 0.54873
vt 0.40878 0.5537
vt 0.40171 0.55379
vt 0.40903 0.55868
vt 0.40171 0.55877
vt 0.40929 0.56357
vt 0.40171 0.56365
vt 0.40957 0.56838
vt 0.40171 0.56847
vt 0.40985 0.57314
vt 0.40171 0.57322
vt 0.41011 0.57786
vt 0.40171 0.57792
vt 0.41036 0.58255
vt 0.40171 0.58259
vt 0.41061 0.58722
vt 0.40171 0.58725
vt 0.41087 0.59191
vt 0.40171 0.59191
vt 0.41113 0.5966
vt 0.40171 0.59659
vt 0.41141 0.60129
vt 0.40171 0.60126
vt 0.4117 0.60597
vt 0.40171 0.60592
vt 0.41204 0.61063
vt 0.40171 0.61055
vt 0.41237 0.61527
vt 0.40171 0.61516
vt 0.41271 0.61989
vt 0.40171 0.61974
vt 0.41303 0.62451
vt 0.40171 0.62431
vt 0.41333 0.62914
vt 0.40171 0.62888
vt 0.41358 0.63381
vt 0.40171 0.63349
vt 0.41377 0.63857
vt 0.40171 0.63817
vt 0.41388 0.64344
vt 0.40171 0.64294
vt 0.41389 0.64843
vt 0.4017 0.64784
vt 0.41382 0.65351
vt 0.40171 0.65288
vt 0.41369 0.65864
vt 0.40171 0.65799
vt 0.41349 0.66378
vt 0.40171 0.66315
vt 0.41317 0.66901
vt 0.40171 0.66872
vt 0.41264 0.67418
vt 0.40171 0.67369
vt 0.41187 0.67939
vt 0.40171 0.67839
vt 0.41103 0.68512
vt 0.40171 0.68439
vt 0.41033 0.69153
vt 0.40171 0.69117
vt 0.40983 0.69862
vt 0.40171 0.69848
vt 0.40972 0.70607
vt 0.40171 0.7061
vt 0.40986 0.71364
vt 0.40171 0.71371
vt 0.41003 0.72117
vt 0.40171 0.72125
vt 0.41018 0.72864
vt 0.40171 0.72869
vt 0.41028 0.73606
vt 0.40171 0.7361
vt 0.41032 0.74352
vt 0.40171 0.74355
vt 0.41035 0.75104
vt 0.40171 0.75107
vt 0.41038 0.75866
vt 0.40171 0.75869
vt 0.41041 0.76638
vt 0.40171 0.76641
vt 0.41046 0.7742
vt 0.40171 0.77425
vt 0.41054 0.78212
vt 0.40171 0.78218
vt 0.41064 0.79008
vt 0.40171 0.79016
vt 0.41077 0.79807
vt 0.40171 0.79816
vt 0.41093 0.80604
vt 0.40171 0.80614
vt 0.41113 0.81397
vt 0.40171 0.8141
vt 0.41135 0.82186
vt 0.40171 0.82206
vt 0.4116 0.82964
vt 0.4017 0.82991
vt 0.41185 0.83708
vt 0.40171 0.8373
vt 0.41211 0.84444
vt 0.40171 0.84463
vt 0.41236 0.85181
vt 0.40171 0.85201
vt 0.4126 0.85927
vt 0.4017 0.85947
vt 0.4128 0.86687
vt 0.4017 0.86708
vt 0.41302 0.87466
vt 0.40171 0.87488
vt 0.41321 0.88255
vt 0.4017 0.8828
vt 0.41336 0.89069
vt 0.40171 0.89093
vt 0.4135 0.89916
vt 0.40171 0.89943
vt 0.41366 0.90801
vt 0.40171 0.90832
vt 0.41388 0.91725
vt 0.4017 0.91758
vt 0.41416 0.92681
vt 0.40171 0.92715
vt 0.41446 0.9366
vt 0.4017 0.93697
vt 0.41483 0.94657
vt 0.40171 0.94697
vt 0.41529 0.95663
vt 0.4017 0.95705
vt 0.41576 0.96672
vt 0.40171 0.96715
vt 0.4162 0.97686
vt 0.4017 0.97731
vt 0.41657 0.98712
vt 0.40171 0.9876
vt 0.41686 0.99756
vt 0.40171 0.99804
vt 0.40171 0.00195
vt 0.42085 0.00255
vt 0.41996 0.01265
vt 0.40171 0.01225
vt 0.41926 0.02236
vt 0.40171 0.02198
vt 0.41856 0.03162
vt 0.40171 0.03123
vt 0.41783 0.0405
vt 0.40171 0.04011
vt 0.4171 0.04908
vt 0.40171 0.04869
vt 0.41646 0.05734
vt 0.40171 0.05698
vt 0.41592 0.06527
vt 0.40171 0.06493
vt 0.41535 0.07292
vt 0.40171 0.07252
vt 0.41457 0.08029
vt 0.40171 0.07989
vt 0.4135 0.08751
vt 0.40171 0.08722
vt 0.4127 0.09486
vt 0.40171 0.09468
vt 0.41229 0.10232
vt 0.40171 0.1022
vt 0.41201 0.10957
vt 0.40171 0.10949
vt 0.41175 0.11662
vt 0.40171 0.11656
vt 0.41149 0.12348
vt 0.40171 0.12343
vt 0.41125 0.13017
vt 0.40171 0.13015
vt 0.41102 0.13678
vt 0.40171 0.13679
vt 0.41079 0.14338
vt 0.40171 0.14339
vt 0.41056 0.15005
vt 0.40171 0.15006
vt 0.41035 0.15679
vt 0.40171 0.15679
vt 0.4102 0.16356
vt 0.40171 0.16354
vt 0.41008 0.17027
vt 0.40171 0.17025
vt 0.41001 0.1769
vt 0.40171 0.17686
vt 0.40996 0.18337
vt 0.40171 0.18331
vt 0.40991 0.1896
vt 0.40171 0.18955
vt 0.40982 0.19573
vt 0.40171 0.19566
vt 0.4097 0.20177
vt 0.40171 0.20172
vt 0.40955 0.20784
vt 0.40171 0.20779
vt 0.4094 0.21398
vt 0.40171 0.21393
vt 0.40925 0.22016
vt 0.40171 0.22011
vt 0.40914 0.22638
vt 0.40171 0.22633
vt 0.40907 0.23262
vt 0.40171 0.23259
vt 0.40905 0.23887
vt 0.40171 0.23883
vt 0.4091 0.24506
vt 0.40171 0.24501
vt 0.40914 0.25113
vt 0.40171 0.2511
vt 0.40913 0.25726
vt 0.40171 0.25718
vt 0.40903 0.26343
vt 0.40171 0.26335
vt 0.40891 0.26978
vt 0.40171 0.26969
vt 0.40894 0.27622
vt 0.40171 0.27615
vt 0.40908 0.28263
vt 0.40171 0.28259
vt 0.40925 0.28898
vt 0.40171 0.28899
vt 0.40938 0.29519
vt 0.40171 0.29532
vt 0.40938 0.30136
vt 0.40171 0.30151
vt 0.40925 0.3077
vt 0.40171 0.30788
vt 0.40913 0.31429
vt 0.40171 0.31444
vt 0.40894 0.3209
vt 0.40171 0.3211
vt 0.40862 0.32776
vt 0.40171 0.32794
vt 0.40819 0.33505
vt 0.40171 0.33523
vt 0.40855 0.34231
vt 0.40171 0.34281
vt 0.41009 0.34852
vt 0.40171 0.34966
vt 0.411 0.35363
vt 0.40171 0.35501
vt 0.41123 0.3585
vt 0.40171 0.35939
vt 0.41113 0.36313
vt 0.40171 0.36361
vt 0.42014 0.35684
vt 0.41997 0.36178
vt 0.42822 0.35502
vt 0.4281 0.36026
vt 0.43574 0.35319
vt 0.43572 0.35859
vt 0.43572 0.36382
vt 0.44312 0.35677
vt 0.44325 0.362
vt 0.44367 0.367
vt 0.45071 0.36006
vt 0.45127 0.36503
vt 0.45199 0.36975
vt 0.44407 0.37138
vt 0.45238 0.37432
vt 0.44434 0.37562
vt 0.45272 0.37878
vt 0.44449 0.37977
vt 0.45307 0.3831
vt 0.44475 0.38384
vt 0.45354 0.38737
vt 0.44511 0.38786
vt 0.4541 0.39161
vt 0.44556 0.39187
vt 0.45469 0.39582
vt 0.446 0.39587
vt 0.45522 0.40002
vt 0.4464 0.39989
vt 0.45568 0.40425
vt 0.46373 0.4002
vt 0.46434 0.40468
vt 0.46482 0.40918
vt 0.47285 0.40503
vt 0.47355 0.40977
vt 0.47404 0.41445
vt 0.48225 0.41015
vt 0.48309 0.41504
vt 0.48382 0.41994
vt 0.49211 0.4154
vt 0.49328 0.42051
vt 0.49433 0.42562
vt 0.50259 0.42079
vt 0.50414 0.42613
vt 0.50573 0.43153
vt 0.51358 0.42622
vt 0.51563 0.4318
vt 0.52248 0.42579
vt 0.52489 0.4314
vt 0.53084 0.42489
vt 0.53352 0.43039
vt 0.5388 0.42355
vt 0.5417 0.42885
vt 0.54455 0.43398
vt 0.54963 0.42691
vt 0.55266 0.43187
vt 0.55562 0.43664
vt 0.56066 0.42964
vt 0.56379 0.4344
vt 0.56684 0.43904
vt 0.55846 0.44125
vt 0.5698 0.44359
vt 0.56126 0.44557
vt 0.57266 0.44808
vt 0.56403 0.44976
vt 0.57543 0.45259
vt 0.56673 0.45387
vt 0.57805 0.45717
vt 0.5693 0.45799
vt 0.56074 0.4596
vt 0.57172 0.4621
vt 0.56314 0.46324
vt 0.55523 0.4657
vt 0.56533 0.46675
vt 0.55738 0.46881
vt 0.55125 0.47239
vt 0.55927 0.47179
vt 0.55355 0.47533
vt 0.54987 0.47956
vt 0.54684 0.47641
vt 0.54715 0.48391
vt 0.54341 0.48043
vt 0.54479 0.48828
vt 0.5405 0.48446
vt 0.54251 0.49261
vt 0.53784 0.48849
vt 0.54027 0.49694
vt 0.53531 0.4926
vt 0.53804 0.50138
vt 0.53288 0.49683
vt 0.52803 0.49224
vt 0.5305 0.50124
vt 0.52549 0.49655
vt 0.52062 0.49194
vt 0.52301 0.50107
vt 0.51805 0.49644
vt 0.51314 0.49196
vt 0.51548 0.50116
vt 0.51051 0.49669
vt 0.50544 0.49237
vt 0.50794 0.48763
vt 0.50005 0.48816
vt 0.50246 0.48342
vt 0.49419 0.48408
vt 0.49641 0.47934
vt 0.48752 0.48017
vt 0.48933 0.47547
vt 0.47991 0.47651
vt 0.48123 0.47195
vt 0.47152 0.47319
vt 0.4724 0.46878
vt 0.46263 0.47031
vt 0.46318 0.46601
vt 0.46365 0.46165
vt 0.45384 0.46387
vt 0.454 0.45962
vt 0.45401 0.4553
vt 0.44459 0.45829
vt 0.44436 0.45403
vt 0.44395 0.44971
vt 0.435 0.45359
vt 0.43439 0.4493
vt 0.43363 0.44497
vt 0.4252 0.44978
vt 0.42443 0.44529
vt 0.4238 0.44063
vt 0.41593 0.44611
vt 0.41548 0.4411
vt 0.41561 0.43587
vt 0.41652 0.45089
vt 0.42582 0.45413
vt 0.41702 0.45538
vt 0.42617 0.45836
vt 0.41732 0.45968
vt 0.42632 0.46248
vt 0.41744 0.46383
vt 0.42628 0.46651
vt 0.41745 0.46786
vt 0.4261 0.47045
vt 0.41737 0.47179
vt 0.42582 0.47439
vt 0.41725 0.47562
vt 0.42536 0.47827
vt 0.417 0.47937
vt 0.42471 0.48206
vt 0.41659 0.48299
vt 0.42385 0.48569
vt 0.41604 0.48651
vt 0.42283 0.48917
vt 0.41543 0.48992
vt 0.42173 0.49252
vt 0.4148 0.49323
vt 0.42061 0.49576
vt 0.41417 0.49651
vt 0.41951 0.49897
vt 0.41354 0.49982
vt 0.41845 0.50229
vt 0.4129 0.5033
vt 0.41745 0.50592
vt 0.41228 0.50719
vt 0.41677 0.51023
vt 0.4119 0.5118
vt 0.41703 0.51524
vt 0.41231 0.51683
vt 0.41823 0.52083
vt 0.4131 0.522
vt 0.41931 0.5265
vt 0.41365 0.52725
vt 0.42005 0.53201
vt 0.41404 0.53256
vt 0.42066 0.53738
vt 0.41443 0.53788
vt 0.4213 0.54266
vt 0.41484 0.54313
vt 0.42202 0.54783
vt 0.41529 0.54831
vt 0.4228 0.5529
vt 0.4158 0.5534
vt 0.42364 0.55787
vt 0.41634 0.55838
vt 0.4245 0.56277
vt 0.4169 0.56328
vt 0.42535 0.56762
vt 0.41747 0.5681
vt 0.42617 0.57245
vt 0.41802 0.57289
vt 0.42698 0.57725
vt 0.41854 0.57764
vt 0.42779 0.58203
vt 0.41907 0.58236
vt 0.4286 0.58681
vt 0.41959 0.58708
vt 0.42941 0.5916
vt 0.42012 0.59181
vt 0.43026 0.5964
vt 0.42065 0.59655
vt 0.43117 0.6012
vt 0.42124 0.60129
vt 0.43215 0.60601
vt 0.42186 0.60601
vt 0.43316 0.61081
vt 0.42254 0.61072
vt 0.43418 0.61563
vt 0.42321 0.61543
vt 0.43517 0.6205
vt 0.42389 0.62013
vt 0.43612 0.62542
vt 0.42453 0.62486
vt 0.43697 0.63044
vt 0.42512 0.62964
vt 0.43767 0.63557
vt 0.42562 0.6345
vt 0.43817 0.64083
vt 0.42599 0.63947
vt 0.43841 0.64626
vt 0.42619 0.64461
vt 0.43838 0.65186
vt 0.42619 0.64992
vt 0.43808 0.65753
vt 0.42601 0.65533
vt 0.43757 0.66317
vt 0.42569 0.66079
vt 0.43683 0.66854
vt 0.42521 0.66614
vt 0.43585 0.67376
vt 0.4245 0.67139
vt 0.43462 0.67886
vt 0.42352 0.67652
vt 0.43322 0.68393
vt 0.4223 0.68166
vt 0.43177 0.68901
vt 0.42101 0.68691
vt 0.43036 0.6943
vt 0.41983 0.6926
vt 0.42899 0.70024
vt 0.41886 0.69912
vt 0.42793 0.70677
vt 0.41833 0.70615
vt 0.4274 0.71372
vt 0.41823 0.71351
vt 0.42727 0.72095
vt 0.41841 0.72098
vt 0.42737 0.7283
vt 0.41867 0.72845
vt 0.42756 0.73571
vt 0.41886 0.7359
vt 0.4277 0.74316
vt 0.41896 0.74337
vt 0.4278 0.75065
vt 0.41902 0.7509
vt 0.4279 0.7582
vt 0.41908 0.7585
vt 0.42801 0.76585
vt 0.41916 0.7662
vt 0.42815 0.77359
vt 0.41926 0.77399
vt 0.42835 0.78142
vt 0.41941 0.78187
vt 0.42863 0.78931
vt 0.41961 0.78981
vt 0.42901 0.79721
vt 0.41986 0.79776
vt 0.42948 0.80508
vt 0.42019 0.80569
vt 0.43005 0.81288
vt 0.42057 0.81356
vt 0.4307 0.82059
vt 0.42102 0.82136
vt 0.43142 0.82817
vt 0.4215 0.82904
vt 0.43219 0.83561
vt 0.42201 0.83649
vt 0.42252 0.84384
vt 0.43297 0.84298
vt 0.43371 0.85028
vt 0.42302 0.85123
vt 0.44238 0.83436
vt 0.44342 0.84166
vt 0.44444 0.84897
vt 0.44537 0.85627
vt 0.43442 0.85768
vt 0.45388 0.83999
vt 0.45513 0.84718
vt 0.45633 0.85449
vt 0.45743 0.86184
vt 0.44626 0.86373
vt 0.46581 0.84503
vt 0.4672 0.85223
vt 0.46857 0.85958
vt 0.46987 0.86701
vt 0.45851 0.86939
vt 0.47802 0.84961
vt 0.47959 0.85684
vt 0.48118 0.86425
vt 0.48268 0.87174
vt 0.47116 0.87461
vt 0.49055 0.85373
vt 0.49233 0.86099
vt 0.49414 0.86846
vt 0.49583 0.87602
vt 0.48417 0.87943
vt 0.5034 0.85736
vt 0.5054 0.86466
vt 0.50741 0.87218
vt 0.50929 0.87986
vt 0.49748 0.88386
vt 0.51658 0.86046
vt 0.51881 0.86781
vt 0.52101 0.87541
vt 0.52306 0.88323
vt 0.51107 0.88786
vt 0.53013 0.86297
vt 0.53257 0.87037
vt 0.53496 0.87807
vt 0.53717 0.88604
vt 0.52499 0.89138
vt 0.54406 0.86483
vt 0.5467 0.87228
vt 0.54929 0.88006
vt 0.55174 0.88805
vt 0.53934 0.89426
vt 0.55847 0.86583
vt 0.56131 0.87331
vt 0.56416 0.88109
vt 0.56693 0.88904
vt 0.55434 0.8962
vt 0.57341 0.8658
vt 0.5765 0.87326
vt 0.5796 0.88106
vt 0.58253 0.88927
vt 0.56981 0.89737
vt 0.58893 0.86468
vt 0.59223 0.8722
vt 0.59549 0.88023
vt 0.5984 0.88883
vt 0.58542 0.89802
vt 0.60503 0.8624
vt 0.60845 0.87016
vt 0.6118 0.87853
vt 0.61465 0.88755
vt 0.60114 0.89812
vt 0.62161 0.85907
vt 0.62517 0.86711
vt 0.62861 0.87579
vt 0.63141 0.88516
vt 0.61723 0.89731
vt 0.63871 0.8546
vt 0.6424 0.86292
vt 0.6459 0.87189
vt 0.64871 0.88149
vt 0.6339 0.89521
vt 0.65625 0.84899
vt 0.66015 0.85753
vt 0.66381 0.86666
vt 0.66677 0.87637
vt 0.65126 0.89161
vt 0.67435 0.84209
vt 0.67857 0.85078
vt 0.6825 0.86009
vt 0.73017 0.18447
vt 0.72032 0.18619
vt 0.70658 0.16829
vt 0.71649 0.16652
vt 0.69308 0.83393
vt 0.69772 0.84289
vt 0.74296 0.20306
vt 0.73303 0.20457
vt 0.72345 0.20608
vt 0.71097 0.18793
vt 0.75482 0.22209
vt 0.74464 0.22361
vt 0.73484 0.22468
vt 0.72525 0.22567
vt 0.71424 0.20745
vt 0.75513 0.24308
vt 0.74502 0.24397
vt 0.73516 0.24421
vt 0.72532 0.24424
vt 0.71588 0.22632
vt 0.75392 0.26357
vt 0.7437 0.26333
vt 0.73363 0.2623
vt 0.72341 0.26103
vt 0.71559 0.2438
vt 0.75085 0.28256
vt 0.74035 0.28068
vt 0.73 0.27815
vt 0.71948 0.27549
vt 0.71329 0.25932
vt 0.74581 0.29898
vt 0.7351 0.29538
vt 0.72459 0.29145
vt 0.71393 0.28763
vt 0.70913 0.27257
vt 0.73909 0.31239
vt 0.72829 0.30734
vt 0.7177 0.30232
vt 0.70701 0.29764
vt 0.70353 0.28388
vt 0.73093 0.32274
vt 0.72009 0.31661
vt 0.70947 0.31085
vt 0.6988 0.30558
vt 0.69659 0.29323
vt 0.72147 0.33015
vt 0.71066 0.32341
vt 0.70005 0.31724
vt 0.68943 0.31164
vt 0.68837 0.30073
vt 0.71093 0.33517
vt 0.70019 0.32816
vt 0.68961 0.32181
vt 0.67909 0.31609
vt 0.67904 0.30653
vt 0.69951 0.33832
vt 0.68887 0.33132
vt 0.67839 0.32497
vt 0.66801 0.31924
vt 0.66878 0.31085
vt 0.68744 0.34014
vt 0.67697 0.3333
vt 0.66665 0.32708
vt 0.65645 0.32137
vt 0.65784 0.31397
vt 0.67503 0.3411
vt 0.66476 0.3345
vt 0.65463 0.32837
vt 0.64462 0.32267
vt 0.64637 0.316
vt 0.66249 0.34151
vt 0.65246 0.33512
vt 0.64257 0.32907
vt 0.63271 0.32336
vt 0.63464 0.31721
vt 0.64999 0.34155
vt 0.64021 0.33529
vt 0.63054 0.3293
vt 0.6209 0.32365
vt 0.62289 0.31784
vt 0.63767 0.34127
vt 0.62814 0.33516
vt 0.61872 0.32934
vt 0.60936 0.32387
vt 0.61135 0.31827
vt 0.6256 0.34081
vt 0.61636 0.33492
vt 0.60724 0.32937
vt 0.59821 0.32414
vt 0.60014 0.31869
vt 0.6139 0.34033
vt 0.60499 0.33476
vt 0.59619 0.32945
vt 0.58742 0.32447
vt 0.58928 0.31921
vt 0.60265 0.34004
vt 0.59405 0.33468
vt 0.58551 0.32962
vt 0.57699 0.32491
vt 0.57875 0.31982
vt 0.59182 0.3399
vt 0.58347 0.33477
vt 0.57516 0.32998
vt 0.56686 0.32557
vt 0.56855 0.32056
vt 0.5813 0.33984
vt 0.57317 0.33499
vt 0.56506 0.33053
vt 0.55694 0.32648
vt 0.55861 0.32159
vt 0.57102 0.33988
vt 0.56308 0.33537
vt 0.55511 0.33127
vt 0.54712 0.32763
vt 0.54883 0.32289
vt 0.56091 0.34004
vt 0.55308 0.3359
vt 0.54523 0.33223
vt 0.53737 0.32911
vt 0.53913 0.3245
vt 0.55088 0.34036
vt 0.54315 0.33668
vt 0.53545 0.33356
vt 0.5278 0.33102
vt 0.52957 0.32653
vt 0.54093 0.34092
vt 0.53334 0.33781
vt 0.52586 0.33536
vt 0.5185 0.33349
vt 0.52023 0.32906
vt 0.53106 0.34187
vt 0.52375 0.33949
vt 0.51663 0.33777
vt 0.50949 0.33658
vt 0.51112 0.33216
vt 0.52151 0.34343
vt 0.51464 0.34186
vt 0.50778 0.3409
vt 0.50074 0.34043
vt 0.50221 0.3359
vt 0.51258 0.34581
vt 0.50603 0.34507
vt 0.49932 0.34491
vt 0.49248 0.34532
vt 0.49357 0.34056
vt 0.50439 0.34928
vt 0.49809 0.34949
vt 0.49175 0.35033
vt 0.48538 0.35153
vt 0.48565 0.34628
vt 0.49737 0.35439
vt 0.49152 0.35551
vt 0.4855 0.35691
vt 0.47917 0.35833
vt 0.47888 0.35297
vt 0.49177 0.36092
vt 0.48588 0.3623
vt 0.47972 0.3637
vt 0.47319 0.36508
vt 0.47259 0.35982
vt 0.4866 0.36774
vt 0.4804 0.36903
vt 0.47393 0.37034
vt 0.4671 0.3716
vt 0.46641 0.36654
vt 0.48129 0.37435
vt 0.47469 0.37548
vt 0.46779 0.3766
vt 0.46044 0.37768
vt 0.46001 0.37298
vt 0.47557 0.38055
vt 0.46845 0.38144
vt 0.46099 0.38229
vt 0.46924 0.38621
vt 0.46157 0.38681
vt 0.47013 0.39092
vt 0.46228 0.39128
vt 0.47105 0.39561
vt 0.46303 0.39574
vt 0.47201 0.40029
vt 0.47881 0.39538
vt 0.48002 0.4003
vt 0.48124 0.40519
vt 0.48782 0.40011
vt 0.48936 0.4052
vt 0.49084 0.41028
vt 0.49728 0.40498
vt 0.49916 0.41023
vt 0.50098 0.41547
vt 0.50719 0.40989
vt 0.50939 0.41527
vt 0.51157 0.42068
vt 0.5175 0.41475
vt 0.52003 0.42023
vt 0.52526 0.41393
vt 0.52809 0.41939
vt 0.53269 0.41277
vt 0.53579 0.41817
vt 0.53997 0.41125
vt 0.54327 0.41655
vt 0.54653 0.42177
vt 0.55062 0.41461
vt 0.55408 0.41972
vt 0.55746 0.42473
vt 0.56149 0.41745
vt 0.56507 0.42248
vt 0.56856 0.42741
vt 0.57252 0.42015
vt 0.57624 0.42523
vt 0.57983 0.43031
vt 0.57189 0.43229
vt 0.58328 0.43542
vt 0.57512 0.43713
vt 0.58658 0.44059
vt 0.57823 0.44196
vt 0.58974 0.44587
vt 0.58124 0.44684
vt 0.59274 0.45131
vt 0.58411 0.45182
vt 0.59553 0.45694
vt 0.58681 0.45694
vt 0.59804 0.46279
vt 0.58927 0.46226
vt 0.58052 0.46187
vt 0.59148 0.46783
vt 0.58273 0.46685
vt 0.574 0.46627
vt 0.58476 0.47213
vt 0.57605 0.47082
vt 0.56739 0.47032
vt 0.57794 0.47583
vt 0.56922 0.47421
vt 0.56099 0.4747
vt 0.55592 0.47816
vt 0.55738 0.48622
vt 0.5532 0.48273
vt 0.5562 0.49122
vt 0.55129 0.48744
vt 0.55482 0.4961
vt 0.54947 0.49209
vt 0.55318 0.50096
vt 0.54758 0.49669
vt 0.55136 0.50583
vt 0.54559 0.50131
vt 0.54934 0.51074
vt 0.54347 0.506
vt 0.54706 0.51564
vt 0.54116 0.51074
vt 0.53576 0.50594
vt 0.53864 0.51549
vt 0.53318 0.5106
vt 0.52808 0.50581
vt 0.53045 0.51532
vt 0.52531 0.51049
vt 0.52045 0.50576
vt 0.52241 0.51523
vt 0.51751 0.51051
vt 0.51279 0.50593
vt 0.51446 0.51528
vt 0.5097 0.51069
vt 0.50498 0.50626
vt 0.50787 0.5015
vt 0.5001 0.50195
vt 0.50286 0.49717
vt 0.49501 0.49773
vt 0.4976 0.49296
vt 0.4896 0.49357
vt 0.49195 0.48885
vt 0.48364 0.48947
vt 0.48565 0.48486
vt 0.47689 0.48552
vt 0.47847 0.48105
vt 0.46932 0.48187
vt 0.47049 0.47756
vt 0.46101 0.47869
vt 0.46188 0.47454
vt 0.45226 0.47627
vt 0.45294 0.47222
vt 0.45354 0.46806
vt 0.44398 0.47069
vt 0.44436 0.46664
vt 0.44462 0.46247
vt 0.43535 0.46603
vt 0.43544 0.46196
vt 0.43537 0.4578
vt 0.43504 0.47005
vt 0.4434 0.47468
vt 0.43458 0.47405
vt 0.44258 0.47863
vt 0.4339 0.47799
vt 0.44159 0.4824
vt 0.43303 0.4818
vt 0.44033 0.48603
vt 0.43193 0.48545
vt 0.43878 0.48947
vt 0.43058 0.48892
vt 0.43694 0.49269
vt 0.42902 0.49222
vt 0.43485 0.49566
vt 0.42732 0.49536
vt 0.43261 0.49842
vt 0.42564 0.49839
vt 0.43029 0.5011
vt 0.42406 0.50145
vt 0.42815 0.50381
vt 0.42263 0.50468
vt 0.42651 0.50681
vt 0.42159 0.50845
vt 0.42578 0.51104
vt 0.42145 0.51328
vt 0.427 0.51723
vt 0.4228 0.51926
vt 0.42911 0.52366
vt 0.42448 0.52532
vt 0.43111 0.52983
vt 0.42583 0.53116
vt 0.43268 0.53556
vt 0.42682 0.53666
vt 0.43403 0.54092
vt 0.42774 0.54195
vt 0.43535 0.54608
vt 0.42873 0.54709
vt 0.43671 0.55112
vt 0.42979 0.55214
vt 0.43809 0.5561
vt 0.4309 0.5571
vt 0.43948 0.56106
vt 0.43204 0.56202
vt 0.44088 0.56599
vt 0.43316 0.56692
vt 0.4423 0.5709
vt 0.43428 0.57179
vt 0.44373 0.57578
vt 0.43539 0.57664
vt 0.44516 0.58066
vt 0.4365 0.58147
vt 0.44661 0.58554
vt 0.43762 0.58631
vt 0.44809 0.59044
vt 0.43875 0.59116
vt 0.44962 0.59535
vt 0.43994 0.59601
vt 0.45123 0.6003
vt 0.44119 0.60087
vt 0.45288 0.60528
vt 0.44251 0.60576
vt 0.45454 0.61031
vt 0.44385 0.61067
vt 0.45614 0.61542
vt 0.44519 0.61562
vt 0.45765 0.62065
vt 0.44647 0.62067
vt 0.45903 0.62604
vt 0.44766 0.62582
vt 0.46024 0.63158
vt 0.44872 0.6311
vt 0.4612 0.6373
vt 0.44958 0.63654
vt 0.46187 0.64317
vt 0.45017 0.64212
vt 0.46221 0.64917
vt 0.45045 0.64787
vt 0.46221 0.65527
vt 0.4504 0.65377
vt 0.46186 0.66142
vt 0.45004 0.65974
vt 0.46112 0.66748
vt 0.44936 0.66564
vt 0.46004 0.67318
vt 0.44839 0.67116
vt 0.45875 0.67831
vt 0.4472 0.67633
vt 0.45733 0.6832
vt 0.44584 0.68131
vt 0.45584 0.68798
vt 0.44438 0.68622
vt 0.45429 0.69275
vt 0.44289 0.69112
vt 0.45267 0.69764
vt 0.44136 0.69617
vt 0.451 0.70283
vt 0.43982 0.70167
vt 0.44936 0.70862
vt 0.43841 0.70777
vt 0.44802 0.71487
vt 0.4374 0.71429
vt 0.44714 0.72141
vt 0.43688 0.72118
vt 0.44663 0.72826
vt 0.43672 0.72829
vt 0.44635 0.73528
vt 0.43669 0.73555
vt 0.4462 0.74244
vt 0.43674 0.74288
vt 0.44615 0.7497
vt 0.43682 0.75028
vt 0.44616 0.75705
vt 0.43691 0.75774
vt 0.44622 0.7645
vt 0.43702 0.7653
vt 0.44635 0.77208
vt 0.43717 0.77297
vt 0.44658 0.77978
vt 0.4374 0.78073
vt 0.44697 0.78754
vt 0.43775 0.78856
vt 0.44753 0.79531
vt 0.43822 0.7964
vt 0.44827 0.80302
vt 0.43884 0.8042
vt 0.44917 0.81064
vt 0.43958 0.81191
vt 0.45022 0.81813
vt 0.44043 0.81952
vt 0.45136 0.82551
vt 0.44137 0.827
vt 0.45261 0.83282
vt 0.46138 0.82365
vt 0.46283 0.83082
vt 0.46436 0.83796
vt 0.47307 0.8285
vt 0.47476 0.83549
vt 0.47645 0.84254
vt 0.48511 0.83271
vt 0.48695 0.83961
vt 0.48879 0.84665
vt 0.49738 0.83635
vt 0.49938 0.84323
vt 0.50142 0.85026
vt 0.50986 0.83946
vt 0.51208 0.8463
vt 0.51437 0.85333
vt 0.52261 0.84198
vt 0.52512 0.8488
vt 0.52768 0.85583
vt 0.53573 0.84386
vt 0.53855 0.85065
vt 0.54139 0.85765
vt 0.54931 0.84497
vt 0.55248 0.85168
vt 0.55559 0.85865
vt 0.56345 0.84514
vt 0.56692 0.85176
vt 0.57031 0.85865
vt 0.57817 0.84421
vt 0.58194 0.85072
vt 0.58559 0.85754
vt 0.59352 0.84198
vt 0.59758 0.84837
vt 0.6015 0.85518
vt 0.60943 0.83834
vt 0.61375 0.84474
vt 0.61793 0.85164
vt 0.62584 0.83333
vt 0.6304 0.83985
vt 0.63483 0.84691
vt 0.64256 0.82712
vt 0.64742 0.8338
vt 0.65216 0.84106
vt 0.65959 0.81976
vt 0.66482 0.82657
vt 0.66992 0.83399
vt 0.67695 0.81122
vt 0.68264 0.81811
vt 0.6882 0.82565
vt 0.69471 0.80142
vt 0.70096 0.80836
vt 0.7071 0.81608
vt 0.71251 0.82472
vt 0.71297 0.79031
vt 0.71989 0.79739
vt 0.72674 0.80547
vt 0.76561 0.24158
vt 0.73183 0.77786
vt 0.7396 0.78529
vt 0.77508 0.26173
vt 0.76436 0.26296
vt 0.78324 0.28249
vt 0.77218 0.28352
vt 0.7615 0.28348
vt 0.77861 0.3047
vt 0.76753 0.30395
vt 0.75672 0.30188
vt 0.77216 0.32481
vt 0.76101 0.32153
vt 0.75013 0.31718
vt 0.76405 0.34128
vt 0.75292 0.33539
vt 0.74202 0.32906
vt 0.75453 0.35322
vt 0.74343 0.34521
vt 0.73253 0.33745
vt 0.74374 0.36058
vt 0.73273 0.35137
vt 0.72188 0.34291
vt 0.7319 0.36428
vt 0.72104 0.35472
vt 0.7103 0.3461
vt 0.71931 0.36553
vt 0.70865 0.35615
vt 0.69806 0.34771
vt 0.70628 0.36534
vt 0.69584 0.3564
vt 0.68543 0.34833
vt 0.69307 0.36441
vt 0.68286 0.35601
vt 0.67266 0.3484
vt 0.6798 0.36311
vt 0.66985 0.35532
vt 0.6599 0.34817
vt 0.66665 0.36182
vt 0.65698 0.35452
vt 0.64732 0.34768
vt 0.65373 0.36056
vt 0.64436 0.3536
vt 0.63497 0.34701
vt 0.6411 0.35921
vt 0.63203 0.35253
vt 0.62295 0.34624
vt 0.62884 0.35791
vt 0.6201 0.35158
vt 0.61136 0.34566
vt 0.61707 0.35696
vt 0.60864 0.35099
vt 0.60022 0.34533
vt 0.60572 0.35623
vt 0.59758 0.35051
vt 0.58944 0.34504
vt 0.59473 0.35552
vt 0.58685 0.35001
vt 0.57895 0.34477
vt 0.58406 0.35477
vt 0.57639 0.34951
vt 0.56869 0.34459
vt 0.57365 0.35407
vt 0.56615 0.34913
vt 0.55856 0.34453
vt 0.56342 0.35346
vt 0.55603 0.34883
vt 0.54852 0.34462
vt 0.55334 0.35293
vt 0.546 0.34868
vt 0.53853 0.34495
vt 0.54332 0.35254
vt 0.53597 0.34876
vt 0.52861 0.34569
vt 0.53326 0.35232
vt 0.52597 0.34923
vt 0.51915 0.34716
vt 0.52318 0.35246
vt 0.51672 0.35063
vt 0.51056 0.34965
vt 0.51443 0.35406
vt 0.50879 0.35358
vt 0.50314 0.35373
vt 0.50761 0.35778
vt 0.50254 0.35851
vt 0.49733 0.35962
vt 0.50292 0.36374
vt 0.49792 0.36507
vt 0.49249 0.36643
vt 0.49911 0.37069
vt 0.49353 0.37196
vt 0.48761 0.37319
vt 0.49493 0.37751
vt 0.48879 0.37859
vt 0.48237 0.3796
vt 0.49021 0.38394
vt 0.48354 0.38478
vt 0.47658 0.38553
vt 0.48488 0.38992
vt 0.47765 0.39047
vt 0.48635 0.395
vt 0.49184 0.38922
vt 0.49357 0.3945
vt 0.49543 0.39972
vt 0.50055 0.39382
vt 0.50273 0.39918
vt 0.50499 0.40451
vt 0.50977 0.39845
vt 0.51235 0.40388
vt 0.51498 0.40928
vt 0.51947 0.403
vt 0.52239 0.40846
vt 0.52638 0.40188
vt 0.52957 0.40734
vt 0.53313 0.40049
vt 0.53658 0.40591
vt 0.53972 0.3988
vt 0.54346 0.40413
vt 0.54711 0.40937
vt 0.55015 0.40193
vt 0.55404 0.40717
vt 0.55784 0.41233
vt 0.56072 0.40462
vt 0.56475 0.40984
vt 0.5687 0.41501
vt 0.57139 0.40712
vt 0.57562 0.41242
vt 0.57975 0.41769
vt 0.58227 0.40964
vt 0.58671 0.41514
vt 0.59101 0.42071
vt 0.58373 0.423
vt 0.59519 0.42637
vt 0.5876 0.42836
vt 0.59921 0.43218
vt 0.59131 0.43379
vt 0.60304 0.43815
vt 0.59486 0.43934
vt 0.60663 0.44431
vt 0.5982 0.44505
vt 0.60999 0.45067
vt 0.60136 0.45095
vt 0.61302 0.45729
vt 0.60426 0.45709
vt 0.61567 0.46411
vt 0.60682 0.46346
vt 0.61783 0.47111
vt 0.60895 0.47006
vt 0.60024 0.46889
vt 0.61064 0.47681
vt 0.60197 0.4753
vt 0.59342 0.47368
vt 0.60326 0.48188
vt 0.59484 0.47998
vt 0.58652 0.47788
vt 0.59573 0.48645
vt 0.58758 0.48411
vt 0.57942 0.48147
vt 0.58789 0.49036
vt 0.5799 0.48748
vt 0.58745 0.49632
vt 0.57952 0.49318
vt 0.58646 0.50212
vt 0.57858 0.49863
vt 0.57087 0.49471
vt 0.57729 0.50398
vt 0.56969 0.49986
vt 0.56252 0.49545
vt 0.56339 0.49039
vt 0.56821 0.505
vt 0.56118 0.50047
vt 0.56651 0.51015
vt 0.55956 0.50551
vt 0.56456 0.51533
vt 0.55774 0.51056
vt 0.56232 0.52053
vt 0.55565 0.51562
vt 0.55979 0.52573
vt 0.55326 0.52069
vt 0.55698 0.53092
vt 0.55058 0.5257
vt 0.54455 0.52052
vt 0.54767 0.53068
vt 0.54169 0.5254
vt 0.536 0.52028
vt 0.53869 0.53031
vt 0.53302 0.52511
vt 0.52763 0.52008
vt 0.52993 0.52999
vt 0.52455 0.52492
vt 0.51945 0.52002
vt 0.52136 0.52983
vt 0.51624 0.52487
vt 0.51139 0.52009
vt 0.51292 0.52982
vt 0.50806 0.52498
vt 0.50335 0.52029
vt 0.50659 0.51547
vt 0.49871 0.51573
vt 0.5019 0.51099
vt 0.49404 0.51128
vt 0.49713 0.50663
vt 0.48923 0.50692
vt 0.4922 0.50237
vt 0.4842 0.50258
vt 0.48699 0.49814
vt 0.47884 0.49829
vt 0.48136 0.49395
vt 0.47291 0.49408
vt 0.47502 0.48985
vt 0.46623 0.49011
vt 0.46789 0.48604
vt 0.4586 0.48667
vt 0.45992 0.48272
vt 0.45028 0.48406
vt 0.45135 0.48022
vt 0.45696 0.49049
vt 0.44885 0.48777
vt 0.45514 0.49417
vt 0.44719 0.49127
vt 0.45301 0.4976
vt 0.44522 0.49451
vt 0.45061 0.5007
vt 0.44299 0.49738
vt 0.44801 0.50347
vt 0.44052 0.49995
vt 0.44521 0.50581
vt 0.43781 0.50223
vt 0.44216 0.5079
vt 0.43492 0.50437
vt 0.43906 0.50979
vt 0.43213 0.50658
vt 0.44786 0.51347
vt 0.44448 0.51567
vt 0.44104 0.51785
vt 0.44867 0.52189
vt 0.4447 0.52418
vt 0.44048 0.52631
vt 0.43743 0.51999
vt 0.43596 0.52822
vt 0.43344 0.52183
vt 0.44315 0.53221
vt 0.43811 0.53406
vt 0.44557 0.53778
vt 0.43999 0.53952
vt 0.44777 0.54309
vt 0.44173 0.54474
vt 0.44987 0.54826
vt 0.44343 0.54983
vt 0.45191 0.55334
vt 0.44511 0.55486
vt 0.45394 0.55833
vt 0.4468 0.55985
vt 0.45599 0.56327
vt 0.44851 0.56479
vt 0.45806 0.56817
vt 0.45024 0.56971
vt 0.46014 0.57305
vt 0.45199 0.5746
vt 0.46225 0.57795
vt 0.45376 0.57949
vt 0.46437 0.58286
vt 0.45554 0.58439
vt 0.46653 0.58784
vt 0.45737 0.58933
vt 0.46876 0.59288
vt 0.45924 0.59431
vt 0.47101 0.59796
vt 0.46119 0.59932
vt 0.47327 0.60313
vt 0.46316 0.60438
vt 0.47544 0.60842
vt 0.46511 0.60954
vt 0.47748 0.6139
vt 0.46696 0.61482
vt 0.47936 0.61959
vt 0.46865 0.62028
vt 0.48105 0.62549
vt 0.47019 0.62591
vt 0.48251 0.63157
vt 0.47152 0.63173
vt 0.48372 0.63778
vt 0.47258 0.63772
vt 0.48463 0.64408
vt 0.47334 0.64384
vt 0.48519 0.65045
vt 0.47378 0.65005
vt 0.48537 0.65688
vt 0.47385 0.65634
vt 0.48512 0.66332
vt 0.47353 0.66266
vt 0.48441 0.66968
vt 0.47278 0.66891
vt 0.48328 0.67577
vt 0.47163 0.67486
vt 0.48194 0.68112
vt 0.4703 0.68005
vt 0.48048 0.68596
vt 0.46885 0.68487
vt 0.47899 0.69056
vt 0.46734 0.68952
vt 0.47747 0.69502
vt 0.4658 0.69412
vt 0.47584 0.69956
vt 0.46413 0.69883
vt 0.47412 0.70422
vt 0.46241 0.7037
vt 0.47242 0.70917
vt 0.4607 0.70907
vt 0.47071 0.71488
vt 0.45913 0.71506
vt 0.46924 0.72103
vt 0.45792 0.72138
vt 0.46809 0.72742
vt 0.45706 0.72798
vt 0.46722 0.73401
vt 0.45649 0.73477
vt 0.46658 0.74077
vt 0.45614 0.74175
vt 0.46609 0.7477
vt 0.45588 0.74884
vt 0.46569 0.75479
vt 0.45571 0.75607
vt 0.46541 0.76202
vt 0.45566 0.76341
vt 0.46527 0.76942
vt 0.45571 0.7709
vt 0.46533 0.77698
vt 0.45589 0.77853
vt 0.46571 0.78461
vt 0.45628 0.78623
vt 0.4664 0.79222
vt 0.45691 0.79392
vt 0.46737 0.79974
vt 0.45777 0.80154
vt 0.46858 0.80714
vt 0.45883 0.80904
vt 0.46994 0.81437
vt 0.46005 0.81641
vt 0.47146 0.82153
vt 0.48153 0.81898
vt 0.4833 0.82586
vt 0.47989 0.81203
vt 0.48986 0.80929
vt 0.49162 0.81613
vt 0.47836 0.80484
vt 0.48825 0.80232
vt 0.49813 0.79938
vt 0.49983 0.80628
vt 0.47705 0.79758
vt 0.48684 0.7951
vt 0.49667 0.79234
vt 0.50651 0.78927
vt 0.50798 0.79624
vt 0.48573 0.7878
vt 0.49557 0.78506
vt 0.50569 0.78224
vt 0.51667 0.77946
vt 0.51677 0.78625
vt 0.49505 0.77777
vt 0.50575 0.77511
vt 0.51737 0.77282
vt 0.52987 0.77079
vt 0.52876 0.7771
vt 0.50659 0.76818
vt 0.51865 0.76618
vt 0.53144 0.76448
vt 0.54485 0.7627
vt 0.5432 0.76896
vt 0.52036 0.75955
vt 0.53332 0.7579
vt 0.54674 0.75625
vt 0.5605 0.75428
vt 0.55873 0.76076
vt 0.53541 0.7512
vt 0.54884 0.74951
vt 0.56253 0.74758
vt 0.57629 0.74522
vt 0.57445 0.75203
vt 0.55115 0.7426
vt 0.56476 0.74054
vt 0.57842 0.73816
vt 0.59198 0.73537
vt 0.59009 0.74259
vt 0.56723 0.73326
vt 0.58074 0.73069
vt 0.59414 0.72784
vt 0.60736 0.72466
vt 0.60551 0.73233
vt 0.58326 0.72291
vt 0.59642 0.71987
vt 0.60939 0.71666
vt 0.62223 0.71307
vt 0.6206 0.72116
vt 0.59878 0.71159
vt 0.61141 0.70827
vt 0.62392 0.70472
vt 0.63641 0.70065
vt 0.63517 0.70906
vt 0.61336 0.69975
vt 0.62548 0.69612
vt 0.63761 0.69206
vt 0.64982 0.68735
vt 0.64908 0.696
vt 0.62688 0.68763
vt 0.63862 0.68341
vt 0.65048 0.67866
vt 0.66245 0.6732
vt 0.66227 0.682
vt 0.63944 0.67498
vt 0.6509 0.66999
vt 0.66249 0.6644
vt 0.67417 0.65806
vt 0.67463 0.66699
vt 0.65113 0.66159
vt 0.66226 0.65575
vt 0.67352 0.6492
vt 0.68471 0.64183
vt 0.686 0.65081
vt 0.66179 0.6473
vt 0.67246 0.64053
vt 0.68309 0.6329
vt 0.69346 0.62441
vt 0.6959 0.63341
vt 0.67083 0.63224
vt 0.68078 0.62433
vt 0.69049 0.61559
vt 0.69979 0.60604
vt 0.70367 0.61482
vt 0.67762 0.61653
vt 0.68661 0.60749
vt 0.69523 0.59774
vt 0.70329 0.5873
vt 0.70878 0.5954
vt 0.68187 0.6005
vt 0.68972 0.59053
vt 0.6972 0.58003
vt 0.70405 0.56893
vt 0.71094 0.57591
vt 0.6836 0.58446
vt 0.69041 0.57394
vt 0.69679 0.56294
vt 0.70243 0.55142
vt 0.71036 0.55705
vt 0.68332 0.5686
vt 0.68909 0.55785
vt 0.6943 0.54669
vt 0.69857 0.53509
vt 0.70729 0.5393
vt 0.68135 0.55316
vt 0.68598 0.54246
vt 0.68988 0.53145
vt 0.69274 0.52013
vt 0.70185 0.5231
vt 0.67764 0.53853
vt 0.68104 0.52811
vt 0.68367 0.5175
vt 0.6852 0.50671
vt 0.69457 0.5086
vt 0.67227 0.52494
vt 0.6745 0.51494
vt 0.67587 0.50487
vt 0.67606 0.4948
vt 0.68558 0.4959
vt 0.66538 0.51242
vt 0.66644 0.50297
vt 0.66658 0.49355
vt 0.66568 0.48416
vt 0.67519 0.48475
vt 0.65708 0.50104
vt 0.65707 0.49217
vt 0.65623 0.48331
vt 0.65445 0.47449
vt 0.66383 0.47479
vt 0.64769 0.49064
vt 0.64681 0.48226
vt 0.64515 0.47388
vt 0.64269 0.46558
vt 0.65184 0.46569
vt 0.63755 0.48102
vt 0.63591 0.47309
vt 0.63364 0.46521
vt 0.63069 0.4575
vt 0.63958 0.45734
vt 0.62684 0.47214
vt 0.62461 0.46473
vt 0.62186 0.45743
vt 0.61861 0.45038
vt 0.62725 0.4499
vt 0.62333 0.44258
vt 0.6316 0.44145
vt 0.63583 0.44929
vt 0.61502 0.44349
vt 0.61111 0.43689
vt 0.6191 0.43549
vt 0.61456 0.42866
vt 0.622 0.42664
vt 0.62697 0.43391
vt 0.60697 0.43048
vt 0.60259 0.4243
vt 0.60981 0.42207
vt 0.60487 0.41572
vt 0.61145 0.41298
vt 0.61679 0.41967
vt 0.59806 0.41828
vt 0.59341 0.41244
vt 0.59985 0.40959
vt 0.59467 0.40362
vt 0.60047 0.40039
vt 0.60604 0.40658
vt 0.58861 0.4067
vt 0.58367 0.40108
vt 0.58937 0.3978
vt 0.5777 0.40418
vt 0.57299 0.39877
vt 0.5786 0.39552
vt 0.56706 0.4018
vt 0.56255 0.39649
vt 0.56814 0.39337
vt 0.55657 0.39935
vt 0.55224 0.39412
vt 0.55789 0.39119
vt 0.54617 0.39666
vt 0.54202 0.39146
vt 0.5478 0.38892
vt 0.53591 0.39347
vt 0.53201 0.38817
vt 0.53782 0.38624
vt 0.52959 0.39512
vt 0.52608 0.38968
vt 0.52257 0.38422
vt 0.52814 0.3828
vt 0.52317 0.39643
vt 0.51996 0.39097
vt 0.5169 0.38544
vt 0.51392 0.37983
vt 0.51917 0.37864
vt 0.51372 0.39206
vt 0.51099 0.38654
vt 0.50848 0.38094
vt 0.50614 0.37522
vt 0.51118 0.37404
vt 0.50489 0.38753
vt 0.50268 0.382
vt 0.50076 0.37638
vt 0.50425 0.36939
vt 0.49663 0.38299
vt 0.49851 0.38842
vt 0.50729 0.39299
vt 0.5166 0.39751
vt 0.50755 0.36249
vt 0.50885 0.36806
vt 0.51188 0.36141
vt 0.51294 0.36668
vt 0.51587 0.37281
vt 0.5243 0.3773
vt 0.52916 0.37566
vt 0.53357 0.38098
vt 0.53358 0.37343
vt 0.53854 0.37864
vt 0.54324 0.38375
vt 0.54298 0.37569
vt 0.54813 0.38078
vt 0.55309 0.38593
vt 0.55253 0.3775
vt 0.55791 0.3827
vt 0.56312 0.388
vt 0.5624 0.37925
vt 0.56799 0.3846
vt 0.57339 0.39003
vt 0.57257 0.381
vt 0.57833 0.38649
vt 0.58393 0.39209
vt 0.58301 0.38279
vt 0.58898 0.38851
vt 0.59481 0.39437
vt 0.59378 0.38474
vt 0.59999 0.39076
vt 0.60608 0.39696
vt 0.60493 0.38693
vt 0.61142 0.39329
vt 0.61778 0.39992
vt 0.61201 0.40337
vt 0.62398 0.40684
vt 0.61782 0.41003
vt 0.63012 0.41412
vt 0.62358 0.41703
vt 0.63627 0.4218
vt 0.62925 0.42438
vt 0.64218 0.42986
vt 0.63468 0.43206
vt 0.64772 0.4383
vt 0.63976 0.44009
vt 0.6528 0.44708
vt 0.64438 0.4484
vt 0.65729 0.45615
vt 0.64846 0.45697
vt 0.66103 0.4654
vt 0.66595 0.45478
vt 0.67009 0.46469
vt 0.67323 0.47468
vt 0.67897 0.46336
vt 0.68247 0.47417
vt 0.68474 0.48505
vt 0.69156 0.4732
vt 0.69411 0.4851
vt 0.69517 0.49691
vt 0.70342 0.48493
vt 0.7045 0.49795
vt 0.70398 0.51072
vt 0.71398 0.49899
vt 0.71336 0.51303
vt 0.71115 0.52652
vt 0.72265 0.51543
vt 0.72008 0.53034
vt 0.71592 0.54424
vt 0.72905 0.53404
vt 0.72422 0.54945
vt 0.71809 0.56339
vt 0.73253 0.55452
vt 0.72541 0.56991
vt 0.71745 0.58346
vt 0.7324 0.57664
vt 0.72329 0.59124
vt 0.71371 0.60383
vt 0.72851 0.5994
vt 0.71789 0.61249
vt 0.70704 0.62368
vt 0.72143 0.62161
vt 0.7097 0.63284
vt 0.69793 0.64245
vt 0.71183 0.64233
vt 0.69939 0.65175
vt 0.68704 0.65985
vt 0.7005 0.6612
vt 0.68765 0.66905
vt 0.67493 0.67594
vt 0.688 0.67834
vt 0.67492 0.6849
vt 0.66196 0.69078
vt 0.67468 0.69391
vt 0.66142 0.69947
vt 0.64825 0.70454
vt 0.66066 0.70816
vt 0.64724 0.71291
vt 0.6339 0.71728
vt 0.64612 0.7212
vt 0.63257 0.72525
vt 0.61905 0.72899
vt 0.6312 0.73311
vt 0.61754 0.73652
vt 0.60385 0.73972
vt 0.61608 0.74391
vt 0.60231 0.7468
vt 0.58843 0.74955
vt 0.60086 0.75372
vt 0.58693 0.75621
vt 0.57284 0.75861
vt 0.58555 0.76265
vt 0.57139 0.76485
vt 0.55717 0.76702
vt 0.57005 0.7709
vt 0.55579 0.77294
vt 0.54187 0.77502
vt 0.55469 0.77864
vt 0.54105 0.78086
vt 0.52831 0.78344
vt 0.54077 0.78667
vt 0.52864 0.78965
vt 0.51793 0.793
vt 0.52983 0.79586
vt 0.51968 0.79945
vt 0.50978 0.80304
vt 0.52156 0.80583
vt 0.51165 0.80953
vt 0.50167 0.81302
vt 0.51362 0.81595
vt 0.50359 0.81955
vt 0.4935 0.8229
vt 0.49541 0.82957
vt 0.50564 0.82615
vt 0.5077 0.83274
vt 0.5157 0.82233
vt 0.51792 0.82881
vt 0.52019 0.83532
vt 0.52563 0.81824
vt 0.5279 0.82445
vt 0.53039 0.83082
vt 0.53299 0.83725
vt 0.5377 0.81977
vt 0.54032 0.82585
vt 0.54322 0.8321
vt 0.5462 0.83844
vt 0.55005 0.82051
vt 0.55314 0.82642
vt 0.55654 0.83252
vt 0.55994 0.83873
vt 0.56287 0.82032
vt 0.56656 0.82606
vt 0.57044 0.83193
vt 0.5743 0.83795
vt 0.57633 0.81908
vt 0.58059 0.82449
vt 0.58501 0.83008
vt 0.5893 0.83588
vt 0.59038 0.81636
vt 0.59528 0.82143
vt 0.60026 0.82677
vt 0.60492 0.83236
vt 0.6051 0.81211
vt 0.61063 0.81684
vt 0.61605 0.82189
vt 0.62105 0.82736
vt 0.62036 0.80623
vt 0.62638 0.81067
vt 0.63222 0.81556
vt 0.6375 0.82104
vt 0.6359 0.79893
vt 0.6424 0.80315
vt 0.6486 0.808
vt 0.65418 0.81356
vt 0.65172 0.79036
vt 0.65858 0.79451
vt 0.66517 0.79935
vt 0.67112 0.80496
vt 0.66766 0.78074
vt 0.67494 0.78477
vt 0.68195 0.78957
vt 0.68835 0.79518
vt 0.68376 0.77002
vt 0.69148 0.77391
vt 0.69899 0.77857
vt 0.70597 0.78408
vt 0.70008 0.75799
vt 0.70826 0.76163
vt 0.71636 0.76611
vt 0.72404 0.77154
vt 0.71661 0.74434
vt 0.72536 0.74767
vt 0.73417 0.75199
vt 0.74268 0.75743
vt 0.73337 0.72873
vt 0.74279 0.73177
vt 0.75243 0.73603
vt 0.76194 0.74169
vt 0.7514 0.76407
vt 0.75028 0.71083
vt 0.76054 0.71367
vt 0.77127 0.71811
vt 0.79539 0.32663
vt 0.78355 0.32663
vt 0.79003 0.30407
vt 0.7673 0.69024
vt 0.77867 0.69334
vt 0.79903 0.35048
vt 0.78708 0.34939
vt 0.77536 0.34617
vt 0.80109 0.37575
vt 0.78874 0.3733
vt 0.77729 0.368
vt 0.76572 0.361
vt 0.7888 0.39834
vt 0.77727 0.39011
vt 0.76622 0.38046
vt 0.75482 0.37034
vt 0.77579 0.41193
vt 0.76483 0.39886
vt 0.75396 0.38645
vt 0.74282 0.37481
vt 0.76222 0.41557
vt 0.75149 0.40077
vt 0.74082 0.3877
vt 0.73001 0.37596
vt 0.74793 0.41318
vt 0.73755 0.39894
vt 0.72719 0.38644
vt 0.71672 0.37531
vt 0.73338 0.4087
vt 0.72338 0.39568
vt 0.71337 0.38408
vt 0.70323 0.37373
vt 0.71884 0.40373
vt 0.70921 0.39192
vt 0.69953 0.38129
vt 0.68969 0.37174
vt 0.70443 0.39879
vt 0.69513 0.3881
vt 0.68575 0.37846
vt 0.67625 0.36977
vt 0.69018 0.39418
vt 0.68123 0.38462
vt 0.67219 0.37591
vt 0.66301 0.36795
vt 0.67622 0.39027
vt 0.6676 0.38166
vt 0.65892 0.37371
vt 0.65006 0.36626
vt 0.66271 0.38715
vt 0.65442 0.37921
vt 0.64604 0.37173
vt 0.63751 0.36463
vt 0.64978 0.38456
vt 0.64177 0.37707
vt 0.63367 0.36999
vt 0.62542 0.36327
vt 0.63741 0.38231
vt 0.62964 0.37523
vt 0.62179 0.36856
vt 0.6138 0.36223
vt 0.6255 0.38028
vt 0.61795 0.37363
vt 0.61033 0.36731
vt 0.60257 0.36127
vt 0.6139 0.37841
vt 0.6066 0.37211
vt 0.5992 0.36609
vt 0.59167 0.3603
vt 0.60261 0.3766
vt 0.59555 0.37061
vt 0.58838 0.36486
vt 0.58107 0.35932
vt 0.59162 0.37488
vt 0.58479 0.36918
vt 0.57782 0.36367
vt 0.57071 0.35843
vt 0.58097 0.37329
vt 0.57432 0.36783
vt 0.56752 0.36259
vt 0.56052 0.3576
vt 0.5706 0.37181
vt 0.5641 0.36658
vt 0.55739 0.36157
vt 0.55048 0.35686
vt 0.56047 0.37039
vt 0.55408 0.36536
vt 0.54745 0.36058
vt 0.5405 0.35618
vt 0.55058 0.36898
vt 0.54428 0.36411
vt 0.53758 0.35958
vt 0.53043 0.35557
vt 0.54097 0.36747
vt 0.53458 0.36276
vt 0.52755 0.35849
vt 0.5204 0.35542
vt 0.53146 0.36562
vt 0.52467 0.36095
vt 0.51794 0.35818
vt 0.51265 0.35755
vt 0.53747 0.37064
vt 0.54692 0.37241
vt 0.5566 0.37403
vt 0.56663 0.37561
vt 0.5769 0.37722
vt 0.58746 0.37893
vt 0.59833 0.3808
vt 0.60958 0.38284
vt 0.62115 0.38502
vt 0.61644 0.38934
vt 0.6283 0.39197
vt 0.62324 0.39616
vt 0.63534 0.39929
vt 0.62987 0.40331
vt 0.64233 0.407
vt 0.63644 0.41083
vt 0.64928 0.41512
vt 0.643 0.41877
vt 0.65615 0.42373
vt 0.64937 0.42712
vt 0.66264 0.43291
vt 0.65538 0.43592
vt 0.66876 0.44258
vt 0.66095 0.44515
vt 0.67435 0.45274
vt 0.67622 0.43928
vt 0.68236 0.45006
vt 0.68761 0.46141
vt 0.68998 0.44669
vt 0.69589 0.45896
vt 0.70052 0.47182
vt 0.70363 0.456
vt 0.709 0.47
vt 0.71264 0.48446
vt 0.71688 0.46767
vt 0.72119 0.48355
vt 0.72326 0.49972
vt 0.72935 0.48179
vt 0.73197 0.49957
vt 0.73198 0.5173
vt 0.74082 0.49822
vt 0.74109 0.51806
vt 0.73826 0.53726
vt 0.75058 0.51835
vt 0.74712 0.54024
vt 0.74077 0.55989
vt 0.75603 0.54431
vt 0.74822 0.56613
vt 0.73883 0.58423
vt 0.755 0.57448
vt 0.74422 0.59327
vt 0.73303 0.60853
vt 0.74846 0.60437
vt 0.73638 0.61905
vt 0.72428 0.63142
vt 0.73864 0.63097
vt 0.72606 0.64227
vt 0.71344 0.65222
vt 0.727 0.65402
vt 0.71414 0.6629
vt 0.70122 0.67093
vt 0.71414 0.67413
vt 0.70114 0.68119
vt 0.68803 0.68778
vt 0.70044 0.69188
vt 0.68736 0.69757
vt 0.67413 0.70302
vt 0.68612 0.70768
vt 0.67299 0.71233
vt 0.65965 0.71689
vt 0.67137 0.72188
vt 0.6582 0.72568
vt 0.64479 0.72949
vt 0.65634 0.73465
vt 0.64316 0.73776
vt 0.62972 0.74091
vt 0.64119 0.74616
vt 0.62803 0.74865
vt 0.61456 0.75123
vt 0.62606 0.75647
vt 0.61293 0.75842
vt 0.59941 0.76051
vt 0.61108 0.76562
vt 0.59792 0.76713
vt 0.58419 0.76895
vt 0.5963 0.77367
vt 0.58288 0.77496
vt 0.56882 0.77669
vt 0.58157 0.78079
vt 0.56777 0.78216
vt 0.55389 0.78421
vt 0.56693 0.78741
vt 0.55347 0.78963
vt 0.54098 0.79257
vt 0.55341 0.79484
vt 0.54175 0.79831
vt 0.53144 0.80207
vt 0.54313 0.80385
vt 0.53328 0.80799
vt 0.52356 0.81211
vt 0.5354 0.81388
vt 0.54493 0.8092
vt 0.54727 0.81475
vt 0.55383 0.79981
vt 0.56585 0.79667
vt 0.56629 0.79234
vt 0.57886 0.79172
vt 0.57697 0.7968
vt 0.58027 0.78637
vt 0.5924 0.78662
vt 0.58964 0.79312
vt 0.59449 0.78018
vt 0.6064 0.78021
vt 0.60317 0.7878
vt 0.60894 0.77287
vt 0.62084 0.77251
vt 0.61734 0.78086
vt 0.62371 0.76443
vt 0.6357 0.76354
vt 0.63193 0.7727
vt 0.63875 0.75475
vt 0.6508 0.75338
vt 0.64691 0.76325
vt 0.65395 0.74387
vt 0.66603 0.74196
vt 0.66214 0.75259
vt 0.66915 0.73172
vt 0.68125 0.72921
vt 0.67747 0.74068
vt 0.68421 0.7182
vt 0.69632 0.71496
vt 0.69277 0.72732
vt 0.69899 0.70308
vt 0.71112 0.69889
vt 0.70796 0.7123
vt 0.71332 0.68605
vt 0.72549 0.68054
vt 0.72291 0.69513
vt 0.72703 0.66663
vt 0.73923 0.65932
vt 0.73747 0.67532
vt 0.73982 0.64421
vt 0.75202 0.63421
vt 0.75139 0.65196
vt 0.75127 0.61777
vt 0.76338 0.60339
vt 0.76432 0.62359
vt 0.76062 0.58599
vt 0.77231 0.56136
vt 0.7755 0.58637
vt 0.76507 0.55085
vt 0.77087 0.51904
vt 0.78285 0.51988
vt 0.76088 0.51876
vt 0.75896 0.49234
vt 0.7682 0.48678
vt 0.75012 0.49582
vt 0.74557 0.47463
vt 0.75368 0.46901
vt 0.7376 0.47879
vt 0.73165 0.46081
vt 0.73904 0.45565
vt 0.72436 0.46469
vt 0.7176 0.44894
vt 0.72445 0.44443
vt 0.71081 0.45264
vt 0.70358 0.43887
vt 0.70997 0.43461
vt 0.69704 0.44288
vt 0.68965 0.43092
vt 0.69576 0.4264
vt 0.6832 0.43531
vt 0.6759 0.42479
vt 0.6819 0.41998
vt 0.66952 0.42917
vt 0.66244 0.4197
vt 0.66834 0.41507
vt 0.66058 0.40605
vt 0.66581 0.40095
vt 0.67389 0.41004
vt 0.65513 0.41082
vt 0.64773 0.40253
vt 0.65284 0.39765
vt 0.64512 0.38976
vt 0.65777 0.39249
vt 0.64036 0.39473
vt 0.63296 0.38732
vt 0.67101 0.39564
vt 0.68481 0.39969
vt 0.67932 0.40488
vt 0.69336 0.41013
vt 0.68764 0.41508
vt 0.70182 0.4217
vt 0.69909 0.40476
vt 0.70784 0.4166
vt 0.71643 0.42969
vt 0.71365 0.41063
vt 0.72261 0.42395
vt 0.73126 0.43879
vt 0.72839 0.41694
vt 0.73754 0.43199
vt 0.74628 0.44906
vt 0.74328 0.42351
vt 0.75269 0.44072
vt 0.76157 0.46112
vt 0.75828 0.42981
vt 0.76811 0.44962
vt 0.77745 0.47647
vt 0.77301 0.4328
vt 0.78291 0.45113
vt 0.79373 0.47044
vt 0.78737 0.42469
vt 0.79882 0.43358
vt 0.78842 0.56964
vt 0.78947 0.60756
vt 0.77714 0.61309
vt 0.78836 0.6389
vt 0.77556 0.6401
vt 0.76379 0.64496
vt 0.77256 0.6657
vt 0.76073 0.66726
vt 0.74945 0.67058
vt 0.75652 0.68921
vt 0.7454 0.69001
vt 0.73453 0.69198
vt 0.74028 0.70941
vt 0.72975 0.70934
vt 0.71927 0.71028
vt 0.72399 0.72681
vt 0.71398 0.72603
vt 0.70381 0.72619
vt 0.70777 0.74193
vt 0.69818 0.74058
vt 0.68828 0.74016
vt 0.69167 0.75521
vt 0.68245 0.75343
vt 0.67279 0.75254
vt 0.67573 0.76697
vt 0.66684 0.76485
vt 0.65736 0.76364
vt 0.65998 0.77748
vt 0.65138 0.77512
vt 0.64215 0.77355
vt 0.64438 0.78694
vt 0.6362 0.78425
vt 0.62731 0.78218
vt 0.62904 0.79524
vt 0.62141 0.7921
vt 0.61291 0.78959
vt 0.61403 0.80222
vt 0.60696 0.79861
vt 0.59889 0.79556
vt 0.59939 0.80766
vt 0.59297 0.80356
vt 0.58573 0.79975
vt 0.5854 0.81151
vt 0.58002 0.80665
vt 0.57221 0.81363
vt 0.7844 0.6671
vt 0.80146 0.40303
vt 0.62842 0.47968
vt 0.61949 0.47823
vt 0.62942 0.48726
vt 0.62053 0.48549
vt 0.61187 0.48368
vt 0.62101 0.49278
vt 0.61242 0.49071
vt 0.60404 0.48859
vt 0.61237 0.49771
vt 0.60407 0.49534
vt 0.59598 0.49289
vt 0.6035 0.50197
vt 0.59543 0.49919
vt 0.60242 0.50848
vt 0.59438 0.50536
vt 0.6009 0.51494
vt 0.59292 0.51149
vt 0.58511 0.50786
vt 0.59111 0.51753
vt 0.58334 0.51355
vt 0.57574 0.50935
vt 0.58133 0.51913
vt 0.57384 0.51469
vt 0.57902 0.52473
vt 0.57169 0.52008
vt 0.57637 0.53032
vt 0.56927 0.52545
vt 0.57339 0.53591
vt 0.56653 0.53083
vt 0.57008 0.54148
vt 0.56348 0.53621
vt 0.56644 0.54699
vt 0.56011 0.54153
vt 0.55391 0.53606
vt 0.55643 0.5468
vt 0.55045 0.5412
vt 0.54457 0.5357
vt 0.54673 0.54634
vt 0.54106 0.54073
vt 0.53551 0.53527
vt 0.5373 0.5458
vt 0.53193 0.54028
vt 0.52667 0.53495
vt 0.52808 0.54531
vt 0.523 0.53996
vt 0.51799 0.53481
vt 0.51903 0.54494
vt 0.51418 0.5398
vt 0.50942 0.53482
vt 0.51005 0.54469
vt 0.50544 0.53974
vt 0.50089 0.5349
vt 0.50464 0.52997
vt 0.49638 0.53014
vt 0.49999 0.52522
vt 0.49192 0.52543
vt 0.49541 0.52056
vt 0.48747 0.52076
vt 0.49083 0.51599
vt 0.48296 0.51611
vt 0.48616 0.51147
vt 0.47829 0.51148
vt 0.4813 0.507
vt 0.47335 0.50687
vt 0.47615 0.50258
vt 0.46799 0.50235
vt 0.47054 0.49824
vt 0.46211 0.498
vt 0.46425 0.49408
vt 0.46527 0.50633
vt 0.45962 0.50172
vt 0.46244 0.51009
vt 0.457 0.50517
vt 0.45933 0.51352
vt 0.45417 0.5083
vt 0.45598 0.51663
vt 0.45112 0.51105
vt 0.45246 0.51944
vt 0.46013 0.52211
vt 0.45627 0.52509
vt 0.45223 0.52778
vt 0.45984 0.53054
vt 0.45541 0.53327
vt 0.45071 0.53572
vt 0.44787 0.53012
vt 0.45842 0.53864
vt 0.45334 0.54107
vt 0.46137 0.54387
vt 0.45586 0.5463
vt 0.46427 0.54893
vt 0.45832 0.55139
vt 0.46709 0.55389
vt 0.46076 0.55637
vt 0.46991 0.55878
vt 0.46318 0.56129
vt 0.47275 0.56365
vt 0.46563 0.56617
vt 0.47558 0.56853
vt 0.46807 0.57105
vt 0.47836 0.57344
vt 0.4705 0.57594
vt 0.48114 0.57842
vt 0.47296 0.58087
vt 0.48397 0.58348
vt 0.47545 0.58587
vt 0.48685 0.58864
vt 0.47801 0.59096
vt 0.48976 0.59392
vt 0.48058 0.59615
vt 0.4926 0.59937
vt 0.48311 0.60146
vt 0.49523 0.60499
vt 0.48551 0.60689
vt 0.49754 0.61086
vt 0.4877 0.61255
vt 0.49966 0.61706
vt 0.48971 0.61848
vt 0.5017 0.62345
vt 0.49155 0.62465
vt 0.50362 0.62995
vt 0.49322 0.63098
vt 0.50535 0.63651
vt 0.49464 0.63739
vt 0.50677 0.64311
vt 0.49577 0.64386
vt 0.50777 0.64977
vt 0.49652 0.6504
vt 0.50833 0.65644
vt 0.49685 0.65697
vt 0.50838 0.66311
vt 0.49672 0.66353
vt 0.50792 0.66966
vt 0.4961 0.66999
vt 0.50701 0.6759
vt 0.49504 0.67617
vt 0.50576 0.68167
vt 0.49371 0.68173
vt 0.50437 0.6867
vt 0.49229 0.68663
vt 0.50295 0.69132
vt 0.49081 0.69124
vt 0.50156 0.69566
vt 0.48935 0.69562
vt 0.50017 0.6999
vt 0.48781 0.70001
vt 0.49869 0.70421
vt 0.48618 0.70448
vt 0.49717 0.7086
vt 0.48455 0.70909
vt 0.49559 0.71338
vt 0.48285 0.71434
vt 0.49388 0.71905
vt 0.48121 0.72028
vt 0.49223 0.72523
vt 0.47978 0.72652
vt 0.49075 0.7316
vt 0.47861 0.73296
vt 0.48945 0.73808
vt 0.47764 0.73955
vt 0.4883 0.7447
vt 0.47686 0.7463
vt 0.48727 0.75145
vt 0.47618 0.75321
vt 0.48629 0.7584
vt 0.47558 0.76031
vt 0.4854 0.76559
vt 0.47511 0.76763
vt 0.48486 0.77295
vt 0.47497 0.77512
vt 0.48501 0.78042
vt 0.47527 0.78268
vt 0.476 0.79018
vt 0.49532 0.77057
vt 0.49632 0.76332
vt 0.50801 0.7614
vt 0.49766 0.75638
vt 0.50969 0.75454
vt 0.52233 0.75288
vt 0.51147 0.74781
vt 0.52441 0.74605
vt 0.53769 0.74442
vt 0.52657 0.73928
vt 0.54005 0.73747
vt 0.55366 0.73555
vt 0.54247 0.73048
vt 0.55619 0.72824
vt 0.56988 0.72576
vt 0.55868 0.72086
vt 0.5724 0.71795
vt 0.58585 0.71486
vt 0.57465 0.71034
vt 0.58807 0.70679
vt 0.60101 0.70327
vt 0.58967 0.69987
vt 0.60263 0.69566
vt 0.615 0.69162
vt 0.60362 0.68934
vt 0.61607 0.68435
vt 0.62795 0.67966
vt 0.61652 0.67824
vt 0.62849 0.67251
vt 0.63998 0.66707
vt 0.62833 0.66652
vt 0.63987 0.65997
vt 0.65101 0.65364
vt 0.63896 0.65434
vt 0.64997 0.64695
vt 0.66061 0.63962
vt 0.6481 0.64155
vt 0.65838 0.63335
vt 0.66825 0.62506
vt 0.65541 0.62803
vt 0.66473 0.61917
vt 0.67356 0.61
vt 0.66046 0.61368
vt 0.66864 0.60428
vt 0.67638 0.59454
vt 0.66311 0.59854
vt 0.67027 0.58889
vt 0.67706 0.57893
vt 0.66401 0.58332
vt 0.67029 0.57361
vt 0.67615 0.56355
vt 0.66342 0.56841
vt 0.66875 0.55871
vt 0.67357 0.54874
vt 0.66125 0.55404
vt 0.66557 0.54452
vt 0.66932 0.53481
vt 0.65755 0.54043
vt 0.66087 0.53119
vt 0.66356 0.52184
vt 0.65245 0.52766
vt 0.65475 0.51879
vt 0.65633 0.50991
vt 0.64599 0.51583
vt 0.64725 0.50742
vt 0.64787 0.49903
vt 0.63832 0.50494
vt 0.63874 0.49697
vt 0.63851 0.48898
vt 0.62984 0.49485
vt 0.62951 0.50249
vt 0.62091 0.50006
vt 0.62862 0.51014
vt 0.6201 0.50738
vt 0.61178 0.50465
vt 0.6188 0.51464
vt 0.61057 0.51154
vt 0.617 0.52184
vt 0.60892 0.51838
vt 0.61469 0.529
vt 0.60681 0.52518
vt 0.59901 0.52137
vt 0.60425 0.53188
vt 0.5966 0.52768
vt 0.589 0.52344
vt 0.59383 0.53389
vt 0.58644 0.52931
vt 0.59067 0.54002
vt 0.58353 0.53515
vt 0.58711 0.54609
vt 0.58026 0.54099
vt 0.58319 0.5521
vt 0.57665 0.54677
vt 0.57892 0.55805
vt 0.57269 0.5525
vt 0.5743 0.56386
vt 0.56836 0.55813
vt 0.56247 0.55244
vt 0.56371 0.56367
vt 0.5581 0.55782
vt 0.55247 0.55205
vt 0.55339 0.56311
vt 0.54806 0.55724
vt 0.54273 0.55147
vt 0.54328 0.56237
vt 0.53824 0.55655
vt 0.53322 0.55086
vt 0.53337 0.56152
vt 0.52863 0.55582
vt 0.52389 0.55029
vt 0.52361 0.56059
vt 0.51918 0.55508
vt 0.51471 0.54978
vt 0.514 0.55968
vt 0.50977 0.55444
vt 0.5055 0.54942
vt 0.50439 0.55888
vt 0.50038 0.55388
vt 0.49635 0.54898
vt 0.50113 0.54451
vt 0.49228 0.54416
vt 0.49679 0.53967
vt 0.48818 0.5394
vt 0.49246 0.5349
vt 0.4841 0.53464
vt 0.48817 0.53017
vt 0.48002 0.52984
vt 0.48389 0.52543
vt 0.4759 0.525
vt 0.47956 0.52068
vt 0.47166 0.5201
vt 0.47511 0.5159
vt 0.46729 0.51512
vt 0.47041 0.51109
vt 0.46794 0.52394
vt 0.46381 0.51879
vt 0.46407 0.52746
vt 0.47195 0.529
vt 0.46773 0.53262
vt 0.46325 0.53586
vt 0.47136 0.53766
vt 0.46652 0.54098
vt 0.47492 0.54258
vt 0.46977 0.54596
vt 0.47844 0.54745
vt 0.47298 0.55088
vt 0.48196 0.55227
vt 0.47615 0.55575
vt 0.48545 0.55709
vt 0.47932 0.5606
vt 0.48891 0.56196
vt 0.48249 0.56548
vt 0.49235 0.56693
vt 0.48564 0.57042
vt 0.49579 0.57201
vt 0.48877 0.57545
vt 0.49924 0.57723
vt 0.49191 0.58059
vt 0.50273 0.5826
vt 0.49512 0.58584
vt 0.50631 0.58815
vt 0.49839 0.59124
vt 0.50987 0.59396
vt 0.50158 0.59683
vt 0.51306 0.60011
vt 0.50449 0.60271
vt 0.51591 0.60657
vt 0.50698 0.60888
vt 0.5185 0.61313
vt 0.50927 0.61533
vt 0.52112 0.61962
vt 0.51155 0.62185
vt 0.52367 0.62612
vt 0.51377 0.62842
vt 0.52606 0.63272
vt 0.51585 0.63503
vt 0.5281 0.63947
vt 0.51759 0.64171
vt 0.52974 0.64632
vt 0.51891 0.64847
vt 0.53092 0.65329
vt 0.51976 0.65528
vt 0.53156 0.66028
vt 0.52006 0.66209
vt 0.53163 0.66717
vt 0.51982 0.66877
vt 0.53119 0.67376
vt 0.51911 0.67515
vt 0.5303 0.67988
vt 0.518 0.6811
vt 0.52913 0.68535
vt 0.51669 0.68633
vt 0.5279 0.69007
vt 0.51535 0.69099
vt 0.52672 0.6944
vt 0.51406 0.69531
vt 0.52564 0.69841
vt 0.51282 0.69943
vt 0.52458 0.70237
vt 0.51154 0.70358
vt 0.52344 0.70646
vt 0.5102 0.70781
vt 0.52224 0.71068
vt 0.50879 0.71225
vt 0.52082 0.71555
vt 0.50717 0.7175
vt 0.51906 0.72155
vt 0.50539 0.72358
vt 0.51716 0.728
vt 0.50365 0.72991
vt 0.51521 0.73451
vt 0.50202 0.73637
vt 0.51332 0.74115
vt 0.50047 0.74293
vt 0.49903 0.74959
vt 0.52878 0.73257
vt 0.53091 0.72578
vt 0.54483 0.72351
vt 0.53295 0.71922
vt 0.5469 0.71662
vt 0.56088 0.7137
vt 0.54848 0.71076
vt 0.56236 0.70764
vt 0.5762 0.70399
vt 0.56323 0.70306
vt 0.57699 0.69911
vt 0.59057 0.69441
vt 0.57739 0.69491
vt 0.59085 0.68993
vt 0.60397 0.68421
vt 0.59081 0.68603
vt 0.60376 0.67988
vt 0.6163 0.67323
vt 0.60329 0.67619
vt 0.61561 0.66913
vt 0.62751 0.66178
vt 0.61468 0.66543
vt 0.62628 0.65772
vt 0.63743 0.6497
vt 0.62473 0.65355
vt 0.63544 0.6453
vt 0.64568 0.63674
vt 0.63292 0.64021
vt 0.6426 0.63163
vt 0.65179 0.62275
vt 0.63875 0.62556
vt 0.64737 0.61685
vt 0.6555 0.60783
vt 0.64248 0.61056
vt 0.65011 0.60177
vt 0.65732 0.59269
vt 0.64454 0.59573
vt 0.65128 0.5869
vt 0.65762 0.57779
vt 0.6451 0.58123
vt 0.65096 0.5724
vt 0.65641 0.56333
vt 0.64417 0.56719
vt 0.64915 0.55846
vt 0.65367 0.54954
vt 0.64182 0.55375
vt 0.64591 0.54519
vt 0.64952 0.53647
vt 0.63815 0.54098
vt 0.64137 0.53266
vt 0.64404 0.52425
vt 0.63324 0.52896
vt 0.63555 0.52097
vt 0.63731 0.51294
vt 0.62719 0.51775
vt 0.62512 0.52536
vt 0.63038 0.53689
vt 0.62255 0.53291
vt 0.62695 0.54475
vt 0.61943 0.54038
vt 0.61192 0.53608
vt 0.61583 0.54771
vt 0.60856 0.54304
vt 0.60128 0.53845
vt 0.60479 0.54985
vt 0.59777 0.5449
vt 0.60064 0.55648
vt 0.5939 0.55125
vt 0.59611 0.56299
vt 0.58967 0.55751
vt 0.59119 0.56935
vt 0.58508 0.56366
vt 0.5859 0.57556
vt 0.58013 0.56967
vt 0.58022 0.58158
vt 0.57479 0.57553
vt 0.56932 0.56956
vt 0.56908 0.58119
vt 0.5639 0.57508
vt 0.5587 0.56907
vt 0.55817 0.58044
vt 0.55323 0.57433
vt 0.54831 0.5683
vt 0.54743 0.57943
vt 0.54276 0.57333
vt 0.53811 0.56736
vt 0.53687 0.57814
vt 0.53245 0.57212
vt 0.52805 0.56627
vt 0.52649 0.57662
vt 0.52232 0.57077
vt 0.51819 0.56513
vt 0.51621 0.57502
vt 0.51227 0.56944
vt 0.50839 0.56406
vt 0.50599 0.57348
vt 0.50229 0.56819
vt 0.49861 0.56306
vt 0.49488 0.55807
vt 0.49113 0.55318
vt 0.48734 0.54838
vt 0.48352 0.5436
vt 0.4797 0.53879
vt 0.47585 0.53393
vt 0.50971 0.57897
vt 0.52019 0.58083
vt 0.51351 0.58468
vt 0.52416 0.58689
vt 0.51729 0.59068
vt 0.52806 0.59317
vt 0.52084 0.59699
vt 0.53181 0.59955
vt 0.52415 0.60345
vt 0.53537 0.60597
vt 0.52725 0.60989
vt 0.53875 0.61247
vt 0.53025 0.61639
vt 0.54196 0.61909
vt 0.53312 0.62294
vt 0.54497 0.62587
vt 0.53579 0.62962
vt 0.54768 0.63278
vt 0.53815 0.63645
vt 0.55 0.63985
vt 0.54012 0.64343
vt 0.55192 0.64706
vt 0.54166 0.65055
vt 0.55339 0.65437
vt 0.5427 0.65772
vt 0.55432 0.66167
vt 0.54317 0.66483
vt 0.55463 0.66876
vt 0.54307 0.67166
vt 0.55443 0.67545
vt 0.54248 0.67805
vt 0.5538 0.68148
vt 0.54152 0.68382
vt 0.55297 0.68651
vt 0.54044 0.68866
vt 0.55215 0.6909
vt 0.53941 0.69301
vt 0.55148 0.69479
vt 0.53852 0.69696
vt 0.5509 0.69844
vt 0.53768 0.70077
vt 0.55026 0.70219
vt 0.5368 0.70467
vt 0.5495 0.70624
vt 0.53582 0.70875
vt 0.53462 0.71336
vt 0.56381 0.699
vt 0.56418 0.69526
vt 0.57757 0.69115
vt 0.56452 0.69175
vt 0.57761 0.68768
vt 0.5906 0.68247
vt 0.57767 0.68394
vt 0.59028 0.67879
vt 0.60268 0.67255
vt 0.58996 0.67458
vt 0.60193 0.66847
vt 0.61356 0.66136
vt 0.60098 0.66311
vt 0.61208 0.65616
vt 0.62276 0.64844
vt 0.61005 0.64958
vt 0.6201 0.64206
vt 0.62971 0.63399
vt 0.61695 0.63514
vt 0.62592 0.6273
vt 0.63443 0.61906
vt 0.62176 0.62048
vt 0.62975 0.61252
vt 0.63739 0.60426
vt 0.62483 0.60605
vt 0.632 0.59806
vt 0.6388 0.58978
vt 0.62643 0.59197
vt 0.63278 0.58397
vt 0.63874 0.57571
vt 0.62663 0.5783
vt 0.63215 0.57035
vt 0.63726 0.56215
vt 0.62547 0.56511
vt 0.63015 0.55726
vt 0.63445 0.54919
vt 0.62309 0.55244
vt 0.61866 0.55994
vt 0.61182 0.55483
vt 0.61385 0.56721
vt 0.60731 0.56178
vt 0.60866 0.57426
vt 0.60244 0.56856
vt 0.60305 0.58112
vt 0.59718 0.57518
vt 0.59707 0.58777
vt 0.59154 0.58159
vt 0.59073 0.59415
vt 0.58554 0.58779
vt 0.58405 0.60027
vt 0.57919 0.59375
vt 0.57423 0.5874
vt 0.57252 0.59945
vt 0.56785 0.59298
vt 0.56307 0.58665
vt 0.56115 0.59832
vt 0.55667 0.5919
vt 0.55211 0.58562
vt 0.54997 0.59693
vt 0.54568 0.59057
vt 0.54131 0.5843
vt 0.53895 0.59523
vt 0.53485 0.5889
vt 0.5307 0.58268
vt 0.5429 0.60164
vt 0.55413 0.6034
vt 0.54668 0.60813
vt 0.55808 0.61
vt 0.55026 0.61476
vt 0.56182 0.61677
vt 0.55362 0.62155
vt 0.56531 0.62374
vt 0.55673 0.62852
vt 0.56845 0.63091
vt 0.55944 0.63566
vt 0.5712 0.63822
vt 0.56176 0.64294
vt 0.57356 0.64566
vt 0.56368 0.65035
vt 0.57547 0.65318
vt 0.56508 0.6578
vt 0.5768 0.66063
vt 0.56588 0.66512
vt 0.57757 0.66772
vt 0.56612 0.672
vt 0.57782 0.67419
vt 0.5659 0.67828
vt 0.57778 0.67957
vt 0.56541 0.68353
vt 0.56491 0.68795
vt 0.58956 0.66913
vt 0.5887 0.66249
vt 0.5996 0.65642
vt 0.5874 0.65532
vt 0.59766 0.64924
vt 0.60755 0.64246
vt 0.5952 0.64183
vt 0.60448 0.6352
vt 0.61337 0.62805
vt 0.60098 0.628
vt 0.60933 0.62107
vt 0.6173 0.61373
vt 0.60502 0.61419
vt 0.61252 0.60711
vt 0.61969 0.59968
vt 0.60757 0.60054
vt 0.61428 0.59341
vt 0.62069 0.58598
vt 0.60879 0.5872
vt 0.61474 0.58007
vt 0.62035 0.5727
vt 0.60241 0.59409
vt 0.60049 0.60738
vt 0.59571 0.6007
vt 0.59302 0.61388
vt 0.58865 0.60699
vt 0.58523 0.61998
vt 0.58124 0.61294
vt 0.57703 0.60609
vt 0.57347 0.61853
vt 0.56961 0.61159
vt 0.5655 0.60487
vt 0.57704 0.62566
vt 0.58889 0.62717
vt 0.58024 0.63295
vt 0.59224 0.63444
vt 0.58308 0.64034
vt 0.58551 0.64784
vt 0.59716 0.62089
vt 0.45937 0.36809
vt 0.45857 0.36308
vt 0.46575 0.36144
vt 0.45806 0.35809
vt 0.46524 0.35624
vt 0.47223 0.35457
vt 0.46494 0.35091
vt 0.47198 0.34918
vt 0.47888 0.34765
vt 0.47196 0.34378
vt 0.47916 0.34236
vt 0.48639 0.34127
vt 0.47965 0.33714
vt 0.48722 0.33625
vt 0.49477 0.33582
vt 0.48814 0.3313
vt 0.49593 0.33106
vt 0.50363 0.33136
vt 0.49702 0.32629
vt 0.50491 0.32671
vt 0.51265 0.32765
vt 0.50608 0.32199
vt 0.514 0.32301
vt 0.52182 0.32451
vt 0.51523 0.31826
vt 0.52322 0.31983
vt 0.53119 0.32191
vt 0.52451 0.31506
vt 0.53262 0.31717
vt 0.54073 0.31977
vt 0.53393 0.31234
vt 0.54215 0.31496
vt 0.55039 0.31805
vt 0.54347 0.31008
vt 0.55181 0.31315
vt 0.56017 0.31663
vt 0.55314 0.30813
vt 0.56163 0.31161
vt 0.57016 0.3155
vt 0.56298 0.30641
vt 0.57167 0.31031
vt 0.58044 0.31458
vt 0.57306 0.30501
vt 0.582 0.30926
vt 0.59104 0.3138
vt 0.58337 0.30385
vt 0.59259 0.30836
vt 0.60193 0.31315
vt 0.59395 0.30285
vt 0.60347 0.30757
vt 0.61314 0.31255
vt 0.60484 0.30193
vt 0.61469 0.30682
vt 0.62467 0.3119
vt 0.61606 0.301
vt 0.6262 0.3059
vt 0.63633 0.31085
vt 0.6275 0.29974
vt 0.63769 0.30435
vt 0.64778 0.30902
vt 0.63869 0.29754
vt 0.64868 0.30169
vt 0.65869 0.30606
vt 0.64899 0.29383
vt 0.65883 0.29768
vt 0.66888 0.30187
vt 0.65816 0.28864
vt 0.66804 0.29231
vt 0.67817 0.29629
vt 0.66629 0.28215
vt 0.67622 0.28552
vt 0.6864 0.28915
vt 0.67325 0.27414
vt 0.68317 0.2771
vt 0.69338 0.28029
vt 0.67886 0.26456
vt 0.68881 0.26703
vt 0.69901 0.26963
vt 0.68326 0.25352
vt 0.69315 0.2554
vt 0.70328 0.25726
vt 0.68634 0.24104
vt 0.6961 0.24213
vt 0.70594 0.24294
vt 0.68788 0.22697
vt 0.69723 0.22695
vt 0.70663 0.22661
vt 0.68742 0.21115
vt 0.69631 0.21003
vt 0.70526 0.20866
vt 0.6849 0.19385
vt 0.69337 0.19179
vt 0.70205 0.18966
vt 0.68036 0.17551
vt 0.68863 0.17279
vt 0.69733 0.17025
vt 0.67405 0.15655
vt 0.68248 0.1535
vt 0.69176 0.15092
vt 0.66653 0.1376
vt 0.6758 0.13462
vt 0.68645 0.13222
vt 0.70196 0.14911
vt 0.65903 0.11941
vt 0.6701 0.1166
vt 0.6361 0.90583
vt 0.62136 0.91872
vt 0.61951 0.90774
vt 0.60741 0.93003
vt 0.60562 0.91878
vt 0.60361 0.90815
vt 0.59252 0.92827
vt 0.59046 0.9175
vt 0.58814 0.90741
vt 0.57782 0.92562
vt 0.57538 0.91555
vt 0.5727 0.90619
vt 0.56286 0.92271
vt 0.56007 0.91336
vt 0.55721 0.90458
vt 0.54752 0.91976
vt 0.54457 0.91095
vt 0.54178 0.90255
vt 0.53192 0.91669
vt 0.52915 0.90818
vt 0.52689 0.89978
vt 0.51647 0.91324
vt 0.51434 0.90467
vt 0.51272 0.89618
vt 0.50173 0.90905
vt 0.50031 0.90042
vt 0.499 0.892
vt 0.48782 0.90417
vt 0.48677 0.89562
vt 0.48559 0.8874
vt 0.47447 0.89879
vt 0.47354 0.89045
vt 0.47243 0.88243
vt 0.46144 0.89307
vt 0.46057 0.88492
vt 0.45959 0.87709
vt 0.44869 0.88702
vt 0.44794 0.87908
vt 0.44714 0.87137
vt 0.43632 0.8807
vt 0.43572 0.87287
vt 0.4351 0.86523
vt 0.42435 0.874
vt 0.42394 0.86625
vt 0.4235 0.85871
vt 0.42474 0.88186
vt 0.42507 0.88991
vt 0.43686 0.88873
vt 0.4373 0.89704
vt 0.42535 0.89836
vt 0.44936 0.8953
vt 0.4499 0.90384
vt 0.43773 0.90573
vt 0.46218 0.90154
vt 0.46284 0.91034
vt 0.45048 0.91281
vt 0.47532 0.90747
vt 0.47642 0.91641
vt 0.46389 0.91949
vt 0.48907 0.91297
vt 0.49097 0.92189
vt 0.47824 0.92558
vt 0.50374 0.9178
vt 0.50639 0.92661
vt 0.49352 0.93092
vt 0.5192 0.9219
vt 0.52222 0.9308
vt 0.50936 0.93563
vt 0.53493 0.92555
vt 0.53789 0.93484
vt 0.52522 0.9401
vt 0.55042 0.92909
vt 0.55316 0.93899
vt 0.54075 0.94466
vt 0.56546 0.9327
vt 0.56791 0.94332
vt 0.55583 0.94945
vt 0.58002 0.93636
vt 0.58228 0.9476
vt 0.57046 0.95439
vt 0.59442 0.9396
vt 0.63681 0.08857
vt 0.62572 0.09352
vt 0.61055 0.08302
vt 0.62084 0.07714
vt 0.6534 0.10204
vt 0.642 0.10533
vt 0.63256 0.11013
vt 0.61609 0.09884
vt 0.64968 0.12285
vt 0.64185 0.12756
vt 0.62484 0.11542
vt 0.65836 0.14118
vt 0.65094 0.14559
vt 0.63492 0.13263
vt 0.6662 0.1599
vt 0.65868 0.16375
vt 0.64401 0.15016
vt 0.67237 0.17825
vt 0.66444 0.18131
vt 0.65136 0.16757
vt 0.67652 0.19573
vt 0.668 0.19779
vt 0.65651 0.18415
vt 0.67854 0.21197
vt 0.66951 0.21295
vt 0.65949 0.19959
vt 0.67856 0.22669
vt 0.66904 0.22661
vt 0.66045 0.21366
vt 0.67674 0.23984
vt 0.66713 0.23903
vt 0.6597 0.22643
vt 0.67363 0.25172
vt 0.66402 0.25032
vt 0.65783 0.23823
vt 0.66922 0.26225
vt 0.6596 0.26027
vt 0.65467 0.24891
vt 0.66354 0.27135
vt 0.65393 0.26888
vt 0.65024 0.25838
vt 0.65661 0.27899
vt 0.64706 0.27626
vt 0.64461 0.26665
vt 0.64854 0.28533
vt 0.63895 0.28243
vt 0.63771 0.27392
vt 0.63922 0.29026
vt 0.62924 0.2868
vt 0.62929 0.2797
vt 0.62857 0.2934
vt 0.61824 0.28915
vt 0.61898 0.28306
vt 0.61727 0.2951
vt 0.60707 0.29053
vt 0.60792 0.28476
vt 0.60606 0.29622
vt 0.59617 0.2917
vt 0.59704 0.28609
vt 0.59516 0.29727
vt 0.58558 0.29293
vt 0.58645 0.28743
vt 0.58458 0.2984
vt 0.57526 0.29429
vt 0.57612 0.28889
vt 0.57426 0.29965
vt 0.56516 0.29584
vt 0.56599 0.29054
vt 0.56418 0.30112
vt 0.55529 0.2977
vt 0.55607 0.29244
vt 0.55434 0.30295
vt 0.54565 0.29995
vt 0.5464 0.29471
vt 0.54468 0.3051
vt 0.53615 0.3025
vt 0.53696 0.29736
vt 0.53515 0.30746
vt 0.52672 0.30532
vt 0.5276 0.30033
vt 0.5257 0.31023
vt 0.51735 0.30857
vt 0.51825 0.30364
vt 0.51636 0.31344
vt 0.50807 0.3123
vt 0.50892 0.30737
vt 0.50715 0.3172
vt 0.4989 0.31659
vt 0.4997 0.31163
vt 0.49803 0.32149
vt 0.48983 0.32146
vt 0.49059 0.31647
vt 0.48904 0.32641
vt 0.48095 0.32695
vt 0.48159 0.32188
vt 0.48032 0.33205
vt 0.47247 0.33311
vt 0.47286 0.3279
vt 0.47216 0.33843
vt 0.46466 0.33994
vt 0.46465 0.33448
vt 0.4648 0.3455
vt 0.45752 0.34728
vt 0.45721 0.3417
vt 0.45782 0.35284
vt 0.45047 0.35479
vt 0.45034 0.34934
vt 0.44306 0.35127
vt 0.4426 0.3455
vt 0.44983 0.34356
vt 0.44154 0.33961
vt 0.44912 0.33774
vt 0.45688 0.33611
vt 0.44852 0.33214
vt 0.45667 0.3306
vt 0.46481 0.32919
vt 0.4567 0.32523
vt 0.46502 0.32386
vt 0.47335 0.32275
vt 0.46537 0.31852
vt 0.47381 0.31751
vt 0.48225 0.31682
vt 0.4743 0.31222
vt 0.48281 0.31164
vt 0.49131 0.31144
vt 0.48332 0.3064
vt 0.49187 0.30631
vt 0.50044 0.30663
vt 0.49236 0.30115
vt 0.50103 0.30157
vt 0.5097 0.3024
vt 0.5015 0.29649
vt 0.51027 0.29737
vt 0.51901 0.29863
vt 0.51065 0.29224
vt 0.51948 0.29351
vt 0.52828 0.2952
vt 0.5197 0.28827
vt 0.5286 0.28996
vt 0.53754 0.29211
vt 0.5288 0.28469
vt 0.53788 0.28686
vt 0.547 0.28944
vt 0.53821 0.28162
vt 0.54746 0.28422
vt 0.55675 0.28716
vt 0.5479 0.27899
vt 0.55729 0.28191
vt 0.56672 0.28519
vt 0.55777 0.27664
vt 0.56729 0.27987
vt 0.57686 0.28345
vt 0.56775 0.27452
vt 0.57742 0.27804
vt 0.58719 0.28188
vt 0.57784 0.27259
vt 0.58772 0.27637
vt 0.59775 0.28043
vt 0.58807 0.27079
vt 0.59824 0.27476
vt 0.60859 0.27893
vt 0.59854 0.26912
vt 0.60896 0.27306
vt 0.61929 0.27664
vt 0.60902 0.26708
vt 0.61895 0.26992
vt 0.62845 0.27194
vt 0.6176 0.2623
vt 0.62645 0.2635
vt 0.63549 0.2648
vt 0.62325 0.25449
vt 0.63203 0.2554
vt 0.6411 0.25664
vt 0.62761 0.24578
vt 0.63644 0.24659
vt 0.64552 0.24756
vt 0.63088 0.23645
vt 0.63968 0.23697
vt 0.64876 0.23745
vt 0.63291 0.22631
vt 0.64167 0.22638
vt 0.65067 0.22623
vt 0.63372 0.21536
vt 0.64245 0.21487
vt 0.65145 0.21413
vt 0.63343 0.20369
vt 0.64211 0.20252
vt 0.65088 0.20101
vt 0.63193 0.19125
vt 0.64024 0.18921
vt 0.64849 0.18667
vt 0.62887 0.17791
vt 0.63655 0.17479
vt 0.64403 0.17113
vt 0.62387 0.16365
vt 0.6307 0.15941
vt 0.63735 0.15472
vt 0.61667 0.14856
vt 0.62259 0.14336
vt 0.62857 0.13783
vt 0.60723 0.13304
vt 0.61256 0.12716
vt 0.6183 0.12103
vt 0.59644 0.11766
vt 0.6019 0.11123
vt 0.60821 0.10467
vt 0.58695 0.1025
vt 0.5935 0.09575
vt 0.60136 0.08903
vt 0.58028 0.08751
vt 0.58776 0.0805
vt 0.59614 0.07335
vt 0.57428 0.07218
vt 0.58186 0.06461
vt 0.59003 0.05661
vt 0.60535 0.0666
vt 0.56747 0.05621
vt 0.57468 0.04771
vt 0.55861 0.96033
vt 0.54645 0.96573
vt 0.54355 0.95499
vt 0.53385 0.97069
vt 0.53093 0.96008
vt 0.52811 0.94988
vt 0.5179 0.96482
vt 0.51516 0.95469
vt 0.51233 0.94498
vt 0.50186 0.9592
vt 0.49916 0.94948
vt 0.49635 0.94011
vt 0.48572 0.95366
vt 0.48314 0.94417
vt 0.48059 0.93485
vt 0.46976 0.94783
vt 0.46755 0.93832
vt 0.46554 0.92886
vt 0.45441 0.9413
vt 0.4528 0.93167
vt 0.45145 0.92214
vt 0.44005 0.93394
vt 0.43904 0.92427
vt 0.43825 0.91484
vt 0.42662 0.92585
vt 0.42605 0.91634
vt 0.42567 0.90716
vt 0.42725 0.9356
vt 0.428 0.94548
vt 0.44123 0.94373
vt 0.44256 0.95356
vt 0.42891 0.95546
vt 0.45621 0.95101
vt 0.45805 0.96074
vt 0.44397 0.96346
vt 0.47201 0.95747
vt 0.47415 0.96722
vt 0.45982 0.97062
vt 0.48821 0.96342
vt 0.49052 0.97341
vt 0.47617 0.97723
vt 0.50447 0.96929
vt 0.50702 0.97964
vt 0.49278 0.98374
vt 0.52073 0.97534
vt 0.54361 0.03178
vt 0.538 0.04114
vt 0.52275 0.03452
vt 0.52765 0.02503
vt 0.55924 0.03946
vt 0.55288 0.04829
vt 0.54642 0.05672
vt 0.53214 0.04978
vt 0.56052 0.06411
vt 0.55417 0.07189
vt 0.54038 0.06463
vt 0.56752 0.07951
vt 0.56144 0.08684
vt 0.54859 0.07922
vt 0.57385 0.09446
vt 0.56808 0.10129
vt 0.55577 0.09354
vt 0.58133 0.10901
vt 0.57652 0.11536
vt 0.56288 0.10737
vt 0.59158 0.1237
vt 0.58706 0.12961
vt 0.5722 0.12108
vt 0.60204 0.13855
vt 0.59673 0.14377
vt 0.58248 0.1348
vt 0.61056 0.15321
vt 0.60415 0.1575
vt 0.59108 0.14824
vt 0.61678 0.16722
vt 0.60944 0.17051
vt 0.59741 0.16103
vt 0.621 0.18041
vt 0.61305 0.18277
vt 0.60196 0.17311
vt 0.62365 0.19282
vt 0.61543 0.19444
vt 0.60521 0.18461
vt 0.62499 0.20453
vt 0.61671 0.20556
vt 0.60748 0.1957
vt 0.62526 0.21566
vt 0.61699 0.21624
vt 0.60881 0.20641
vt 0.62443 0.22619
vt 0.61612 0.22638
vt 0.6091 0.21674
vt 0.62235 0.23601
vt 0.614 0.23589
vt 0.60817 0.22658
vt 0.61909 0.24516
vt 0.61073 0.24487
vt 0.60598 0.2359
vt 0.61479 0.25378
vt 0.60617 0.25292
vt 0.60258 0.24455
vt 0.6084 0.26055
vt 0.59826 0.25773
vt 0.59682 0.25115
vt 0.59865 0.26348
vt 0.58816 0.25978
vt 0.58778 0.25428
vt 0.58824 0.26524
vt 0.57803 0.26169
vt 0.57782 0.25628
vt 0.57807 0.2671
vt 0.56814 0.26379
vt 0.56803 0.25844
vt 0.56808 0.26913
vt 0.55835 0.26608
vt 0.55837 0.26079
vt 0.55817 0.27134
vt 0.54857 0.26856
vt 0.5487 0.26334
vt 0.54831 0.27375
vt 0.5388 0.27124
vt 0.539 0.26607
vt 0.53856 0.2764
vt 0.52917 0.2742
vt 0.52933 0.26903
vt 0.52902 0.2794
vt 0.51981 0.27763
vt 0.51985 0.27237
vt 0.5198 0.28294
vt 0.51076 0.28164
vt 0.51069 0.27627
vt 0.51081 0.28698
vt 0.50187 0.28605
vt 0.50179 0.28067
vt 0.50181 0.29131
vt 0.4929 0.2907
vt 0.49293 0.28538
vt 0.49274 0.29595
vt 0.48396 0.29578
vt 0.48406 0.29041
vt 0.48375 0.30112
vt 0.47511 0.30147
vt 0.4753 0.296
vt 0.4748 0.30689
vt 0.46619 0.30765
vt 0.46655 0.30214
vt 0.46582 0.31315
vt 0.45724 0.31428
vt 0.45763 0.30865
vt 0.45696 0.31986
vt 0.44844 0.32132
vt 0.44874 0.3156
vt 0.44835 0.32684
vt 0.43982 0.32855
vt 0.43993 0.32294
vt 0.44037 0.33396
vt 0.43224 0.33606
vt 0.43132 0.33056
vt 0.43403 0.34168
vt 0.42624 0.34385
vt 0.42413 0.33844
vt 0.43531 0.34748
vt 0.42788 0.34959
vt 0.41981 0.35165
vt 0.41835 0.34633
vt 0.41614 0.34068
vt 0.41518 0.33409
vt 0.42313 0.33263
vt 0.41576 0.3272
vt 0.42341 0.3261
vt 0.43157 0.32467
vt 0.42399 0.31956
vt 0.43199 0.31838
vt 0.44035 0.31707
vt 0.43244 0.31215
vt 0.4407 0.31101
vt 0.44916 0.30983
vt 0.44114 0.30499
vt 0.44951 0.30396
vt 0.45802 0.30301
vt 0.44982 0.29808
vt 0.45823 0.29729
vt 0.46675 0.29654
vt 0.45818 0.29149
vt 0.46665 0.29087
vt 0.47531 0.29045
vt 0.46638 0.28521
vt 0.47511 0.28496
vt 0.48402 0.28498
vt 0.47481 0.27947
vt 0.48378 0.27959
vt 0.49283 0.27997
vt 0.48345 0.27418
vt 0.49254 0.2746
vt 0.50164 0.27525
vt 0.49218 0.26921
vt 0.50136 0.2699
vt 0.51061 0.27092
vt 0.5011 0.26459
vt 0.51047 0.26568
vt 0.51991 0.26714
vt 0.51034 0.26048
vt 0.51987 0.262
vt 0.52946 0.26385
vt 0.51979 0.25686
vt 0.52942 0.25873
vt 0.53909 0.26088
vt 0.5293 0.25359
vt 0.53898 0.25573
vt 0.54869 0.25809
vt 0.53876 0.25055
vt 0.54846 0.25289
vt 0.55822 0.25549
vt 0.54808 0.24766
vt 0.55781 0.25022
vt 0.56773 0.25306
vt 0.5572 0.2449
vt 0.56711 0.24773
vt 0.57737 0.25085
vt 0.56623 0.24234
vt 0.57642 0.24539
vt 0.58678 0.24843
vt 0.57486 0.23956
vt 0.58476 0.24202
vt 0.5941 0.24369
vt 0.58181 0.23504
vt 0.5903 0.23588
vt 0.59823 0.23598
vt 0.58583 0.2279
vt 0.59316 0.22748
vt 0.60058 0.2269
vt 0.58745 0.21892
vt 0.59437 0.21806
vt 0.60161 0.21726
vt 0.58749 0.2093
vt 0.59421 0.20822
vt 0.60133 0.20718
vt 0.58602 0.19932
vt 0.59273 0.19803
vt 0.59992 0.19674
vt 0.58348 0.18916
vt 0.59034 0.18765
vt 0.59762 0.18605
vt 0.58034 0.17897
vt 0.58727 0.17713
vt 0.59452 0.17511
vt 0.57661 0.16866
vt 0.58345 0.16638
vt 0.59044 0.16379
vt 0.57211 0.15808
vt 0.57859 0.15524
vt 0.585 0.15192
vt 0.56653 0.1471
vt 0.57229 0.14353
vt 0.57761 0.13935
vt 0.55939 0.13551
vt 0.56396 0.13109
vt 0.56811 0.12618
vt 0.55046 0.12326
vt 0.55416 0.11811
vt 0.55823 0.11278
vt 0.54119 0.11065
vt 0.54537 0.10512
vt 0.55034 0.09949
vt 0.533 0.09814
vt 0.53798 0.09225
vt 0.54336 0.08595
vt 0.52538 0.08567
vt 0.53026 0.07912
vt 0.53514 0.07204
vt 0.5168 0.07294
vt 0.52136 0.06566
vt 0.52646 0.05787
vt 0.50752 0.05987
vt 0.51235 0.05186
vt 0.51757 0.04336
vt 0.49796 0.04642
vt 0.50252 0.03774
vt 0.50701 0.02857
vt 0.48693 0.03281
vt 0.49067 0.02353
vt 0.49433 0.01376
vt 0.51127 0.01901
vt 0.4737 0.01935
vt 0.47677 0.00952
vt 0.47806 0.98758
vt 0.46289 0.99094
vt 0.46148 0.98069
vt 0.44753 0.99389
vt 0.4465 0.98354
vt 0.44532 0.97346
vt 0.43151 0.98576
vt 0.43074 0.97555
vt 0.42987 0.9655
vt 0.43213 0.9961
vt 0.43986 0.00383
vt 0.43817 0.014
vt 0.45858 0.00622
vt 0.45613 0.01609
vt 0.4539 0.02568
vt 0.4367 0.02357
vt 0.4707 0.02869
vt 0.46771 0.0378
vt 0.45169 0.03485
vt 0.48312 0.04163
vt 0.47934 0.05024
vt 0.4647 0.04651
vt 0.49356 0.05465
vt 0.48951 0.06264
vt 0.47579 0.05844
vt 0.5032 0.0674
vt 0.49922 0.07471
vt 0.48592 0.07022
vt 0.51242 0.07976
vt 0.50811 0.08653
vt 0.49543 0.08175
vt 0.52065 0.09188
vt 0.51656 0.09826
vt 0.50434 0.0932
vt 0.52883 0.10399
vt 0.5253 0.10999
vt 0.51319 0.10453
vt 0.53765 0.11615
vt 0.53412 0.12149
vt 0.52199 0.11563
vt 0.54658 0.12805
vt 0.54221 0.13263
vt 0.53025 0.12641
vt 0.55435 0.13945
vt 0.54906 0.14332
vt 0.53751 0.13687
vt 0.56061 0.15029
vt 0.55478 0.15358
vt 0.54376 0.14699
vt 0.56574 0.1607
vt 0.55963 0.16352
vt 0.54915 0.15679
vt 0.57006 0.17081
vt 0.56384 0.17321
vt 0.55383 0.16631
vt 0.57378 0.18075
vt 0.56762 0.18278
vt 0.558 0.1756
vt 0.57707 0.19067
vt 0.5711 0.19243
vt 0.56188 0.18478
vt 0.57977 0.20065
vt 0.57387 0.20221
vt 0.56556 0.19415
vt 0.58113 0.21046
vt 0.57496 0.21176
vt 0.56834 0.20369
vt 0.58071 0.21978
vt 0.57384 0.2204
vt 0.56893 0.21274
vt 0.57814 0.22777
vt 0.5698 0.2268
vt 0.56656 0.22008
vt 0.57267 0.23329
vt 0.56322 0.23099
vt 0.56119 0.22504
vt 0.56497 0.23675
vt 0.55528 0.23414
vt 0.55395 0.22858
vt 0.55641 0.23954
vt 0.54678 0.23711
vt 0.54585 0.23175
vt 0.54756 0.24238
vt 0.53789 0.24016
vt 0.53721 0.23491
vt 0.53843 0.24534
vt 0.52869 0.24331
vt 0.52818 0.23814
vt 0.52909 0.24842
vt 0.51932 0.24661
vt 0.5189 0.2415
vt 0.51963 0.2517
vt 0.50987 0.25017
vt 0.50949 0.24506
vt 0.51017 0.25529
vt 0.50051 0.25414
vt 0.50011 0.24898
vt 0.50085 0.25931
vt 0.49137 0.25856
vt 0.49092 0.25331
vt 0.49181 0.26383
vt 0.48255 0.26342
vt 0.48203 0.25808
vt 0.48305 0.26876
vt 0.47393 0.26858
vt 0.47342 0.26322
vt 0.47443 0.27396
vt 0.46549 0.27403
vt 0.46497 0.26856
vt 0.46599 0.27955
vt 0.45734 0.27993
vt 0.45677 0.27426
vt 0.45785 0.28564
vt 0.44944 0.2863
vt 0.44889 0.28044
vt 0.44982 0.29214
vt 0.4415 0.29296
vt 0.44115 0.28704
vt 0.44151 0.29893
vt 0.43326 0.29984
vt 0.43328 0.29379
vt 0.43293 0.30599
vt 0.4248 0.3068
vt 0.42516 0.30062
vt 0.42445 0.31317
vt 0.41664 0.31382
vt 0.41696 0.30739
vt 0.41635 0.3205
vt 0.41718 0.30112
vt 0.41719 0.29509
vt 0.42518 0.2945
vt 0.4169 0.28891
vt 0.4248 0.2885
vt 0.43292 0.28777
vt 0.42426 0.28241
vt 0.43235 0.28185
vt 0.44059 0.28105
vt 0.4317 0.27591
vt 0.43991 0.27523
vt 0.44828 0.27461
vt 0.43931 0.26942
vt 0.44766 0.26896
vt 0.45622 0.26863
vt 0.44719 0.26332
vt 0.45569 0.26317
vt 0.46445 0.26311
vt 0.45519 0.25763
vt 0.46384 0.25772
vt 0.47285 0.2578
vt 0.46316 0.25227
vt 0.47214 0.25251
vt 0.48146 0.25276
vt 0.47137 0.24721
vt 0.48074 0.24758
vt 0.49039 0.24809
vt 0.48 0.24238
vt 0.48971 0.24301
vt 0.49962 0.24384
vt 0.48903 0.23802
vt 0.499 0.23885
vt 0.50903 0.23998
vt 0.49831 0.23387
vt 0.50836 0.23495
vt 0.51836 0.23637
vt 0.50758 0.22991
vt 0.5176 0.23127
vt 0.52754 0.23293
vt 0.5167 0.22612
vt 0.52666 0.22773
vt 0.53641 0.2296
vt 0.52564 0.22247
vt 0.53537 0.22427
vt 0.54478 0.22628
vt 0.53424 0.21889
vt 0.54346 0.22077
vt 0.55241 0.22285
vt 0.54205 0.21517
vt 0.55057 0.21701
vt 0.55886 0.21879
vt 0.54858 0.21098
vt 0.55591 0.21221
vt 0.5627 0.21286
vt 0.55772 0.20544
vt 0.56305 0.20485
vt 0.55116 0.19789
vt 0.55568 0.19708
vt 0.56048 0.19572
vt 0.54716 0.19037
vt 0.55164 0.18864
vt 0.55656 0.18671
vt 0.54285 0.18297
vt 0.54749 0.1805
vt 0.55255 0.17797
vt 0.53869 0.17529
vt 0.54334 0.17219
vt 0.5484 0.16913
vt 0.53427 0.1671
vt 0.53886 0.16352
vt 0.54383 0.16002
vt 0.52933 0.15844
vt 0.53382 0.15447
vt 0.53865 0.1506
vt 0.52382 0.14944
vt 0.52813 0.14514
vt 0.53274 0.14092
vt 0.51761 0.14017
vt 0.52172 0.13559
vt 0.52602 0.131
vt 0.5107 0.13076
vt 0.51457 0.12588
vt 0.51843 0.12083
vt 0.5031 0.12126
vt 0.50665 0.11599
vt 0.51001 0.1104
vt 0.49487 0.11164
vt 0.49804 0.10588
vt 0.50113 0.09966
vt 0.48607 0.10182
vt 0.489 0.09547
vt 0.49204 0.08865
vt 0.47683 0.09171
vt 0.47962 0.08477
vt 0.48264 0.0775
vt 0.4671 0.08132
vt 0.46969 0.07393
vt 0.47258 0.06626
vt 0.45666 0.07083
vt 0.45913 0.06301
vt 0.46182 0.05487
vt 0.44541 0.06035
vt 0.44738 0.05218
vt 0.44947 0.04362
vt 0.43239 0.05021
vt 0.43379 0.04168
vt 0.43525 0.03274
vt 0.43112 0.05846
vt 0.42994 0.06645
vt 0.4435 0.06824
vt 0.44166 0.07594
vt 0.4287 0.07407
vt 0.45446 0.07831
vt 0.45224 0.08562
vt 0.4398 0.08328
vt 0.46458 0.08837
vt 0.46201 0.09513
vt 0.44988 0.09247
vt 0.47407 0.09819
vt 0.47124 0.10443
vt 0.45938 0.10151
vt 0.48307 0.10775
vt 0.48005 0.11357
vt 0.46851 0.11044
vt 0.49159 0.11711
vt 0.48851 0.12267
vt 0.47735 0.11937
vt 0.49963 0.12641
vt 0.49648 0.13181
vt 0.48585 0.12837
vt 0.50707 0.13568
vt 0.50374 0.14091
vt 0.49366 0.13736
vt 0.5138 0.14488
vt 0.51025 0.14985
vt 0.50064 0.14622
vt 0.51981 0.15386
vt 0.51606 0.15852
vt 0.50688 0.15487
vt 0.52519 0.16253
vt 0.52134 0.16683
vt 0.51253 0.1632
vt 0.53002 0.17077
vt 0.52616 0.17463
vt 0.51779 0.17115
vt 0.53443 0.17842
vt 0.53068 0.18184
vt 0.5227 0.17864
vt 0.53874 0.18548
vt 0.53546 0.18837
vt 0.52757 0.18562
vt 0.5433 0.19199
vt 0.53297 0.19194
vt 0.52525 0.19001
vt 0.53152 0.1967
vt 0.52373 0.19512
vt 0.51592 0.19296
vt 0.51749 0.18773
vt 0.5314 0.20235
vt 0.52305 0.20077
vt 0.51488 0.19861
vt 0.50712 0.19621
vt 0.50816 0.19048
vt 0.52311 0.2064
vt 0.51434 0.20441
vt 0.50639 0.20216
vt 0.4987 0.19995
vt 0.49937 0.19388
vt 0.51432 0.21016
vt 0.50584 0.20814
vt 0.49808 0.20603
vt 0.49039 0.20414
vt 0.49095 0.19798
vt 0.50574 0.21387
vt 0.49748 0.21205
vt 0.48972 0.21024
vt 0.48196 0.20864
vt 0.48257 0.20251
vt 0.49707 0.21799
vt 0.48896 0.21632
vt 0.48121 0.21467
vt 0.47334 0.21329
vt 0.47407 0.20728
vt 0.48837 0.22213
vt 0.48036 0.22059
vt 0.47252 0.21916
vt 0.46452 0.21796
vt 0.46533 0.2121
vt 0.47963 0.22634
vt 0.47166 0.22499
vt 0.46374 0.22376
vt 0.45573 0.22277
vt 0.45645 0.21693
vt 0.47095 0.23073
vt 0.463 0.22956
vt 0.45509 0.22856
vt 0.44717 0.22784
vt 0.44773 0.22195
vt 0.46246 0.23532
vt 0.45459 0.23444
vt 0.44675 0.23373
vt 0.43896 0.23332
vt 0.4393 0.22729
vt 0.4543 0.24034
vt 0.44651 0.23976
vt 0.43885 0.23936
vt 0.4313 0.2392
vt 0.43133 0.23305
vt 0.44647 0.24581
vt 0.43883 0.24554
vt 0.43133 0.24531
vt 0.4239 0.24522
vt 0.42385 0.23906
vt 0.43883 0.25162
vt 0.43128 0.25148
vt 0.4239 0.25131
vt 0.41654 0.25125
vt 0.4165 0.24507
vt 0.43117 0.25759
vt 0.42379 0.25753
vt 0.4165 0.25732
vt 0.4236 0.26377
vt 0.41632 0.26358
vt 0.42353 0.2701
vt 0.41615 0.26994
vt 0.42377 0.27627
vt 0.41624 0.2763
vt 0.41653 0.28265
vt 0.4312 0.26986
vt 0.43107 0.26379
vt 0.43896 0.26353
vt 0.43887 0.25759
vt 0.44689 0.25754
vt 0.44663 0.25179
vt 0.45471 0.25197
vt 0.45432 0.24623
vt 0.46258 0.24671
vt 0.46228 0.24106
vt 0.47077 0.24176
vt 0.47058 0.23635
vt 0.47944 0.23725
vt 0.47927 0.23192
vt 0.48847 0.23294
vt 0.48816 0.2277
vt 0.49764 0.22883
vt 0.49713 0.22359
vt 0.50677 0.2248
vt 0.506 0.21948
vt 0.51574 0.22088
vt 0.51484 0.21562
vt 0.52458 0.2172
vt 0.52364 0.21191
vt 0.53312 0.21349
vt 0.53208 0.20801
vt 0.54064 0.20947
vt 0.41641 0.23896
vt 0.41643 0.23277
vt 0.42386 0.23284
vt 0.41656 0.22651
vt 0.42402 0.22668
vt 0.43159 0.22689
vt 0.42437 0.22051
vt 0.43203 0.22084
vt 0.43983 0.22129
vt 0.43258 0.2148
vt 0.44045 0.21535
vt 0.44842 0.21604
vt 0.44114 0.20937
vt 0.44916 0.21013
vt 0.45725 0.21103
vt 0.44986 0.20417
vt 0.45797 0.2051
vt 0.46606 0.20611
vt 0.4585 0.19905
vt 0.46657 0.20003
vt 0.47463 0.20114
vt 0.46682 0.19382
vt 0.47494 0.19495
vt 0.48303 0.1963
vt 0.47505 0.1887
vt 0.4833 0.19012
vt 0.49145 0.19181
vt 0.48356 0.184
vt 0.49194 0.18582
vt 0.50019 0.18798
vt 0.49283 0.18009
vt 0.5014 0.18249
vt 0.50969 0.18514
vt 0.50335 0.1774
vt 0.51181 0.18022
vt 0.51976 0.18294
vt 0.51456 0.17556
vt 0.50605 0.17259
vt 0.50918 0.16784
vt 0.49723 0.16972
vt 0.50033 0.16481
vt 0.50358 0.15982
vt 0.49133 0.16193
vt 0.49451 0.15678
vt 0.4976 0.1515
vt 0.48535 0.15393
vt 0.48824 0.14852
vt 0.49098 0.14293
vt 0.47877 0.14574
vt 0.48122 0.14005
vt 0.48352 0.13418
vt 0.47134 0.13742
vt 0.4733 0.13146
vt 0.4752 0.12534
vt 0.46298 0.12903
vt 0.46454 0.12282
vt 0.46625 0.1165
vt 0.45381 0.12063
vt 0.45516 0.11418
vt 0.45698 0.10772
vt 0.44412 0.11227
vt 0.44552 0.10559
vt 0.44752 0.09898
vt 0.43418 0.10393
vt 0.4357 0.09707
vt 0.43771 0.09021
vt 0.42401 0.0956
vt 0.42553 0.08857
vt 0.42725 0.08138
vt 0.42302 0.10285
vt 0.42244 0.11003
vt 0.43316 0.11082
vt 0.43235 0.11763
vt 0.42193 0.11693
vt 0.44303 0.11882
vt 0.44198 0.12527
vt 0.43157 0.12419
vt 0.45251 0.12688
vt 0.45109 0.13304
vt 0.44085 0.13152
vt 0.46129 0.13501
vt 0.45941 0.14093
vt 0.44954 0.13904
vt 0.46917 0.14316
vt 0.46679 0.1489
vt 0.45737 0.14678
vt 0.47609 0.15125
vt 0.47324 0.15683
vt 0.46427 0.15465
vt 0.48228 0.15922
vt 0.48824 0.16704
vt 0.47931 0.16467
vt 0.47054 0.16252
vt 0.46188 0.16067
vt 0.47696 0.17037
vt 0.46842 0.16858
vt 0.46002 0.16694
vt 0.4518 0.16563
vt 0.45335 0.15906
vt 0.46719 0.17481
vt 0.45891 0.17347
vt 0.45086 0.1723
vt 0.4429 0.17146
vt 0.44364 0.16463
vt 0.4586 0.17999
vt 0.45058 0.17903
vt 0.44265 0.17821
vt 0.43464 0.17768
vt 0.43488 0.1709
vt 0.45066 0.18561
vt 0.44265 0.18485
vt 0.43457 0.18423
vt 0.42641 0.18384
vt 0.42651 0.17729
vt 0.44259 0.19119
vt 0.43446 0.19056
vt 0.42629 0.19008
vt 0.4181 0.1898
vt 0.4182 0.18351
vt 0.43419 0.19669
vt 0.42607 0.19622
vt 0.41794 0.19588
vt 0.42572 0.20227
vt 0.4177 0.20195
vt 0.42528 0.20832
vt 0.4174 0.20801
vt 0.42481 0.21439
vt 0.41709 0.21413
vt 0.41679 0.22029
vt 0.4332 0.20875
vt 0.43375 0.20274
vt 0.4418 0.20336
vt 0.4423 0.19733
vt 0.45042 0.19812
vt 0.45067 0.19196
vt 0.45874 0.19281
vt 0.45869 0.18649
vt 0.46683 0.18748
vt 0.46679 0.18115
vt 0.47514 0.18244
vt 0.47562 0.17632
vt 0.48425 0.17803
vt 0.48577 0.17239
vt 0.49461 0.17471
vt 0.41829 0.17705
vt 0.41843 0.17042
vt 0.42671 0.17054
vt 0.41866 0.16362
vt 0.42708 0.16374
vt 0.43542 0.16399
vt 0.42763 0.1569
vt 0.43627 0.1572
vt 0.44483 0.15785
vt 0.43733 0.15051
vt 0.4463 0.15136
vt 0.45529 0.15273
vt 0.4479 0.14506
vt 0.43847 0.14405
vt 0.43964 0.1377
vt 0.42914 0.14356
vt 0.42995 0.13709
vt 0.43075 0.1306
vt 0.4204 0.13681
vt 0.42091 0.13027
vt 0.4214 0.12362
vt 0.4199 0.14339
vt 0.42834 0.15013
vt 0.41943 0.15005
vt 0.419 0.15682
vt 0.25923 0.19976
vt 0.257 0.20478
vt 0.25106 0.20531
vt 0.25625 0.19838
vt 0.26465 0.1979
vt 0.26408 0.20364
vt 0.26304 0.19412
vt 0.36865 0.51497
vt 0.36712 0.5119
vt 0.37293 0.50967
vt 0.37233 0.51523
vt 0.23963 0.80545
vt 0.23821 0.80082
vt 0.24862 0.80441
vt 0.247 0.8094
vt 0.23533 0.80843
vt 0.22964 0.80219
vt 0.24395 0.81473
vt 0.28299 0.36554
vt 0.27903 0.37004
vt 0.27536 0.36806
vt 0.28152 0.36303
vt 0.28719 0.36104
vt 0.28683 0.36546
vt 0.28319 0.37149
vt 0.23796 0.48166
vt 0.24069 0.47781
vt 0.24449 0.48125
vt 0.2394 0.48532
vt 0.23189 0.48951
vt 0.23161 0.48409
vt 0.23261 0.47871
vt 0.28911 0.45415
vt 0.30425 0.44861
vt 0.3047 0.45373
vt 0.29271 0.45935
vt 0.28486 0.46468
vt 0.28115 0.46141
vt 0.27519 0.45769
vt 0.27934 0.45182
vt 0.26761 0.45422
vt 0.27068 0.44908
vt 0.27116 0.46201
vt 0.26433 0.45841
vt 0.27621 0.46554
vt 0.27164 0.46933
vt 0.26696 0.46585
vt 0.27998 0.46869
vt 0.27548 0.47263
vt 0.28353 0.47193
vt 0.27892 0.47599
vt 0.28849 0.46782
vt 0.29216 0.47112
vt 0.28692 0.47536
vt 0.29582 0.46299
vt 0.29901 0.46662
vt 0.30614 0.45802
vt 0.30812 0.46228
vt 0.31775 0.45401
vt 0.31859 0.45847
vt 0.31727 0.44939
vt 0.31743 0.44456
vt 0.3291 0.44638
vt 0.329 0.45091
vt 0.32934 0.44183
vt 0.31803 0.43948
vt 0.32962 0.43742
vt 0.34053 0.43986
vt 0.34012 0.44413
vt 0.34055 0.43563
vt 0.32957 0.43304
vt 0.34014 0.43144
vt 0.3509 0.43417
vt 0.3511 0.43829
vt 0.35009 0.42993
vt 0.33944 0.42711
vt 0.3491 0.4257
vt 0.35951 0.42867
vt 0.36058 0.43291
vt 0.35834 0.42443
vt 0.34824 0.42143
vt 0.35741 0.42031
vt 0.36754 0.42352
vt 0.36867 0.42769
vt 0.36668 0.41943
vt 0.35679 0.41618
vt 0.36608 0.41547
vt 0.37584 0.41884
vt 0.37657 0.42282
vt 0.37535 0.41491
vt 0.36579 0.41151
vt 0.37502 0.41112
vt 0.38437 0.41456
vt 0.38476 0.41839
vt 0.38412 0.41076
vt 0.37489 0.40732
vt 0.38396 0.40705
vt 0.39306 0.41057
vt 0.3932 0.41433
vt 0.39296 0.40684
vt 0.38392 0.40331
vt 0.39288 0.40319
vt 0.3929 0.3995
vt 0.38397 0.3996
vt 0.38411 0.39588
vt 0.39294 0.39589
vt 0.39306 0.39226
vt 0.38429 0.39224
vt 0.38455 0.38862
vt 0.39319 0.38875
vt 0.39338 0.38524
vt 0.38476 0.38511
vt 0.38491 0.38164
vt 0.39347 0.38194
vt 0.39352 0.37866
vt 0.38495 0.37822
vt 0.3848 0.37466
vt 0.39336 0.37528
vt 0.3931 0.37162
vt 0.39269 0.36741
vt 0.38438 0.37072
vt 0.38387 0.36645
vt 0.37588 0.3697
vt 0.37557 0.36519
vt 0.37615 0.37388
vt 0.36769 0.37275
vt 0.36776 0.3685
vt 0.37623 0.37758
vt 0.36756 0.37673
vt 0.37617 0.3812
vt 0.36745 0.38063
vt 0.37601 0.38483
vt 0.36726 0.38446
vt 0.37578 0.38849
vt 0.36699 0.38827
vt 0.37551 0.39218
vt 0.36664 0.39208
vt 0.37526 0.39591
vt 0.36631 0.39593
vt 0.37504 0.39969
vt 0.36603 0.39978
vt 0.37491 0.4035
vt 0.36583 0.40366
vt 0.36573 0.40755
vt 0.3565 0.40798
vt 0.3567 0.40393
vt 0.35649 0.41204
vt 0.34739 0.41284
vt 0.34744 0.40855
vt 0.34763 0.41712
vt 0.33849 0.41823
vt 0.33842 0.41371
vt 0.33882 0.42268
vt 0.32911 0.42388
vt 0.32913 0.4192
vt 0.32929 0.42849
vt 0.31883 0.42977
vt 0.31915 0.42486
vt 0.31847 0.43458
vt 0.30717 0.43611
vt 0.30818 0.43082
vt 0.3057 0.44187
vt 0.29337 0.44444
vt 0.29597 0.43732
vt 0.28299 0.44428
vt 0.28563 0.43765
vt 0.27353 0.44308
vt 0.27609 0.43713
vt 0.26463 0.44131
vt 0.26724 0.43585
vt 0.26199 0.44647
vt 0.25343 0.44384
vt 0.25612 0.43907
vt 0.25928 0.45107
vt 0.25075 0.44811
vt 0.25642 0.45507
vt 0.24799 0.4521
vt 0.25351 0.45878
vt 0.24527 0.45591
vt 0.26091 0.46221
vt 0.25763 0.46583
vt 0.25071 0.46233
vt 0.26307 0.46949
vt 0.25972 0.47301
vt 0.25475 0.46922
vt 0.26747 0.47308
vt 0.26368 0.4768
vt 0.27117 0.4766
vt 0.26705 0.48056
vt 0.27443 0.48015
vt 0.27003 0.48432
vt 0.27744 0.48384
vt 0.27281 0.48818
vt 0.28205 0.47955
vt 0.28505 0.48335
vt 0.28024 0.48773
vt 0.28999 0.47907
vt 0.2929 0.48314
vt 0.28779 0.48748
vt 0.29544 0.47477
vt 0.29837 0.47889
vt 0.30196 0.47047
vt 0.30462 0.47474
vt 0.31021 0.46648
vt 0.3122 0.47087
vt 0.3197 0.46294
vt 0.3209 0.46741
vt 0.32964 0.45985
vt 0.33023 0.46432
vt 0.32914 0.45537
vt 0.33955 0.45291
vt 0.33959 0.45728
vt 0.33969 0.44849
vt 0.35011 0.4467
vt 0.34967 0.45101
vt 0.35066 0.44242
vt 0.36077 0.44128
vt 0.36013 0.44548
vt 0.36102 0.43708
vt 0.37052 0.43642
vt 0.37047 0.44071
vt 0.36985 0.43198
vt 0.37862 0.4314
vt 0.37954 0.43604
vt 0.37753 0.42692
vt 0.38602 0.42645
vt 0.38692 0.431
vt 0.38532 0.42228
vt 0.39371 0.42199
vt 0.39408 0.42604
vt 0.39342 0.41809
vt 0.39458 0.43076
vt 0.39503 0.43605
vt 0.39519 0.44153
vt 0.39509 0.44692
vt 0.39483 0.45204
vt 0.3945 0.45677
vt 0.39428 0.46115
vt 0.3942 0.46531
vt 0.3942 0.46929
vt 0.39421 0.47318
vt 0.39426 0.47689
vt 0.39439 0.48049
vt 0.39458 0.48396
vt 0.39481 0.48736
vt 0.39506 0.49068
vt 0.39531 0.49395
vt 0.39557 0.49724
vt 0.39583 0.50059
vt 0.39613 0.50414
vt 0.39642 0.50821
vt 0.39654 0.51301
vt 0.39625 0.51788
vt 0.39593 0.52272
vt 0.39569 0.52773
vt 0.39548 0.53295
vt 0.39528 0.53822
vt 0.39508 0.54346
vt 0.39487 0.54863
vt 0.39463 0.5537
vt 0.39438 0.55868
vt 0.39412 0.56357
vt 0.39384 0.56838
vt 0.39356 0.57314
vt 0.39331 0.57786
vt 0.39305 0.58255
vt 0.3928 0.58722
vt 0.39254 0.59191
vt 0.39228 0.5966
vt 0.392 0.60129
vt 0.39171 0.60597
vt 0.39137 0.61063
vt 0.39104 0.61527
vt 0.39071 0.61989
vt 0.39038 0.62451
vt 0.39008 0.62914
vt 0.38983 0.63381
vt 0.38964 0.63857
vt 0.38953 0.64344
vt 0.38952 0.64843
vt 0.38959 0.65351
vt 0.38972 0.65864
vt 0.38992 0.66378
vt 0.39024 0.66901
vt 0.39077 0.67418
vt 0.39154 0.67939
vt 0.39238 0.68512
vt 0.39308 0.69153
vt 0.39358 0.69862
vt 0.39369 0.70607
vt 0.39355 0.71364
vt 0.39338 0.72117
vt 0.39323 0.72864
vt 0.39313 0.73606
vt 0.39309 0.74352
vt 0.39306 0.75104
vt 0.39303 0.75866
vt 0.393 0.76638
vt 0.39295 0.7742
vt 0.39287 0.78212
vt 0.39277 0.79008
vt 0.39264 0.79807
vt 0.39248 0.80604
vt 0.39228 0.81397
vt 0.39206 0.82186
vt 0.39181 0.82964
vt 0.39156 0.83708
vt 0.3913 0.84444
vt 0.39105 0.85181
vt 0.39081 0.85927
vt 0.39061 0.86687
vt 0.39039 0.87466
vt 0.3902 0.88255
vt 0.39005 0.89069
vt 0.38991 0.89916
vt 0.38975 0.90801
vt 0.38953 0.91725
vt 0.38925 0.92681
vt 0.38895 0.9366
vt 0.38858 0.94657
vt 0.38812 0.95663
vt 0.38765 0.96672
vt 0.38721 0.97686
vt 0.38684 0.98712
vt 0.38655 0.99756
vt 0.38345 0.01265
vt 0.38256 0.00255
vt 0.38415 0.02236
vt 0.38485 0.03162
vt 0.38558 0.0405
vt 0.38631 0.04908
vt 0.38695 0.05734
vt 0.38749 0.06527
vt 0.38806 0.07292
vt 0.38884 0.08029
vt 0.38991 0.08751
vt 0.39071 0.09486
vt 0.39112 0.10232
vt 0.3914 0.10957
vt 0.39166 0.11662
vt 0.39192 0.12348
vt 0.39217 0.13017
vt 0.39239 0.13678
vt 0.39262 0.14338
vt 0.39286 0.15005
vt 0.39306 0.15679
vt 0.39322 0.16355
vt 0.39333 0.17027
vt 0.3934 0.1769
vt 0.39345 0.18337
vt 0.3935 0.1896
vt 0.39359 0.19573
vt 0.39372 0.20177
vt 0.39386 0.20784
vt 0.39402 0.21398
vt 0.39416 0.22016
vt 0.39427 0.22638
vt 0.39435 0.23262
vt 0.39437 0.23887
vt 0.39431 0.24506
vt 0.39427 0.25113
vt 0.39428 0.25726
vt 0.39438 0.26343
vt 0.3945 0.26978
vt 0.39447 0.27622
vt 0.39433 0.28263
vt 0.39416 0.28898
vt 0.39403 0.29519
vt 0.39403 0.30136
vt 0.39416 0.3077
vt 0.39428 0.31429
vt 0.39448 0.3209
vt 0.39479 0.32776
vt 0.39522 0.33505
vt 0.39486 0.34231
vt 0.39332 0.34852
vt 0.39241 0.35363
vt 0.39218 0.3585
vt 0.39229 0.36313
vt 0.38344 0.36178
vt 0.38327 0.35684
vt 0.37531 0.36026
vt 0.37519 0.35502
vt 0.36769 0.35859
vt 0.36768 0.35319
vt 0.36769 0.36382
vt 0.36016 0.362
vt 0.36029 0.35677
vt 0.35974 0.367
vt 0.35214 0.36503
vt 0.3527 0.36006
vt 0.35934 0.37138
vt 0.35142 0.36975
vt 0.35907 0.37562
vt 0.35103 0.37432
vt 0.35892 0.37977
vt 0.35069 0.37878
vt 0.35866 0.38384
vt 0.35034 0.3831
vt 0.3583 0.38786
vt 0.34987 0.38737
vt 0.35785 0.39187
vt 0.34931 0.39161
vt 0.35741 0.39587
vt 0.34872 0.39581
vt 0.35701 0.39989
vt 0.34819 0.40002
vt 0.34773 0.40425
vt 0.33907 0.40468
vt 0.33968 0.4002
vt 0.33859 0.40918
vt 0.32986 0.40976
vt 0.33056 0.40503
vt 0.32937 0.41445
vt 0.32032 0.41504
vt 0.32116 0.41015
vt 0.31959 0.41994
vt 0.31013 0.42051
vt 0.3113 0.4154
vt 0.30908 0.42562
vt 0.29927 0.42613
vt 0.30082 0.42079
vt 0.29768 0.43153
vt 0.28778 0.4318
vt 0.28983 0.42622
vt 0.27852 0.4314
vt 0.28093 0.42579
vt 0.26989 0.43039
vt 0.27257 0.42489
vt 0.26171 0.42885
vt 0.26461 0.42355
vt 0.25886 0.43398
vt 0.25075 0.43187
vt 0.25378 0.42691
vt 0.24779 0.43664
vt 0.23962 0.4344
vt 0.24275 0.42964
vt 0.24495 0.44125
vt 0.23657 0.43904
vt 0.24215 0.44557
vt 0.23361 0.44358
vt 0.23938 0.44976
vt 0.23075 0.44808
vt 0.23668 0.45387
vt 0.22798 0.45259
vt 0.23411 0.45799
vt 0.22536 0.45717
vt 0.24267 0.4596
vt 0.24027 0.46324
vt 0.23169 0.4621
vt 0.24818 0.4657
vt 0.24603 0.46881
vt 0.23808 0.46675
vt 0.25216 0.47239
vt 0.24986 0.47533
vt 0.24414 0.47179
vt 0.25657 0.47641
vt 0.25354 0.47956
vt 0.26 0.48043
vt 0.25626 0.48391
vt 0.26291 0.48446
vt 0.25862 0.48828
vt 0.26557 0.48849
vt 0.2609 0.49261
vt 0.2681 0.4926
vt 0.26314 0.49694
vt 0.27053 0.49683
vt 0.26537 0.50138
vt 0.27538 0.49224
vt 0.27792 0.49655
vt 0.27291 0.50124
vt 0.28279 0.49194
vt 0.28536 0.49644
vt 0.2804 0.50107
vt 0.29027 0.49196
vt 0.2929 0.49669
vt 0.28793 0.50116
vt 0.29547 0.48763
vt 0.29797 0.49237
vt 0.30095 0.48342
vt 0.30336 0.48816
vt 0.307 0.47934
vt 0.30922 0.48408
vt 0.31408 0.47547
vt 0.31589 0.48017
vt 0.32218 0.47195
vt 0.3235 0.47651
vt 0.33101 0.46878
vt 0.33189 0.47319
vt 0.34023 0.46601
vt 0.34078 0.47031
vt 0.33976 0.46165
vt 0.34941 0.45962
vt 0.34957 0.46387
vt 0.3494 0.4553
vt 0.35905 0.45403
vt 0.35882 0.45829
vt 0.35946 0.44971
vt 0.36902 0.4493
vt 0.36841 0.45359
vt 0.36978 0.44497
vt 0.37898 0.44529
vt 0.37821 0.44978
vt 0.37961 0.44063
vt 0.38793 0.4411
vt 0.38749 0.44611
vt 0.3878 0.43587
vt 0.38689 0.45089
vt 0.38639 0.45538
vt 0.37759 0.45413
vt 0.38609 0.45968
vt 0.37724 0.45836
vt 0.38597 0.46383
vt 0.37709 0.46248
vt 0.38596 0.46786
vt 0.37713 0.46651
vt 0.38604 0.47179
vt 0.37731 0.47045
vt 0.38616 0.47562
vt 0.37759 0.47439
vt 0.38641 0.47937
vt 0.37805 0.47827
vt 0.38682 0.48299
vt 0.3787 0.48206
vt 0.38737 0.48651
vt 0.37956 0.48569
vt 0.38798 0.48992
vt 0.38058 0.48917
vt 0.38861 0.49323
vt 0.38169 0.49252
vt 0.38924 0.49651
vt 0.3828 0.49576
vt 0.38987 0.49982
vt 0.3839 0.49897
vt 0.39051 0.5033
vt 0.38496 0.50229
vt 0.39113 0.50719
vt 0.38596 0.50592
vt 0.39151 0.5118
vt 0.38664 0.51023
vt 0.3911 0.51683
vt 0.38638 0.51524
vt 0.39031 0.522
vt 0.38518 0.52083
vt 0.38976 0.52725
vt 0.3841 0.5265
vt 0.38937 0.53256
vt 0.38336 0.53201
vt 0.38898 0.53788
vt 0.38275 0.53738
vt 0.38858 0.54313
vt 0.38211 0.54266
vt 0.38812 0.54831
vt 0.38139 0.54783
vt 0.38761 0.5534
vt 0.38061 0.5529
vt 0.38707 0.55838
vt 0.37977 0.55787
vt 0.38651 0.56328
vt 0.37891 0.56277
vt 0.38594 0.5681
vt 0.37806 0.56762
vt 0.38539 0.57289
vt 0.37724 0.57245
vt 0.38487 0.57764
vt 0.37643 0.57725
vt 0.38434 0.58236
vt 0.37562 0.58203
vt 0.38382 0.58708
vt 0.37481 0.58681
vt 0.38329 0.59181
vt 0.374 0.5916
vt 0.38276 0.59655
vt 0.37315 0.5964
vt 0.38217 0.60129
vt 0.37224 0.6012
vt 0.38155 0.60601
vt 0.37126 0.60601
vt 0.38088 0.61072
vt 0.37025 0.61081
vt 0.3802 0.61543
vt 0.36923 0.61563
vt 0.37952 0.62013
vt 0.36824 0.6205
vt 0.37888 0.62486
vt 0.36729 0.62542
vt 0.37829 0.62964
vt 0.36644 0.63044
vt 0.37779 0.6345
vt 0.36574 0.63557
vt 0.37742 0.63947
vt 0.36524 0.64083
vt 0.37722 0.64461
vt 0.365 0.64626
vt 0.37722 0.64992
vt 0.36503 0.65186
vt 0.3774 0.65533
vt 0.36533 0.65753
vt 0.37772 0.66079
vt 0.36584 0.66317
vt 0.3782 0.66614
vt 0.36658 0.66854
vt 0.37891 0.67139
vt 0.36756 0.67376
vt 0.37989 0.67652
vt 0.36879 0.67886
vt 0.38111 0.68166
vt 0.37019 0.68393
vt 0.3824 0.68691
vt 0.37164 0.68901
vt 0.38358 0.6926
vt 0.37305 0.6943
vt 0.38455 0.69912
vt 0.37442 0.70024
vt 0.38508 0.70615
vt 0.37548 0.70677
vt 0.38518 0.71351
vt 0.37601 0.71372
vt 0.385 0.72098
vt 0.37614 0.72095
vt 0.38474 0.72845
vt 0.37604 0.7283
vt 0.38455 0.7359
vt 0.37585 0.73571
vt 0.38445 0.74337
vt 0.37571 0.74316
vt 0.38439 0.7509
vt 0.37561 0.75065
vt 0.38433 0.7585
vt 0.37551 0.7582
vt 0.38425 0.7662
vt 0.3754 0.76585
vt 0.38415 0.77399
vt 0.37526 0.77359
vt 0.384 0.78187
vt 0.37506 0.78142
vt 0.3838 0.78981
vt 0.37478 0.78931
vt 0.38355 0.79776
vt 0.3744 0.79721
vt 0.38322 0.80568
vt 0.37393 0.80508
vt 0.38284 0.81356
vt 0.37336 0.81288
vt 0.38239 0.82136
vt 0.37271 0.82059
vt 0.38191 0.82904
vt 0.37199 0.82817
vt 0.3814 0.83649
vt 0.37122 0.8356
vt 0.38089 0.84384
vt 0.37044 0.84298
vt 0.38039 0.85123
vt 0.3697 0.85028
vt 0.36 0.84166
vt 0.36103 0.83435
vt 0.35897 0.84897
vt 0.36899 0.85768
vt 0.35804 0.85627
vt 0.34828 0.84718
vt 0.34953 0.83999
vt 0.34708 0.85448
vt 0.35715 0.86373
vt 0.34598 0.86184
vt 0.33621 0.85223
vt 0.3376 0.84503
vt 0.33484 0.85958
vt 0.3449 0.86939
vt 0.33354 0.86701
vt 0.32382 0.85684
vt 0.32539 0.84961
vt 0.32223 0.86425
vt 0.33225 0.87461
vt 0.32073 0.87174
vt 0.31108 0.86099
vt 0.31286 0.85373
vt 0.30927 0.86846
vt 0.31924 0.87943
vt 0.30758 0.87602
vt 0.29801 0.86466
vt 0.30001 0.85735
vt 0.296 0.87218
vt 0.30593 0.88386
vt 0.29412 0.87986
vt 0.2846 0.86781
vt 0.28683 0.86046
vt 0.2824 0.87541
vt 0.29234 0.88786
vt 0.28035 0.88323
vt 0.27084 0.87037
vt 0.27328 0.86297
vt 0.26845 0.87807
vt 0.27842 0.89139
vt 0.26624 0.88604
vt 0.25671 0.87228
vt 0.25935 0.86483
vt 0.25412 0.88007
vt 0.26407 0.89426
vt 0.25167 0.88805
vt 0.2421 0.87331
vt 0.24494 0.86583
vt 0.23925 0.88109
vt 0.24907 0.8962
vt 0.23648 0.88904
vt 0.22691 0.87326
vt 0.23 0.8658
vt 0.22381 0.88106
vt 0.2336 0.89737
vt 0.22088 0.88927
vt 0.21118 0.8722
vt 0.21448 0.86468
vt 0.20792 0.88023
vt 0.21799 0.89802
vt 0.20501 0.88883
vt 0.19496 0.87016
vt 0.19838 0.8624
vt 0.19161 0.87853
vt 0.20227 0.89812
vt 0.18876 0.88755
vt 0.17824 0.86711
vt 0.1818 0.85907
vt 0.1748 0.87579
vt 0.18618 0.89732
vt 0.172 0.88516
vt 0.16101 0.86292
vt 0.1647 0.8546
vt 0.15751 0.87189
vt 0.16951 0.89521
vt 0.1547 0.88149
vt 0.14326 0.85753
vt 0.14716 0.84898
vt 0.1396 0.86666
vt 0.15215 0.89161
vt 0.13664 0.87637
vt 0.12484 0.85078
vt 0.12906 0.84209
vt 0.12091 0.86009
vt 0.07324 0.18447
vt 0.08692 0.16651
vt 0.09683 0.16829
vt 0.0831 0.18619
vt 0.10569 0.84289
vt 0.11033 0.83393
vt 0.07038 0.20457
vt 0.06045 0.20306
vt 0.09244 0.18793
vt 0.07996 0.20608
vt 0.05877 0.22361
vt 0.04859 0.22208
vt 0.06857 0.22468
vt 0.08918 0.20745
vt 0.07816 0.22567
vt 0.05839 0.24396
vt 0.04828 0.24308
vt 0.06825 0.24421
vt 0.08753 0.22632
vt 0.07809 0.24423
vt 0.05971 0.26333
vt 0.04949 0.26357
vt 0.06978 0.2623
vt 0.08782 0.2438
vt 0.08 0.26103
vt 0.06306 0.28068
vt 0.05256 0.28256
vt 0.07341 0.27815
vt 0.09012 0.25931
vt 0.08393 0.27548
vt 0.06831 0.29537
vt 0.0576 0.29898
vt 0.07882 0.29145
vt 0.09429 0.27257
vt 0.08949 0.28763
vt 0.07512 0.30734
vt 0.06432 0.31239
vt 0.08571 0.30231
vt 0.09988 0.28388
vt 0.0964 0.29764
vt 0.08332 0.31661
vt 0.07248 0.32273
vt 0.09394 0.31085
vt 0.10682 0.29323
vt 0.10462 0.30557
vt 0.09275 0.32341
vt 0.08194 0.33014
vt 0.10336 0.31724
vt 0.11504 0.30072
vt 0.11398 0.31164
vt 0.10322 0.32816
vt 0.09248 0.33517
vt 0.1138 0.32181
vt 0.12437 0.30653
vt 0.12432 0.31609
vt 0.11454 0.33132
vt 0.1039 0.33832
vt 0.12502 0.32497
vt 0.13463 0.31084
vt 0.1354 0.31924
vt 0.12645 0.3333
vt 0.11597 0.34014
vt 0.13676 0.32708
vt 0.14557 0.31397
vt 0.14696 0.32137
vt 0.13865 0.3345
vt 0.12838 0.3411
vt 0.14878 0.32837
vt 0.15704 0.316
vt 0.15879 0.32267
vt 0.15095 0.33511
vt 0.14092 0.34151
vt 0.16085 0.32907
vt 0.16877 0.31721
vt 0.1707 0.32336
vt 0.1632 0.33529
vt 0.15342 0.34155
vt 0.17287 0.3293
vt 0.18052 0.31784
vt 0.18251 0.32365
vt 0.17527 0.33516
vt 0.16574 0.34127
vt 0.18469 0.32934
vt 0.19206 0.31827
vt 0.19405 0.32386
vt 0.18706 0.33492
vt 0.17781 0.3408
vt 0.19617 0.32937
vt 0.20327 0.31869
vt 0.20521 0.32414
vt 0.19842 0.33475
vt 0.18951 0.34033
vt 0.20722 0.32944
vt 0.21414 0.31921
vt 0.21599 0.32447
vt 0.20936 0.33468
vt 0.20076 0.34004
vt 0.2179 0.32962
vt 0.22466 0.31982
vt 0.22642 0.32491
vt 0.21994 0.33477
vt 0.21159 0.3399
vt 0.22825 0.32997
vt 0.23486 0.32056
vt 0.23655 0.32557
vt 0.23024 0.33499
vt 0.22211 0.33984
vt 0.23835 0.33053
vt 0.2448 0.32159
vt 0.24647 0.32648
vt 0.24033 0.33537
vt 0.23239 0.33988
vt 0.2483 0.33127
vt 0.25458 0.32289
vt 0.25629 0.32763
vt 0.25033 0.3359
vt 0.2425 0.34004
vt 0.25818 0.33223
vt 0.26428 0.3245
vt 0.26604 0.32911
vt 0.26026 0.33668
vt 0.25253 0.34036
vt 0.26796 0.33356
vt 0.27384 0.32653
vt 0.27561 0.33102
vt 0.27007 0.33781
vt 0.26248 0.34092
vt 0.27755 0.33536
vt 0.28318 0.32906
vt 0.28491 0.33349
vt 0.27966 0.33949
vt 0.27235 0.34187
vt 0.28678 0.33777
vt 0.29229 0.33216
vt 0.29392 0.33657
vt 0.28877 0.34186
vt 0.2819 0.34343
vt 0.29563 0.3409
vt 0.3012 0.3359
vt 0.30267 0.34043
vt 0.29738 0.34507
vt 0.29083 0.34581
vt 0.30409 0.34491
vt 0.30984 0.34056
vt 0.31093 0.34532
vt 0.30532 0.34949
vt 0.29902 0.34928
vt 0.31166 0.35033
vt 0.31776 0.34627
vt 0.31803 0.35153
vt 0.31189 0.35551
vt 0.30604 0.35438
vt 0.31791 0.35691
vt 0.32453 0.35297
vt 0.32424 0.35832
vt 0.31753 0.3623
vt 0.31164 0.36091
vt 0.32369 0.3637
vt 0.33082 0.35982
vt 0.33022 0.36508
vt 0.32301 0.36903
vt 0.31681 0.36774
vt 0.32948 0.37034
vt 0.337 0.36654
vt 0.33631 0.3716
vt 0.32872 0.37548
vt 0.32212 0.37435
vt 0.33562 0.3766
vt 0.3434 0.37298
vt 0.34297 0.37768
vt 0.33496 0.38144
vt 0.32784 0.38054
vt 0.34242 0.38229
vt 0.34184 0.38681
vt 0.33417 0.38621
vt 0.34113 0.39128
vt 0.33328 0.39092
vt 0.34038 0.39574
vt 0.33236 0.39561
vt 0.3314 0.40029
vt 0.32339 0.4003
vt 0.3246 0.39538
vt 0.32217 0.40519
vt 0.31405 0.4052
vt 0.31559 0.40011
vt 0.31257 0.41028
vt 0.30425 0.41023
vt 0.30613 0.40498
vt 0.30243 0.41547
vt 0.29402 0.41527
vt 0.29622 0.40989
vt 0.29184 0.42068
vt 0.28338 0.42023
vt 0.28591 0.41475
vt 0.27532 0.41939
vt 0.27815 0.41393
vt 0.26762 0.41817
vt 0.27072 0.41277
vt 0.26014 0.41655
vt 0.26344 0.41125
vt 0.25688 0.42177
vt 0.24933 0.41972
vt 0.25279 0.41461
vt 0.24595 0.42473
vt 0.23834 0.42248
vt 0.24192 0.41745
vt 0.23485 0.42741
vt 0.22717 0.42523
vt 0.23089 0.42015
vt 0.23152 0.43229
vt 0.22358 0.43031
vt 0.22829 0.43713
vt 0.22013 0.43542
vt 0.22518 0.44196
vt 0.21683 0.44059
vt 0.22217 0.44684
vt 0.21367 0.44587
vt 0.2193 0.45182
vt 0.21067 0.45131
vt 0.2166 0.45694
vt 0.20788 0.45694
vt 0.21414 0.46226
vt 0.20537 0.46279
vt 0.22289 0.46187
vt 0.22068 0.46685
vt 0.21193 0.46783
vt 0.22941 0.46627
vt 0.22736 0.47082
vt 0.21865 0.47213
vt 0.23602 0.47032
vt 0.23419 0.47421
vt 0.22547 0.47583
vt 0.24242 0.4747
vt 0.24749 0.47816
vt 0.25021 0.48273
vt 0.24603 0.48622
vt 0.25212 0.48744
vt 0.2472 0.49122
vt 0.25394 0.49209
vt 0.24859 0.4961
vt 0.25583 0.49669
vt 0.25023 0.50096
vt 0.25782 0.50131
vt 0.25205 0.50583
vt 0.25994 0.506
vt 0.25407 0.51074
vt 0.26225 0.51074
vt 0.25635 0.51564
vt 0.26765 0.50594
vt 0.27023 0.5106
vt 0.26477 0.51549
vt 0.27533 0.50581
vt 0.2781 0.51049
vt 0.27296 0.51532
vt 0.28296 0.50575
vt 0.2859 0.51051
vt 0.281 0.51523
vt 0.29062 0.50593
vt 0.29371 0.51069
vt 0.28895 0.51528
vt 0.29554 0.5015
vt 0.29843 0.50626
vt 0.30055 0.49717
vt 0.30332 0.50195
vt 0.30581 0.49296
vt 0.3084 0.49773
vt 0.31146 0.48885
vt 0.31381 0.49357
vt 0.31776 0.48486
vt 0.31977 0.48947
vt 0.32494 0.48105
vt 0.32652 0.48552
vt 0.33292 0.47756
vt 0.33409 0.48187
vt 0.34153 0.47454
vt 0.3424 0.47869
vt 0.35047 0.47222
vt 0.35115 0.47627
vt 0.34987 0.46806
vt 0.35905 0.46664
vt 0.35943 0.47069
vt 0.35879 0.46247
vt 0.36797 0.46196
vt 0.36806 0.46603
vt 0.36804 0.4578
vt 0.36837 0.47005
vt 0.36884 0.47405
vt 0.36001 0.47468
vt 0.36951 0.47799
vt 0.36083 0.47863
vt 0.37038 0.4818
vt 0.36182 0.4824
vt 0.37148 0.48545
vt 0.36308 0.48603
vt 0.37283 0.48892
vt 0.36463 0.48947
vt 0.37439 0.49222
vt 0.36647 0.49269
vt 0.37609 0.49536
vt 0.36856 0.49566
vt 0.37777 0.49839
vt 0.3708 0.49842
vt 0.37935 0.50145
vt 0.37312 0.5011
vt 0.38078 0.50468
vt 0.37526 0.50381
vt 0.38182 0.50845
vt 0.37691 0.50681
vt 0.38196 0.51328
vt 0.37763 0.51104
vt 0.38061 0.51926
vt 0.37641 0.51723
vt 0.37893 0.52532
vt 0.3743 0.52366
vt 0.37758 0.53116
vt 0.3723 0.52983
vt 0.37659 0.53666
vt 0.37073 0.53556
vt 0.37567 0.54195
vt 0.36938 0.54092
vt 0.37468 0.54709
vt 0.36806 0.54608
vt 0.37362 0.55214
vt 0.36671 0.55112
vt 0.37251 0.5571
vt 0.36532 0.5561
vt 0.37137 0.56202
vt 0.36393 0.56106
vt 0.37025 0.56692
vt 0.36253 0.56599
vt 0.36913 0.57179
vt 0.36111 0.5709
vt 0.36802 0.57664
vt 0.35968 0.57578
vt 0.36691 0.58147
vt 0.35825 0.58066
vt 0.36579 0.58631
vt 0.3568 0.58554
vt 0.36466 0.59116
vt 0.35532 0.59044
vt 0.36347 0.59601
vt 0.35379 0.59535
vt 0.36222 0.60087
vt 0.35218 0.6003
vt 0.3609 0.60576
vt 0.35053 0.60528
vt 0.35956 0.61067
vt 0.34887 0.61031
vt 0.35822 0.61562
vt 0.34727 0.61542
vt 0.35694 0.62067
vt 0.34576 0.62065
vt 0.35575 0.62582
vt 0.34438 0.62604
vt 0.35469 0.6311
vt 0.34317 0.63158
vt 0.35383 0.63654
vt 0.34221 0.6373
vt 0.35324 0.64212
vt 0.34154 0.64317
vt 0.35296 0.64787
vt 0.3412 0.64917
vt 0.35301 0.65377
vt 0.3412 0.65527
vt 0.35337 0.65974
vt 0.34155 0.66142
vt 0.35405 0.66564
vt 0.34229 0.66748
vt 0.35502 0.67116
vt 0.34337 0.67318
vt 0.35621 0.67633
vt 0.34466 0.67831
vt 0.35757 0.68131
vt 0.34608 0.6832
vt 0.35903 0.68622
vt 0.34757 0.68798
vt 0.36052 0.69112
vt 0.34912 0.69275
vt 0.36205 0.69617
vt 0.35074 0.69764
vt 0.36359 0.70167
vt 0.35241 0.70283
vt 0.365 0.70777
vt 0.35405 0.70862
vt 0.36601 0.71429
vt 0.35539 0.71487
vt 0.36653 0.72118
vt 0.35627 0.72141
vt 0.36669 0.72829
vt 0.35678 0.72826
vt 0.36672 0.73555
vt 0.35707 0.73528
vt 0.36667 0.74288
vt 0.35721 0.74244
vt 0.36659 0.75028
vt 0.35726 0.7497
vt 0.3665 0.75774
vt 0.35725 0.75704
vt 0.36639 0.7653
vt 0.35719 0.7645
vt 0.36624 0.77297
vt 0.35706 0.77208
vt 0.36601 0.78073
vt 0.35683 0.77978
vt 0.36566 0.78856
vt 0.35644 0.78754
vt 0.36519 0.7964
vt 0.35588 0.79531
vt 0.36457 0.8042
vt 0.35514 0.80302
vt 0.36383 0.81191
vt 0.35424 0.81064
vt 0.36298 0.81952
vt 0.3532 0.81813
vt 0.36204 0.827
vt 0.35205 0.82551
vt 0.3508 0.83282
vt 0.34058 0.83082
vt 0.34203 0.82365
vt 0.33905 0.83796
vt 0.32865 0.83549
vt 0.33035 0.8285
vt 0.32696 0.84254
vt 0.31646 0.83961
vt 0.3183 0.8327
vt 0.31462 0.84665
vt 0.30403 0.84323
vt 0.30603 0.83635
vt 0.30199 0.85026
vt 0.29133 0.8463
vt 0.29355 0.83946
vt 0.28904 0.85333
vt 0.27829 0.8488
vt 0.2808 0.84198
vt 0.27573 0.85583
vt 0.26486 0.85065
vt 0.26768 0.84386
vt 0.26202 0.85765
vt 0.25093 0.85168
vt 0.2541 0.84497
vt 0.24782 0.85865
vt 0.23649 0.85176
vt 0.23996 0.84514
vt 0.2331 0.85865
vt 0.22147 0.85072
vt 0.22524 0.84421
vt 0.21782 0.85754
vt 0.20583 0.84837
vt 0.20989 0.84198
vt 0.20191 0.85518
vt 0.18966 0.84474
vt 0.19398 0.83834
vt 0.18548 0.85164
vt 0.17301 0.83985
vt 0.17757 0.83333
vt 0.16858 0.84691
vt 0.15599 0.8338
vt 0.16085 0.82712
vt 0.15125 0.84106
vt 0.13859 0.82657
vt 0.14382 0.81976
vt 0.13349 0.83399
vt 0.12077 0.81811
vt 0.12646 0.81122
vt 0.11521 0.82565
vt 0.10245 0.80836
vt 0.1087 0.80142
vt 0.09631 0.81608
vt 0.0909 0.82472
vt 0.08352 0.79738
vt 0.09044 0.79031
vt 0.07667 0.80547
vt 0.0378 0.24157
vt 0.06381 0.78529
vt 0.07158 0.77786
vt 0.03905 0.26296
vt 0.02834 0.26173
vt 0.03123 0.28352
vt 0.02017 0.28249
vt 0.04191 0.28347
vt 0.03589 0.30395
vt 0.0248 0.3047
vt 0.04669 0.30187
vt 0.0424 0.32153
vt 0.03125 0.32481
vt 0.05328 0.31718
vt 0.0505 0.33539
vt 0.03936 0.34128
vt 0.06139 0.32906
vt 0.05998 0.34521
vt 0.04888 0.35322
vt 0.07088 0.33745
vt 0.07068 0.35137
vt 0.05967 0.36058
vt 0.08153 0.34291
vt 0.08237 0.35472
vt 0.07151 0.36428
vt 0.09311 0.3461
vt 0.09476 0.35615
vt 0.0841 0.36552
vt 0.10535 0.34771
vt 0.10757 0.3564
vt 0.09713 0.36534
vt 0.11798 0.34833
vt 0.12055 0.35601
vt 0.11034 0.36441
vt 0.13075 0.3484
vt 0.13356 0.35532
vt 0.12361 0.36311
vt 0.14351 0.34816
vt 0.14643 0.35452
vt 0.13676 0.36182
vt 0.15609 0.34768
vt 0.15905 0.3536
vt 0.14968 0.36056
vt 0.16844 0.34701
vt 0.17138 0.35253
vt 0.16232 0.35921
vt 0.18046 0.34623
vt 0.18331 0.35158
vt 0.17457 0.35791
vt 0.19205 0.34566
vt 0.19477 0.35099
vt 0.18635 0.35696
vt 0.20319 0.34533
vt 0.20583 0.35051
vt 0.19769 0.35623
vt 0.21397 0.34504
vt 0.21656 0.35001
vt 0.20868 0.35552
vt 0.22446 0.34477
vt 0.22702 0.34951
vt 0.21935 0.35477
vt 0.23472 0.34459
vt 0.23726 0.34913
vt 0.22976 0.35407
vt 0.24485 0.34452
vt 0.24738 0.34883
vt 0.23999 0.35346
vt 0.25489 0.34462
vt 0.25741 0.34868
vt 0.25007 0.35293
vt 0.26488 0.34495
vt 0.26744 0.34876
vt 0.26009 0.35254
vt 0.27481 0.34569
vt 0.27744 0.34923
vt 0.27015 0.35232
vt 0.28426 0.34716
vt 0.28669 0.35063
vt 0.28023 0.35246
vt 0.29285 0.34964
vt 0.29462 0.35358
vt 0.28898 0.35406
vt 0.30027 0.35373
vt 0.30087 0.35851
vt 0.2958 0.35778
vt 0.30608 0.35962
vt 0.30549 0.36507
vt 0.30049 0.36373
vt 0.31092 0.36642
vt 0.30988 0.37196
vt 0.3043 0.37069
vt 0.3158 0.37319
vt 0.31462 0.37859
vt 0.30848 0.37751
vt 0.32104 0.3796
vt 0.31987 0.38478
vt 0.3132 0.38394
vt 0.32683 0.38553
vt 0.32576 0.39047
vt 0.31853 0.38992
vt 0.31706 0.395
vt 0.30984 0.3945
vt 0.31157 0.38922
vt 0.30798 0.39972
vt 0.30068 0.39918
vt 0.30286 0.39382
vt 0.29842 0.40451
vt 0.29106 0.40388
vt 0.29364 0.39845
vt 0.28843 0.40928
vt 0.28102 0.40846
vt 0.28394 0.403
vt 0.27384 0.40734
vt 0.27703 0.40188
vt 0.26683 0.40591
vt 0.27028 0.40049
vt 0.25995 0.40413
vt 0.26369 0.3988
vt 0.2563 0.40937
vt 0.24937 0.40716
vt 0.25326 0.40193
vt 0.24557 0.41233
vt 0.23866 0.40984
vt 0.24269 0.40462
vt 0.23471 0.41501
vt 0.22779 0.41242
vt 0.23202 0.40712
vt 0.22366 0.41769
vt 0.2167 0.41514
vt 0.22114 0.40964
vt 0.21968 0.423
vt 0.2124 0.42071
vt 0.21581 0.42836
vt 0.20822 0.42637
vt 0.2121 0.43379
vt 0.2042 0.43218
vt 0.20855 0.43934
vt 0.20037 0.43815
vt 0.20521 0.44505
vt 0.19678 0.44431
vt 0.20205 0.45095
vt 0.19342 0.45067
vt 0.19915 0.45709
vt 0.19039 0.45729
vt 0.19659 0.46346
vt 0.18774 0.46411
vt 0.19446 0.47006
vt 0.18558 0.47111
vt 0.20317 0.46889
vt 0.20144 0.4753
vt 0.19277 0.47681
vt 0.20999 0.47368
vt 0.20857 0.47997
vt 0.20015 0.48188
vt 0.21689 0.47788
vt 0.21583 0.48411
vt 0.20768 0.48644
vt 0.22399 0.48147
vt 0.22351 0.48748
vt 0.21552 0.49036
vt 0.22389 0.49318
vt 0.21596 0.49632
vt 0.22483 0.49863
vt 0.21695 0.50211
vt 0.23254 0.49471
vt 0.23372 0.49986
vt 0.22612 0.50398
vt 0.24002 0.49039
vt 0.24089 0.49545
vt 0.24223 0.50047
vt 0.2352 0.505
vt 0.24385 0.50551
vt 0.2369 0.51015
vt 0.24567 0.51056
vt 0.23885 0.51533
vt 0.24776 0.51562
vt 0.24109 0.52053
vt 0.25015 0.52068
vt 0.24362 0.52573
vt 0.25283 0.5257
vt 0.24643 0.53092
vt 0.25886 0.52052
vt 0.26172 0.5254
vt 0.25574 0.53068
vt 0.26741 0.52028
vt 0.27039 0.52511
vt 0.26472 0.53031
vt 0.27578 0.52008
vt 0.27886 0.52492
vt 0.27348 0.52999
vt 0.28396 0.52002
vt 0.28717 0.52487
vt 0.28205 0.52983
vt 0.29202 0.52009
vt 0.29535 0.52498
vt 0.29049 0.52982
vt 0.29682 0.51547
vt 0.30006 0.52029
vt 0.30151 0.51099
vt 0.3047 0.51573
vt 0.30628 0.50663
vt 0.30937 0.51128
vt 0.31122 0.50237
vt 0.31418 0.50692
vt 0.31642 0.49814
vt 0.31921 0.50258
vt 0.32205 0.49395
vt 0.32457 0.49829
vt 0.32839 0.48985
vt 0.3305 0.49408
vt 0.33552 0.48604
vt 0.33719 0.49011
vt 0.34349 0.48272
vt 0.34481 0.48667
vt 0.35207 0.48022
vt 0.35313 0.48406
vt 0.35456 0.48777
vt 0.34645 0.49049
vt 0.35622 0.49127
vt 0.34827 0.49417
vt 0.35819 0.49451
vt 0.3504 0.4976
vt 0.36042 0.49738
vt 0.3528 0.5007
vt 0.36289 0.49995
vt 0.3554 0.50347
vt 0.3656 0.50223
vt 0.3582 0.50581
vt 0.36849 0.50437
vt 0.36125 0.5079
vt 0.37128 0.50658
vt 0.36435 0.50979
vt 0.35893 0.51567
vt 0.35555 0.51347
vt 0.36237 0.51785
vt 0.35871 0.52418
vt 0.35474 0.52189
vt 0.36598 0.51999
vt 0.36293 0.52631
vt 0.36997 0.52183
vt 0.36745 0.52822
vt 0.3653 0.53406
vt 0.36026 0.53221
vt 0.36342 0.53952
vt 0.35784 0.53778
vt 0.36168 0.54474
vt 0.35564 0.54309
vt 0.35998 0.54983
vt 0.35354 0.54826
vt 0.3583 0.55486
vt 0.3515 0.55334
vt 0.35661 0.55985
vt 0.34947 0.55833
vt 0.3549 0.56479
vt 0.34742 0.56327
vt 0.35317 0.56971
vt 0.34535 0.56817
vt 0.35142 0.5746
vt 0.34327 0.57305
vt 0.34966 0.57949
vt 0.34116 0.57795
vt 0.34787 0.58439
vt 0.33904 0.58286
vt 0.34604 0.58933
vt 0.33688 0.58784
vt 0.34417 0.59431
vt 0.33465 0.59288
vt 0.34222 0.59932
vt 0.3324 0.59796
vt 0.34025 0.60438
vt 0.33014 0.60313
vt 0.3383 0.60954
vt 0.32797 0.60842
vt 0.33645 0.61482
vt 0.32593 0.6139
vt 0.33476 0.62028
vt 0.32405 0.61959
vt 0.33322 0.62591
vt 0.32236 0.62549
vt 0.33189 0.63173
vt 0.3209 0.63157
vt 0.33083 0.63772
vt 0.31969 0.63778
vt 0.33007 0.64384
vt 0.31878 0.64408
vt 0.32963 0.65005
vt 0.31822 0.65045
vt 0.32956 0.65634
vt 0.31804 0.65688
vt 0.32988 0.66266
vt 0.31829 0.66332
vt 0.33063 0.66891
vt 0.319 0.66968
vt 0.33178 0.67486
vt 0.32013 0.67577
vt 0.33311 0.68005
vt 0.32147 0.68112
vt 0.33456 0.68487
vt 0.32293 0.68596
vt 0.33607 0.68952
vt 0.32442 0.69056
vt 0.33761 0.69412
vt 0.32594 0.69502
vt 0.33928 0.69883
vt 0.32757 0.69956
vt 0.341 0.7037
vt 0.32929 0.70422
vt 0.34271 0.70907
vt 0.33099 0.70917
vt 0.34428 0.71506
vt 0.3327 0.71488
vt 0.34549 0.72138
vt 0.33417 0.72103
vt 0.34635 0.72798
vt 0.33532 0.72742
vt 0.34692 0.73477
vt 0.33619 0.73401
vt 0.34727 0.74174
vt 0.33683 0.74077
vt 0.34753 0.74884
vt 0.33732 0.7477
vt 0.3477 0.75607
vt 0.33772 0.75479
vt 0.34775 0.76341
vt 0.338 0.76202
vt 0.3477 0.7709
vt 0.33814 0.76942
vt 0.34752 0.77852
vt 0.33808 0.77698
vt 0.34713 0.78623
vt 0.3377 0.78461
vt 0.3465 0.79392
vt 0.33701 0.79222
vt 0.34564 0.80154
vt 0.33604 0.79974
vt 0.34458 0.80904
vt 0.33483 0.80714
vt 0.34337 0.81641
vt 0.33347 0.81437
vt 0.33195 0.82153
vt 0.32012 0.82586
vt 0.32188 0.81897
vt 0.32352 0.81203
vt 0.31179 0.81613
vt 0.31355 0.80929
vt 0.32505 0.80484
vt 0.31516 0.80232
vt 0.30358 0.80628
vt 0.30528 0.79938
vt 0.31657 0.7951
vt 0.32636 0.79758
vt 0.30674 0.79234
vt 0.29543 0.79624
vt 0.2969 0.78927
vt 0.30784 0.78506
vt 0.31768 0.7878
vt 0.29772 0.78224
vt 0.28664 0.78625
vt 0.28674 0.77946
vt 0.29766 0.77511
vt 0.30836 0.77777
vt 0.28604 0.77281
vt 0.27465 0.7771
vt 0.27354 0.77079
vt 0.28476 0.76618
vt 0.29682 0.76818
vt 0.27197 0.76448
vt 0.26021 0.76896
vt 0.25856 0.7627
vt 0.27009 0.7579
vt 0.28305 0.75955
vt 0.25667 0.75625
vt 0.24468 0.76076
vt 0.24291 0.75428
vt 0.25457 0.74951
vt 0.268 0.7512
vt 0.24088 0.74758
vt 0.22896 0.75203
vt 0.22712 0.74522
vt 0.23865 0.74054
vt 0.25226 0.7426
vt 0.22499 0.73816
vt 0.21332 0.74259
vt 0.21143 0.73537
vt 0.22267 0.73069
vt 0.23618 0.73326
vt 0.20927 0.72784
vt 0.1979 0.73233
vt 0.19605 0.72466
vt 0.20699 0.71987
vt 0.22015 0.7229
vt 0.19402 0.71666
vt 0.18281 0.72116
vt 0.18118 0.71307
vt 0.192 0.70827
vt 0.20463 0.71159
vt 0.17949 0.70472
vt 0.16824 0.70906
vt 0.167 0.70065
vt 0.17793 0.69612
vt 0.19005 0.69975
vt 0.1658 0.69206
vt 0.15433 0.696
vt 0.15359 0.68735
vt 0.16479 0.6834
vt 0.17653 0.68763
vt 0.15293 0.67866
vt 0.14114 0.682
vt 0.14096 0.6732
vt 0.15251 0.66999
vt 0.16397 0.67498
vt 0.14092 0.6644
vt 0.12878 0.66699
vt 0.12924 0.65805
vt 0.14115 0.65575
vt 0.15227 0.66159
vt 0.12989 0.6492
vt 0.11741 0.65081
vt 0.1187 0.64183
vt 0.13095 0.64053
vt 0.14162 0.6473
vt 0.12032 0.6329
vt 0.10751 0.63341
vt 0.10995 0.62441
vt 0.12263 0.62433
vt 0.13258 0.63224
vt 0.11292 0.61559
vt 0.09974 0.61482
vt 0.10361 0.60603
vt 0.1168 0.60749
vt 0.12579 0.61653
vt 0.10818 0.59774
vt 0.09463 0.5954
vt 0.10012 0.58729
vt 0.11369 0.59053
vt 0.12154 0.6005
vt 0.10621 0.58003
vt 0.09247 0.57591
vt 0.09936 0.56893
vt 0.113 0.57394
vt 0.11981 0.58446
vt 0.10662 0.56294
vt 0.09305 0.55705
vt 0.10098 0.55142
vt 0.11431 0.55785
vt 0.12009 0.5686
vt 0.10911 0.54669
vt 0.09612 0.5393
vt 0.10484 0.53509
vt 0.11743 0.54246
vt 0.12206 0.55316
vt 0.11353 0.53145
vt 0.10156 0.5231
vt 0.11067 0.52013
vt 0.12237 0.52811
vt 0.12577 0.53853
vt 0.11974 0.5175
vt 0.10884 0.5086
vt 0.11821 0.50671
vt 0.12891 0.51494
vt 0.13114 0.52493
vt 0.12754 0.50487
vt 0.11783 0.4959
vt 0.12735 0.4948
vt 0.13697 0.50297
vt 0.13803 0.51242
vt 0.13683 0.49355
vt 0.12822 0.48475
vt 0.13773 0.48416
vt 0.14634 0.49217
vt 0.14633 0.50104
vt 0.14718 0.48331
vt 0.13958 0.47479
vt 0.14896 0.47449
vt 0.1566 0.48226
vt 0.15572 0.49064
vt 0.15826 0.47387
vt 0.15157 0.46569
vt 0.16072 0.46558
vt 0.1675 0.47309
vt 0.16586 0.48102
vt 0.16977 0.46521
vt 0.16383 0.45734
vt 0.17272 0.4575
vt 0.1788 0.46473
vt 0.17657 0.47213
vt 0.18155 0.45743
vt 0.17616 0.4499
vt 0.1848 0.45037
vt 0.16758 0.44929
vt 0.1718 0.44145
vt 0.18008 0.44258
vt 0.18839 0.44349
vt 0.18431 0.43549
vt 0.1923 0.43689
vt 0.17644 0.43391
vt 0.18141 0.42664
vt 0.18885 0.42866
vt 0.19644 0.43048
vt 0.1936 0.42207
vt 0.20082 0.4243
vt 0.18662 0.41967
vt 0.19196 0.41298
vt 0.19854 0.41572
vt 0.20535 0.41828
vt 0.20356 0.40958
vt 0.21 0.41244
vt 0.19737 0.40658
vt 0.20294 0.40039
vt 0.20874 0.40362
vt 0.2148 0.4067
vt 0.21404 0.3978
vt 0.21974 0.40108
vt 0.22571 0.40418
vt 0.22481 0.39552
vt 0.23042 0.39877
vt 0.23636 0.4018
vt 0.23527 0.39337
vt 0.24086 0.39649
vt 0.24684 0.39935
vt 0.24552 0.39119
vt 0.25117 0.39412
vt 0.25724 0.39666
vt 0.25561 0.38892
vt 0.26139 0.39146
vt 0.26751 0.39347
vt 0.26559 0.38624
vt 0.2714 0.38817
vt 0.27382 0.39512
vt 0.27733 0.38968
vt 0.27527 0.3828
vt 0.28084 0.38422
vt 0.28345 0.39097
vt 0.28024 0.39643
vt 0.28652 0.38544
vt 0.28424 0.37864
vt 0.28949 0.37983
vt 0.29242 0.38654
vt 0.28969 0.39205
vt 0.29493 0.38094
vt 0.29223 0.37404
vt 0.29727 0.37522
vt 0.30073 0.382
vt 0.29852 0.38753
vt 0.30265 0.37638
vt 0.29916 0.36939
vt 0.30678 0.38299
vt 0.30491 0.38842
vt 0.29612 0.39299
vt 0.28681 0.39751
vt 0.29456 0.36806
vt 0.29586 0.36249
vt 0.29047 0.36668
vt 0.29153 0.36141
vt 0.28754 0.37281
vt 0.27911 0.3773
vt 0.27425 0.37566
vt 0.26984 0.38098
vt 0.26487 0.37864
vt 0.26983 0.37343
vt 0.26017 0.38375
vt 0.25528 0.38078
vt 0.26043 0.37569
vt 0.25032 0.38593
vt 0.2455 0.3827
vt 0.25088 0.3775
vt 0.24029 0.388
vt 0.23542 0.3846
vt 0.24101 0.37925
vt 0.23002 0.39002
vt 0.22508 0.38649
vt 0.23084 0.381
vt 0.21948 0.39209
vt 0.21443 0.3885
vt 0.2204 0.38279
vt 0.2086 0.39437
vt 0.20342 0.39076
vt 0.20963 0.38474
vt 0.19733 0.39696
vt 0.19199 0.39329
vt 0.19848 0.38693
vt 0.1914 0.40337
vt 0.18563 0.39992
vt 0.18559 0.41003
vt 0.17943 0.40684
vt 0.17983 0.41703
vt 0.17329 0.41412
vt 0.17416 0.42438
vt 0.16714 0.4218
vt 0.16873 0.43206
vt 0.16123 0.42986
vt 0.16365 0.44009
vt 0.15569 0.4383
vt 0.15903 0.4484
vt 0.15061 0.44708
vt 0.15495 0.45697
vt 0.14612 0.45615
vt 0.14237 0.4654
vt 0.13332 0.46469
vt 0.13746 0.45478
vt 0.13018 0.47468
vt 0.12094 0.47417
vt 0.12444 0.46336
vt 0.11867 0.48505
vt 0.1093 0.4851
vt 0.11185 0.4732
vt 0.10824 0.49691
vt 0.09891 0.49795
vt 0.09999 0.48493
vt 0.09943 0.51072
vt 0.09005 0.51303
vt 0.08943 0.49899
vt 0.09226 0.52652
vt 0.08333 0.53034
vt 0.08076 0.51543
vt 0.08749 0.54424
vt 0.07919 0.54945
vt 0.07436 0.53404
vt 0.08532 0.56339
vt 0.078 0.56991
vt 0.07088 0.55452
vt 0.08596 0.58345
vt 0.08012 0.59124
vt 0.07101 0.57664
vt 0.0897 0.60383
vt 0.08552 0.61249
vt 0.0749 0.5994
vt 0.09637 0.62367
vt 0.09371 0.63283
vt 0.08198 0.62161
vt 0.10547 0.64245
vt 0.10402 0.65175
vt 0.09158 0.64233
vt 0.11637 0.65985
vt 0.11576 0.66905
vt 0.10291 0.6612
vt 0.12848 0.67594
vt 0.12849 0.6849
vt 0.1154 0.67834
vt 0.14145 0.69078
vt 0.14199 0.69947
vt 0.12873 0.69391
vt 0.15516 0.70454
vt 0.15617 0.71291
vt 0.14275 0.70816
vt 0.16951 0.71728
vt 0.17084 0.72525
vt 0.15729 0.7212
vt 0.18436 0.72899
vt 0.18587 0.73652
vt 0.17221 0.7331
vt 0.19956 0.73972
vt 0.2011 0.7468
vt 0.18733 0.74391
vt 0.21498 0.74955
vt 0.21648 0.7562
vt 0.20255 0.75372
vt 0.23057 0.75861
vt 0.23202 0.76485
vt 0.21786 0.76265
vt 0.24624 0.76702
vt 0.24762 0.77294
vt 0.23336 0.7709
vt 0.26154 0.77502
vt 0.26236 0.78086
vt 0.24872 0.77864
vt 0.2751 0.78344
vt 0.27477 0.78965
vt 0.26264 0.78667
vt 0.28549 0.793
vt 0.28373 0.79945
vt 0.27358 0.79586
vt 0.29363 0.80303
vt 0.29176 0.80953
vt 0.28185 0.80583
vt 0.30174 0.81302
vt 0.29982 0.81955
vt 0.28979 0.81595
vt 0.30991 0.8229
vt 0.308 0.82957
vt 0.29777 0.82615
vt 0.29571 0.83273
vt 0.28771 0.82233
vt 0.28549 0.82881
vt 0.28322 0.83532
vt 0.27551 0.82445
vt 0.27778 0.81823
vt 0.27302 0.83082
vt 0.27042 0.83725
vt 0.26309 0.82585
vt 0.26571 0.81977
vt 0.26019 0.8321
vt 0.25721 0.83844
vt 0.25027 0.82642
vt 0.25336 0.82051
vt 0.24687 0.83252
vt 0.24347 0.83873
vt 0.23685 0.82606
vt 0.24054 0.82032
vt 0.23297 0.83193
vt 0.22911 0.83795
vt 0.22282 0.82449
vt 0.22708 0.81908
vt 0.2184 0.83008
vt 0.21411 0.83588
vt 0.20813 0.82143
vt 0.21303 0.81636
vt 0.20315 0.82677
vt 0.19849 0.83236
vt 0.19278 0.81684
vt 0.19831 0.81211
vt 0.18736 0.82189
vt 0.18236 0.82736
vt 0.17703 0.81067
vt 0.18306 0.80623
vt 0.17119 0.81556
vt 0.16591 0.82104
vt 0.16101 0.80315
vt 0.16752 0.79893
vt 0.15481 0.808
vt 0.14923 0.81356
vt 0.14483 0.79451
vt 0.15169 0.79036
vt 0.13824 0.79935
vt 0.13229 0.80496
vt 0.12847 0.78477
vt 0.13575 0.78074
vt 0.12146 0.78957
vt 0.11506 0.79518
vt 0.11193 0.7739
vt 0.11965 0.77002
vt 0.10442 0.77857
vt 0.09744 0.78408
vt 0.09515 0.76162
vt 0.10333 0.75799
vt 0.08705 0.76611
vt 0.07937 0.77154
vt 0.07805 0.74767
vt 0.0868 0.74434
vt 0.06924 0.75199
vt 0.06073 0.75743
vt 0.06062 0.73177
vt 0.07004 0.72873
vt 0.05098 0.73603
vt 0.05201 0.76407
vt 0.04147 0.74169
vt 0.04287 0.71367
vt 0.05313 0.71083
vt 0.03214 0.71811
vt 0.00803 0.32663
vt 0.01338 0.30407
vt 0.01986 0.32663
vt 0.02474 0.69334
vt 0.0361 0.69024
vt 0.01633 0.34939
vt 0.00438 0.35048
vt 0.02805 0.34617
vt 0.01467 0.3733
vt 0.00232 0.37575
vt 0.02612 0.368
vt 0.03769 0.361
vt 0.02614 0.39011
vt 0.01461 0.39833
vt 0.03719 0.38046
vt 0.04859 0.37034
vt 0.03858 0.39886
vt 0.02762 0.41192
vt 0.04945 0.38645
vt 0.06059 0.3748
vt 0.05192 0.40077
vt 0.04119 0.41557
vt 0.06259 0.3877
vt 0.07341 0.37596
vt 0.06586 0.39894
vt 0.05548 0.41318
vt 0.07622 0.38644
vt 0.0867 0.37531
vt 0.08003 0.39568
vt 0.07004 0.4087
vt 0.09004 0.38408
vt 0.10018 0.37372
vt 0.0942 0.39192
vt 0.08457 0.40373
vt 0.10388 0.38129
vt 0.11372 0.37174
vt 0.10828 0.3881
vt 0.09898 0.39879
vt 0.11766 0.37846
vt 0.12716 0.36977
vt 0.12218 0.38461
vt 0.11323 0.39418
vt 0.13123 0.37591
vt 0.1404 0.36795
vt 0.13581 0.38166
vt 0.12719 0.39027
vt 0.1445 0.37371
vt 0.15335 0.36626
vt 0.14899 0.37921
vt 0.1407 0.38715
vt 0.15737 0.37173
vt 0.1659 0.36463
vt 0.16164 0.37707
vt 0.15363 0.38456
vt 0.16974 0.36999
vt 0.178 0.36327
vt 0.17377 0.37523
vt 0.166 0.38231
vt 0.18162 0.36856
vt 0.18961 0.36223
vt 0.18546 0.37363
vt 0.17791 0.38028
vt 0.19308 0.36731
vt 0.20084 0.36127
vt 0.19681 0.37211
vt 0.18951 0.37841
vt 0.20421 0.36609
vt 0.21174 0.3603
vt 0.20786 0.37061
vt 0.2008 0.3766
vt 0.21503 0.36486
vt 0.22234 0.35932
vt 0.21862 0.36918
vt 0.21179 0.37488
vt 0.22559 0.36367
vt 0.2327 0.35842
vt 0.22909 0.36783
vt 0.22244 0.37329
vt 0.23589 0.36259
vt 0.24289 0.3576
vt 0.23931 0.36658
vt 0.23281 0.37181
vt 0.24602 0.36157
vt 0.25293 0.35686
vt 0.24933 0.36536
vt 0.24294 0.37039
vt 0.25596 0.36058
vt 0.26291 0.35618
vt 0.25913 0.36411
vt 0.25283 0.36898
vt 0.26583 0.35958
vt 0.27298 0.35557
vt 0.26883 0.36275
vt 0.26244 0.36747
vt 0.27586 0.35849
vt 0.28301 0.35541
vt 0.27874 0.36095
vt 0.27195 0.36562
vt 0.28547 0.35818
vt 0.29076 0.35754
vt 0.26594 0.37064
vt 0.25649 0.37241
vt 0.24681 0.37403
vt 0.23678 0.37561
vt 0.22651 0.37722
vt 0.21596 0.37893
vt 0.20508 0.3808
vt 0.19383 0.38284
vt 0.18697 0.38934
vt 0.18226 0.38502
vt 0.18017 0.39616
vt 0.17511 0.39197
vt 0.17354 0.40331
vt 0.16807 0.39929
vt 0.16697 0.41083
vt 0.16108 0.40699
vt 0.16041 0.41877
vt 0.15413 0.41512
vt 0.15404 0.42712
vt 0.14726 0.42373
vt 0.14803 0.43592
vt 0.14077 0.43291
vt 0.14246 0.44515
vt 0.13465 0.44258
vt 0.12906 0.45274
vt 0.12105 0.45005
vt 0.12719 0.43928
vt 0.1158 0.46141
vt 0.10752 0.45895
vt 0.11343 0.44669
vt 0.10289 0.47182
vt 0.09441 0.47
vt 0.09978 0.456
vt 0.09076 0.48446
vt 0.08222 0.48355
vt 0.08653 0.46767
vt 0.08015 0.49972
vt 0.07144 0.49957
vt 0.07406 0.48179
vt 0.07143 0.5173
vt 0.06232 0.51806
vt 0.06259 0.49821
vt 0.06515 0.53726
vt 0.05629 0.54024
vt 0.05283 0.51835
vt 0.06264 0.55989
vt 0.05519 0.56613
vt 0.04738 0.54431
vt 0.06458 0.58423
vt 0.05919 0.59327
vt 0.04841 0.57448
vt 0.07038 0.60853
vt 0.06703 0.61905
vt 0.05495 0.60437
vt 0.07913 0.63142
vt 0.07735 0.64227
vt 0.06477 0.63096
vt 0.08997 0.65222
vt 0.08927 0.66289
vt 0.07641 0.65402
vt 0.10219 0.67093
vt 0.10227 0.68119
vt 0.08927 0.67413
vt 0.11538 0.68778
vt 0.11605 0.69757
vt 0.10297 0.69188
vt 0.12928 0.70302
vt 0.13042 0.71233
vt 0.11729 0.70768
vt 0.14376 0.71688
vt 0.14521 0.72568
vt 0.13204 0.72187
vt 0.15862 0.72949
vt 0.16025 0.73776
vt 0.14707 0.73465
vt 0.17369 0.74091
vt 0.17538 0.74865
vt 0.16222 0.74616
vt 0.18885 0.75123
vt 0.19048 0.75842
vt 0.17735 0.75647
vt 0.204 0.76051
vt 0.20549 0.76713
vt 0.19233 0.76562
vt 0.21922 0.76895
vt 0.22053 0.77496
vt 0.20711 0.77367
vt 0.23459 0.77669
vt 0.23564 0.78216
vt 0.22184 0.78079
vt 0.24952 0.78421
vt 0.24994 0.78963
vt 0.23648 0.78741
vt 0.26243 0.79257
vt 0.26166 0.79831
vt 0.25001 0.79484
vt 0.27197 0.80207
vt 0.27013 0.80798
vt 0.26028 0.80385
vt 0.27985 0.81211
vt 0.26801 0.81388
vt 0.25848 0.8092
vt 0.25614 0.81475
vt 0.24958 0.79981
vt 0.23756 0.79667
vt 0.23712 0.79234
vt 0.22644 0.7968
vt 0.22455 0.79172
vt 0.22314 0.78637
vt 0.21377 0.79312
vt 0.21101 0.78662
vt 0.20892 0.78018
vt 0.20024 0.7878
vt 0.19701 0.78021
vt 0.19447 0.77287
vt 0.18607 0.78086
vt 0.18257 0.77251
vt 0.1797 0.76443
vt 0.17148 0.7727
vt 0.16771 0.76354
vt 0.16466 0.75475
vt 0.1565 0.76325
vt 0.15261 0.75338
vt 0.14946 0.74387
vt 0.14127 0.75259
vt 0.13738 0.74196
vt 0.13426 0.73172
vt 0.12594 0.74068
vt 0.12216 0.72921
vt 0.1192 0.7182
vt 0.11064 0.72732
vt 0.10709 0.71496
vt 0.10442 0.70308
vt 0.09545 0.7123
vt 0.09229 0.69889
vt 0.09009 0.68605
vt 0.0805 0.69513
vt 0.07792 0.68054
vt 0.07638 0.66663
vt 0.06594 0.67532
vt 0.06418 0.65932
vt 0.06359 0.64421
vt 0.05202 0.65196
vt 0.05139 0.63421
vt 0.05214 0.61777
vt 0.03909 0.62359
vt 0.04003 0.60339
vt 0.04279 0.58599
vt 0.02791 0.58637
vt 0.0311 0.56136
vt 0.03834 0.55085
vt 0.02056 0.51988
vt 0.03254 0.51904
vt 0.04253 0.51876
vt 0.03521 0.48677
vt 0.04445 0.49234
vt 0.05329 0.49582
vt 0.04973 0.46901
vt 0.05784 0.47463
vt 0.06581 0.47879
vt 0.06436 0.45565
vt 0.07176 0.46081
vt 0.07905 0.46469
vt 0.07896 0.44442
vt 0.08581 0.44894
vt 0.0926 0.45264
vt 0.09344 0.43461
vt 0.09983 0.43887
vt 0.10637 0.44288
vt 0.10765 0.4264
vt 0.11376 0.43092
vt 0.12021 0.43531
vt 0.12151 0.41998
vt 0.12751 0.42479
vt 0.13389 0.42917
vt 0.13507 0.41507
vt 0.14097 0.4197
vt 0.12952 0.41004
vt 0.1376 0.40095
vt 0.14283 0.40605
vt 0.14828 0.41082
vt 0.15057 0.39765
vt 0.15568 0.40253
vt 0.14564 0.39249
vt 0.15829 0.38975
vt 0.16305 0.39473
vt 0.17045 0.38732
vt 0.1324 0.39564
vt 0.12409 0.40488
vt 0.1186 0.39969
vt 0.11578 0.41508
vt 0.11005 0.41012
vt 0.10159 0.4217
vt 0.09557 0.4166
vt 0.10432 0.40476
vt 0.08698 0.42969
vt 0.0808 0.42395
vt 0.08976 0.41063
vt 0.07215 0.43879
vt 0.06587 0.43199
vt 0.07502 0.41694
vt 0.05713 0.44906
vt 0.05072 0.44072
vt 0.06013 0.42351
vt 0.04184 0.46112
vt 0.0353 0.44962
vt 0.04513 0.42981
vt 0.02596 0.47647
vt 0.0205 0.45113
vt 0.0304 0.4328
vt 0.00968 0.47044
vt 0.00459 0.43358
vt 0.01604 0.42469
vt 0.01499 0.56964
vt 0.02626 0.61309
vt 0.01394 0.60756
vt 0.02785 0.6401
vt 0.01505 0.6389
vt 0.03962 0.64496
vt 0.04268 0.66726
vt 0.03085 0.6657
vt 0.05396 0.67058
vt 0.05801 0.69001
vt 0.04689 0.68921
vt 0.06888 0.69198
vt 0.07366 0.70934
vt 0.06313 0.70941
vt 0.08414 0.71028
vt 0.08943 0.72603
vt 0.07942 0.72681
vt 0.0996 0.72619
vt 0.10523 0.74058
vt 0.09564 0.74193
vt 0.11513 0.74016
vt 0.12096 0.75343
vt 0.11174 0.75521
vt 0.13062 0.75254
vt 0.13657 0.76485
vt 0.12768 0.76697
vt 0.14605 0.76364
vt 0.15203 0.77511
vt 0.14343 0.77748
vt 0.16126 0.77355
vt 0.16721 0.78425
vt 0.15903 0.78694
vt 0.1761 0.78218
vt 0.182 0.79209
vt 0.17438 0.79524
vt 0.1905 0.78959
vt 0.19645 0.79861
vt 0.18938 0.80222
vt 0.20452 0.79556
vt 0.21044 0.80356
vt 0.20402 0.80766
vt 0.21768 0.79975
vt 0.22339 0.80665
vt 0.21801 0.81151
vt 0.2312 0.81363
vt 0.01901 0.6671
vt 0.00195 0.40303
vt 0.17499 0.47968
vt 0.18392 0.47823
vt 0.18288 0.48549
vt 0.17399 0.48726
vt 0.19154 0.48368
vt 0.19099 0.49071
vt 0.1824 0.49278
vt 0.19936 0.48859
vt 0.19934 0.49534
vt 0.19104 0.4977
vt 0.20743 0.49289
vt 0.20798 0.49919
vt 0.19991 0.50197
vt 0.20903 0.50536
vt 0.20099 0.50848
vt 0.21049 0.51149
vt 0.20251 0.51494
vt 0.2183 0.50786
vt 0.22007 0.51355
vt 0.2123 0.51753
vt 0.22767 0.50935
vt 0.22957 0.51469
vt 0.22208 0.51913
vt 0.23172 0.52008
vt 0.22439 0.52473
vt 0.23414 0.52545
vt 0.22704 0.53032
vt 0.23688 0.53083
vt 0.23002 0.53591
vt 0.23993 0.53621
vt 0.23333 0.54148
vt 0.2433 0.54153
vt 0.23697 0.54698
vt 0.2495 0.53606
vt 0.25296 0.5412
vt 0.24698 0.5468
vt 0.25884 0.5357
vt 0.26235 0.54073
vt 0.25668 0.54633
vt 0.2679 0.53527
vt 0.27148 0.54028
vt 0.26611 0.5458
vt 0.27674 0.53495
vt 0.28041 0.53996
vt 0.27533 0.54531
vt 0.28542 0.53481
vt 0.28923 0.5398
vt 0.28439 0.54494
vt 0.29399 0.53482
vt 0.29797 0.53974
vt 0.29336 0.54469
vt 0.29877 0.52997
vt 0.30252 0.5349
vt 0.30342 0.52521
vt 0.30703 0.53014
vt 0.308 0.52056
vt 0.31149 0.52543
vt 0.31258 0.51599
vt 0.31594 0.52076
vt 0.31725 0.51147
vt 0.32045 0.51611
vt 0.32211 0.507
vt 0.32512 0.51148
vt 0.32726 0.50258
vt 0.33006 0.50687
vt 0.33287 0.49824
vt 0.33542 0.50235
vt 0.33916 0.49408
vt 0.3413 0.498
vt 0.34379 0.50172
vt 0.33815 0.50633
vt 0.34641 0.50517
vt 0.34097 0.51009
vt 0.34924 0.5083
vt 0.34408 0.51352
vt 0.35229 0.51105
vt 0.34743 0.51663
vt 0.35095 0.51944
vt 0.34715 0.52509
vt 0.34328 0.52211
vt 0.35118 0.52778
vt 0.348 0.53327
vt 0.34357 0.53054
vt 0.35554 0.53012
vt 0.3527 0.53572
vt 0.35007 0.54107
vt 0.34499 0.53864
vt 0.34755 0.5463
vt 0.34204 0.54387
vt 0.34509 0.55139
vt 0.33914 0.54893
vt 0.34265 0.55637
vt 0.33632 0.55389
vt 0.34023 0.56129
vt 0.3335 0.55878
vt 0.33778 0.56617
vt 0.33066 0.56365
vt 0.33534 0.57105
vt 0.32783 0.56853
vt 0.33291 0.57594
vt 0.32505 0.57344
vt 0.33045 0.58087
vt 0.32227 0.57842
vt 0.32796 0.58587
vt 0.31945 0.58348
vt 0.3254 0.59096
vt 0.31656 0.58864
vt 0.32283 0.59615
vt 0.31365 0.59392
vt 0.3203 0.60146
vt 0.31081 0.59937
vt 0.3179 0.60689
vt 0.30818 0.60499
vt 0.31571 0.61255
vt 0.30587 0.61086
vt 0.31371 0.61848
vt 0.30375 0.61706
vt 0.31186 0.62465
vt 0.30171 0.62345
vt 0.31019 0.63098
vt 0.29979 0.62995
vt 0.30877 0.63739
vt 0.29806 0.63651
vt 0.30764 0.64386
vt 0.29664 0.64311
vt 0.30689 0.6504
vt 0.29564 0.64977
vt 0.30656 0.65697
vt 0.29508 0.65644
vt 0.30669 0.66353
vt 0.29503 0.66311
vt 0.30731 0.66999
vt 0.29549 0.66966
vt 0.30837 0.67617
vt 0.2964 0.6759
vt 0.3097 0.68173
vt 0.29765 0.68166
vt 0.31113 0.68662
vt 0.29904 0.6867
vt 0.3126 0.69124
vt 0.30046 0.69132
vt 0.31406 0.69562
vt 0.30185 0.69566
vt 0.3156 0.70001
vt 0.30324 0.6999
vt 0.31723 0.70448
vt 0.30472 0.70421
vt 0.31886 0.70909
vt 0.30624 0.7086
vt 0.32056 0.71434
vt 0.30782 0.71338
vt 0.3222 0.72028
vt 0.30953 0.71905
vt 0.32363 0.72652
vt 0.31118 0.72523
vt 0.3248 0.73296
vt 0.31266 0.7316
vt 0.32576 0.73955
vt 0.31396 0.73808
vt 0.32655 0.7463
vt 0.31511 0.7447
vt 0.32723 0.75321
vt 0.31614 0.75145
vt 0.32783 0.7603
vt 0.31712 0.7584
vt 0.3283 0.76763
vt 0.31801 0.76559
vt 0.32845 0.77512
vt 0.31855 0.77295
vt 0.32814 0.78268
vt 0.3184 0.78042
vt 0.32741 0.79018
vt 0.30809 0.77056
vt 0.30709 0.76332
vt 0.2954 0.7614
vt 0.29372 0.75454
vt 0.30575 0.75638
vt 0.28108 0.75288
vt 0.279 0.74605
vt 0.29194 0.74781
vt 0.26572 0.74442
vt 0.26336 0.73747
vt 0.27684 0.73928
vt 0.24975 0.73555
vt 0.24722 0.72824
vt 0.26094 0.73048
vt 0.23353 0.72576
vt 0.23101 0.71795
vt 0.24473 0.72086
vt 0.21756 0.71486
vt 0.21534 0.70679
vt 0.22876 0.71034
vt 0.2024 0.70327
vt 0.20078 0.69566
vt 0.21374 0.69987
vt 0.18841 0.69162
vt 0.18734 0.68435
vt 0.19979 0.68934
vt 0.17545 0.67966
vt 0.17492 0.6725
vt 0.18689 0.67824
vt 0.16343 0.66707
vt 0.16354 0.65997
vt 0.17508 0.66652
vt 0.1524 0.65363
vt 0.15344 0.64695
vt 0.16445 0.65434
vt 0.1428 0.63961
vt 0.14503 0.63335
vt 0.15531 0.64155
vt 0.13516 0.62506
vt 0.13868 0.61917
vt 0.148 0.62802
vt 0.12985 0.60999
vt 0.13477 0.60428
vt 0.14295 0.61367
vt 0.12703 0.59454
vt 0.13314 0.58889
vt 0.1403 0.59854
vt 0.12635 0.57893
vt 0.13312 0.57361
vt 0.1394 0.58332
vt 0.12726 0.56355
vt 0.13466 0.55871
vt 0.13999 0.5684
vt 0.12984 0.54874
vt 0.13784 0.54452
vt 0.14216 0.55404
vt 0.13409 0.5348
vt 0.14254 0.53119
vt 0.14586 0.54043
vt 0.13985 0.52184
vt 0.14866 0.51879
vt 0.15096 0.52766
vt 0.14708 0.50991
vt 0.15615 0.50742
vt 0.15742 0.51583
vt 0.15554 0.49903
vt 0.16467 0.49697
vt 0.16508 0.50493
vt 0.1649 0.48898
vt 0.17357 0.49485
vt 0.1739 0.50249
vt 0.1825 0.50006
vt 0.18331 0.50738
vt 0.17478 0.51014
vt 0.19163 0.50465
vt 0.19284 0.51154
vt 0.18461 0.51464
vt 0.19449 0.51838
vt 0.18641 0.52184
vt 0.1966 0.52518
vt 0.18872 0.52899
vt 0.2044 0.52137
vt 0.20681 0.52768
vt 0.19916 0.53188
vt 0.21441 0.52344
vt 0.21697 0.52931
vt 0.20958 0.53389
vt 0.21988 0.53515
vt 0.21274 0.54002
vt 0.22315 0.54098
vt 0.2163 0.54609
vt 0.22676 0.54677
vt 0.22022 0.5521
vt 0.23072 0.5525
vt 0.22449 0.55805
vt 0.23505 0.55813
vt 0.22911 0.56386
vt 0.24094 0.55244
vt 0.24531 0.55782
vt 0.2397 0.56367
vt 0.25094 0.55205
vt 0.25535 0.55724
vt 0.25002 0.56311
vt 0.26068 0.55147
vt 0.26517 0.55655
vt 0.26013 0.56237
vt 0.27019 0.55086
vt 0.27478 0.55582
vt 0.27005 0.56152
vt 0.27952 0.55029
vt 0.28423 0.55508
vt 0.2798 0.56058
vt 0.2887 0.54978
vt 0.29364 0.55444
vt 0.28941 0.55968
vt 0.29791 0.54942
vt 0.30303 0.55388
vt 0.29902 0.55888
vt 0.30228 0.54451
vt 0.30706 0.54898
vt 0.30662 0.53967
vt 0.31113 0.54416
vt 0.31095 0.5349
vt 0.31523 0.5394
vt 0.31524 0.53017
vt 0.31931 0.53464
vt 0.31952 0.52543
vt 0.32339 0.52984
vt 0.32385 0.52068
vt 0.32751 0.525
vt 0.3283 0.5159
vt 0.33175 0.5201
vt 0.333 0.51109
vt 0.33612 0.51512
vt 0.3396 0.51879
vt 0.33547 0.52394
vt 0.33934 0.52746
vt 0.33568 0.53262
vt 0.33146 0.529
vt 0.34016 0.53586
vt 0.33689 0.54098
vt 0.33205 0.53766
vt 0.33364 0.54596
vt 0.32849 0.54258
vt 0.33043 0.55088
vt 0.32497 0.54745
vt 0.32726 0.55575
vt 0.32145 0.55227
vt 0.32409 0.5606
vt 0.31797 0.55709
vt 0.32092 0.56548
vt 0.3145 0.56196
vt 0.31777 0.57042
vt 0.31106 0.56693
vt 0.31464 0.57545
vt 0.30762 0.57201
vt 0.3115 0.58058
vt 0.30417 0.57723
vt 0.30829 0.58584
vt 0.30068 0.5826
vt 0.30502 0.59124
vt 0.2971 0.58815
vt 0.30183 0.59683
vt 0.29354 0.59396
vt 0.29892 0.60271
vt 0.29035 0.60011
vt 0.29643 0.60888
vt 0.2875 0.60657
vt 0.29414 0.61533
vt 0.28491 0.61313
vt 0.29186 0.62185
vt 0.28229 0.61962
vt 0.28964 0.62842
vt 0.27974 0.62612
vt 0.28756 0.63503
vt 0.27735 0.63272
vt 0.28582 0.64171
vt 0.2753 0.63946
vt 0.2845 0.64847
vt 0.27367 0.64632
vt 0.28365 0.65528
vt 0.27249 0.65328
vt 0.28335 0.66209
vt 0.27185 0.66028
vt 0.28359 0.66877
vt 0.27178 0.66717
vt 0.2843 0.67515
vt 0.27222 0.67376
vt 0.28541 0.6811
vt 0.27311 0.67988
vt 0.28672 0.68633
vt 0.27428 0.68535
vt 0.28806 0.69099
vt 0.27551 0.69007
vt 0.28935 0.69531
vt 0.27669 0.6944
vt 0.29059 0.69943
vt 0.27777 0.69841
vt 0.29187 0.70358
vt 0.27883 0.70237
vt 0.29321 0.70781
vt 0.27997 0.70646
vt 0.29462 0.71225
vt 0.28117 0.71068
vt 0.29624 0.7175
vt 0.28258 0.71555
vt 0.29802 0.72358
vt 0.28435 0.72154
vt 0.29976 0.72991
vt 0.28625 0.728
vt 0.30139 0.73637
vt 0.2882 0.73451
vt 0.30294 0.74293
vt 0.2901 0.74115
vt 0.30438 0.74959
vt 0.27463 0.73257
vt 0.2725 0.72578
vt 0.25858 0.72351
vt 0.25651 0.71662
vt 0.27046 0.71922
vt 0.24253 0.7137
vt 0.24105 0.70764
vt 0.25493 0.71076
vt 0.22721 0.70399
vt 0.22642 0.69911
vt 0.24018 0.70306
vt 0.21284 0.69441
vt 0.21256 0.68993
vt 0.22602 0.69491
vt 0.19944 0.68421
vt 0.19965 0.67988
vt 0.2126 0.68603
vt 0.18711 0.67323
vt 0.1878 0.66913
vt 0.20012 0.67619
vt 0.1759 0.66178
vt 0.17713 0.65772
vt 0.18873 0.66543
vt 0.16598 0.6497
vt 0.16797 0.6453
vt 0.17868 0.65355
vt 0.15773 0.63674
vt 0.16081 0.63163
vt 0.17048 0.64021
vt 0.15162 0.62275
vt 0.15604 0.61685
vt 0.16466 0.62555
vt 0.14791 0.60783
vt 0.1533 0.60177
vt 0.16093 0.61056
vt 0.14609 0.59269
vt 0.15213 0.5869
vt 0.15887 0.59573
vt 0.14579 0.57779
vt 0.15245 0.5724
vt 0.15831 0.58122
vt 0.147 0.56333
vt 0.15426 0.55846
vt 0.15924 0.56719
vt 0.14974 0.54954
vt 0.15749 0.54519
vt 0.16159 0.55375
vt 0.15389 0.53647
vt 0.16204 0.53266
vt 0.16526 0.54098
vt 0.15937 0.52425
vt 0.16786 0.52097
vt 0.17017 0.52896
vt 0.1661 0.51294
vt 0.17622 0.51775
vt 0.17829 0.52536
vt 0.18086 0.53291
vt 0.17303 0.53689
vt 0.18398 0.54038
vt 0.17646 0.54475
vt 0.19149 0.53608
vt 0.19485 0.54304
vt 0.18758 0.54771
vt 0.20213 0.53845
vt 0.20564 0.5449
vt 0.19862 0.54985
vt 0.20951 0.55125
vt 0.20277 0.55648
vt 0.21373 0.55751
vt 0.2073 0.56299
vt 0.21833 0.56366
vt 0.21222 0.56935
vt 0.22328 0.56967
vt 0.21751 0.57556
vt 0.22862 0.57553
vt 0.22319 0.58158
vt 0.23409 0.56956
vt 0.23951 0.57508
vt 0.23433 0.58119
vt 0.24471 0.56907
vt 0.25018 0.57433
vt 0.24524 0.58044
vt 0.2551 0.5683
vt 0.26065 0.57333
vt 0.25598 0.57943
vt 0.2653 0.56736
vt 0.27096 0.57212
vt 0.26654 0.57814
vt 0.27536 0.56627
vt 0.2811 0.57077
vt 0.27692 0.57662
vt 0.28522 0.56513
vt 0.29114 0.56944
vt 0.2872 0.57502
vt 0.29502 0.56406
vt 0.30112 0.56819
vt 0.29742 0.57348
vt 0.3048 0.56306
vt 0.30853 0.55807
vt 0.31228 0.55318
vt 0.31607 0.54838
vt 0.31989 0.5436
vt 0.32371 0.53879
vt 0.32756 0.53393
vt 0.2937 0.57897
vt 0.2899 0.58468
vt 0.28322 0.58083
vt 0.28612 0.59068
vt 0.27925 0.58689
vt 0.28257 0.59699
vt 0.27535 0.59317
vt 0.27926 0.60345
vt 0.2716 0.59955
vt 0.27616 0.60989
vt 0.26804 0.60597
vt 0.27316 0.61639
vt 0.26466 0.61247
vt 0.27029 0.62294
vt 0.26145 0.61909
vt 0.26762 0.62962
vt 0.25844 0.62587
vt 0.26526 0.63645
vt 0.25573 0.63278
vt 0.26329 0.64343
vt 0.25341 0.63985
vt 0.26175 0.65055
vt 0.25149 0.64706
vt 0.26071 0.65772
vt 0.25002 0.65436
vt 0.26024 0.66483
vt 0.24909 0.66167
vt 0.26034 0.67166
vt 0.24878 0.66876
vt 0.26093 0.67805
vt 0.24898 0.67545
vt 0.26189 0.68382
vt 0.24961 0.68148
vt 0.26297 0.68866
vt 0.25044 0.68651
vt 0.264 0.69301
vt 0.25126 0.6909
vt 0.26489 0.69696
vt 0.25193 0.69479
vt 0.26573 0.70077
vt 0.25251 0.69844
vt 0.26661 0.70467
vt 0.25315 0.70219
vt 0.26759 0.70875
vt 0.25391 0.70623
vt 0.26879 0.71336
vt 0.2396 0.699
vt 0.23923 0.69526
vt 0.22584 0.69115
vt 0.2258 0.68768
vt 0.23889 0.69175
vt 0.21281 0.68247
vt 0.21313 0.67879
vt 0.22574 0.68394
vt 0.20073 0.67255
vt 0.20148 0.66847
vt 0.21345 0.67458
vt 0.18985 0.66136
vt 0.19133 0.65616
vt 0.20243 0.66311
vt 0.18064 0.64844
vt 0.18331 0.64206
vt 0.19336 0.64958
vt 0.1737 0.63399
vt 0.17749 0.62729
vt 0.18646 0.63514
vt 0.16898 0.61906
vt 0.17366 0.61252
vt 0.18165 0.62048
vt 0.16602 0.60426
vt 0.1714 0.59806
vt 0.17857 0.60605
vt 0.16461 0.58978
vt 0.17063 0.58397
vt 0.17698 0.59197
vt 0.16467 0.57571
vt 0.17126 0.57035
vt 0.17678 0.5783
vt 0.16615 0.56215
vt 0.17326 0.55726
vt 0.17794 0.5651
vt 0.16896 0.54919
vt 0.18032 0.55244
vt 0.18475 0.55993
vt 0.19159 0.55483
vt 0.1961 0.56178
vt 0.18956 0.56721
vt 0.20097 0.56856
vt 0.19475 0.57426
vt 0.20623 0.57518
vt 0.20036 0.58112
vt 0.21187 0.58159
vt 0.20634 0.58777
vt 0.21787 0.58779
vt 0.21268 0.59415
vt 0.22422 0.59375
vt 0.21936 0.60027
vt 0.22918 0.5874
vt 0.23556 0.59298
vt 0.23089 0.59945
vt 0.24034 0.58665
vt 0.24674 0.5919
vt 0.24226 0.59832
vt 0.2513 0.58562
vt 0.25773 0.59057
vt 0.25344 0.59693
vt 0.2621 0.5843
vt 0.26856 0.5889
vt 0.26446 0.59523
vt 0.27271 0.58268
vt 0.26051 0.60164
vt 0.25673 0.60813
vt 0.24928 0.60339
vt 0.25314 0.61476
vt 0.24533 0.61
vt 0.24979 0.62154
vt 0.24159 0.61677
vt 0.24668 0.62852
vt 0.2381 0.62374
vt 0.24397 0.63566
vt 0.23496 0.63091
vt 0.24165 0.64293
vt 0.23221 0.63822
vt 0.23973 0.65035
vt 0.22985 0.64566
vt 0.23833 0.6578
vt 0.22794 0.65318
vt 0.23753 0.66512
vt 0.22661 0.66063
vt 0.23729 0.672
vt 0.22584 0.66772
vt 0.23751 0.67828
vt 0.22559 0.67419
vt 0.238 0.68353
vt 0.22563 0.67957
vt 0.2385 0.68795
vt 0.21385 0.66913
vt 0.21471 0.66249
vt 0.20381 0.65641
vt 0.20575 0.64924
vt 0.216 0.65532
vt 0.19586 0.64246
vt 0.19893 0.6352
vt 0.20821 0.64182
vt 0.19004 0.62805
vt 0.19408 0.62107
vt 0.20243 0.628
vt 0.18611 0.61373
vt 0.19089 0.60711
vt 0.19839 0.61419
vt 0.18372 0.59968
vt 0.18913 0.59341
vt 0.19584 0.60054
vt 0.18272 0.58598
vt 0.18867 0.58007
vt 0.19462 0.5872
vt 0.18306 0.5727
vt 0.201 0.59409
vt 0.2077 0.60069
vt 0.20292 0.60738
vt 0.21476 0.60699
vt 0.21039 0.61388
vt 0.22217 0.61294
vt 0.21818 0.61998
vt 0.22638 0.60609
vt 0.2338 0.61159
vt 0.22994 0.61853
vt 0.23791 0.60487
vt 0.22637 0.62566
vt 0.22317 0.63295
vt 0.21452 0.62717
vt 0.22033 0.64034
vt 0.21117 0.63444
vt 0.21789 0.64784
vt 0.20625 0.62089
vt 0.34404 0.36809
vt 0.34484 0.36308
vt 0.33766 0.36144
vt 0.33817 0.35624
vt 0.34535 0.35809
vt 0.33118 0.35457
vt 0.33143 0.34918
vt 0.33847 0.35091
vt 0.32453 0.34765
vt 0.32425 0.34236
vt 0.33145 0.34378
vt 0.31702 0.34127
vt 0.31619 0.33625
vt 0.32376 0.33714
vt 0.30864 0.33582
vt 0.30748 0.33106
vt 0.31528 0.3313
vt 0.29978 0.33136
vt 0.2985 0.32671
vt 0.30639 0.32629
vt 0.29076 0.32764
vt 0.28941 0.32301
vt 0.29733 0.32199
vt 0.28159 0.32451
vt 0.28019 0.31983
vt 0.28818 0.31826
vt 0.27222 0.32191
vt 0.27079 0.31717
vt 0.2789 0.31506
vt 0.26268 0.31977
vt 0.26126 0.31496
vt 0.26948 0.31234
vt 0.25302 0.31805
vt 0.2516 0.31315
vt 0.25994 0.31008
vt 0.24324 0.31663
vt 0.24178 0.31161
vt 0.25027 0.30813
vt 0.23325 0.3155
vt 0.23174 0.31031
vt 0.24043 0.30641
vt 0.22297 0.31458
vt 0.22141 0.30926
vt 0.23035 0.30501
vt 0.21237 0.3138
vt 0.21083 0.30836
vt 0.22004 0.30385
vt 0.20149 0.31315
vt 0.19994 0.30757
vt 0.20946 0.30285
vt 0.19027 0.31255
vt 0.18872 0.30682
vt 0.19857 0.30193
vt 0.17874 0.3119
vt 0.17721 0.3059
vt 0.18735 0.301
vt 0.16709 0.31085
vt 0.16572 0.30435
vt 0.17591 0.29974
vt 0.15563 0.30902
vt 0.15473 0.30169
vt 0.16472 0.29754
vt 0.14472 0.30606
vt 0.14458 0.29768
vt 0.15442 0.29383
vt 0.13454 0.30187
vt 0.13538 0.29231
vt 0.14525 0.28864
vt 0.12524 0.29629
vt 0.12719 0.28552
vt 0.13712 0.28215
vt 0.11702 0.28915
vt 0.12024 0.2771
vt 0.13017 0.27414
vt 0.11003 0.28029
vt 0.1146 0.26703
vt 0.12455 0.26456
vt 0.1044 0.26963
vt 0.11026 0.2554
vt 0.12015 0.25352
vt 0.10013 0.25725
vt 0.10731 0.24213
vt 0.11707 0.24104
vt 0.09747 0.24294
vt 0.10618 0.22695
vt 0.11554 0.22697
vt 0.09678 0.22661
vt 0.1071 0.21003
vt 0.11599 0.21115
vt 0.09815 0.20866
vt 0.11004 0.19179
vt 0.11851 0.19384
vt 0.10136 0.18966
vt 0.11478 0.17278
vt 0.12305 0.17551
vt 0.10608 0.17025
vt 0.12093 0.1535
vt 0.12936 0.15655
vt 0.11165 0.15092
vt 0.12761 0.13462
vt 0.13688 0.1376
vt 0.10145 0.1491
vt 0.11696 0.13222
vt 0.13331 0.11659
vt 0.14438 0.1194
vt 0.16731 0.90583
vt 0.1839 0.90774
vt 0.18205 0.91872
vt 0.19779 0.91878
vt 0.196 0.93003
vt 0.1998 0.90815
vt 0.21295 0.9175
vt 0.21089 0.92827
vt 0.21527 0.90741
vt 0.22803 0.91555
vt 0.22559 0.92562
vt 0.23071 0.90619
vt 0.24334 0.91336
vt 0.24055 0.92271
vt 0.2462 0.90458
vt 0.25885 0.91095
vt 0.25589 0.91976
vt 0.26163 0.90255
vt 0.27426 0.90818
vt 0.27149 0.91669
vt 0.27652 0.89978
vt 0.28907 0.90467
vt 0.28694 0.91324
vt 0.29069 0.89618
vt 0.3031 0.90042
vt 0.30168 0.90905
vt 0.30441 0.892
vt 0.31664 0.89562
vt 0.31559 0.90416
vt 0.31782 0.8874
vt 0.32987 0.89045
vt 0.32894 0.89879
vt 0.33098 0.88243
vt 0.34285 0.88492
vt 0.34197 0.89307
vt 0.34382 0.87709
vt 0.35547 0.87908
vt 0.35472 0.88702
vt 0.35627 0.87137
vt 0.36769 0.87287
vt 0.36709 0.8807
vt 0.36831 0.86523
vt 0.37947 0.86625
vt 0.37906 0.874
vt 0.37991 0.85871
vt 0.37867 0.88186
vt 0.37834 0.88991
vt 0.36655 0.88873
vt 0.37806 0.89836
vt 0.36611 0.89704
vt 0.35405 0.8953
vt 0.36568 0.90573
vt 0.35351 0.90384
vt 0.34123 0.90154
vt 0.35293 0.91281
vt 0.34057 0.91034
vt 0.32809 0.90747
vt 0.33952 0.91949
vt 0.32699 0.91641
vt 0.31434 0.91297
vt 0.32517 0.92558
vt 0.31244 0.92189
vt 0.29967 0.9178
vt 0.30989 0.93092
vt 0.29702 0.92661
vt 0.28421 0.9219
vt 0.29405 0.93563
vt 0.2812 0.9308
vt 0.26848 0.92555
vt 0.2782 0.9401
vt 0.26552 0.93484
vt 0.25299 0.9291
vt 0.26266 0.94466
vt 0.25025 0.93899
vt 0.23795 0.9327
vt 0.24758 0.94945
vt 0.2355 0.94332
vt 0.22339 0.93636
vt 0.23295 0.95439
vt 0.22113 0.94761
vt 0.20899 0.9396
vt 0.16661 0.08857
vt 0.18257 0.07714
vt 0.19286 0.08302
vt 0.17769 0.09352
vt 0.16141 0.10533
vt 0.15001 0.10204
vt 0.18732 0.09884
vt 0.17085 0.11013
vt 0.15373 0.12285
vt 0.17857 0.11542
vt 0.16156 0.12756
vt 0.14505 0.14118
vt 0.1685 0.13263
vt 0.15247 0.14558
vt 0.13721 0.15989
vt 0.1594 0.15016
vt 0.14473 0.16374
vt 0.13104 0.17825
vt 0.15205 0.16756
vt 0.13897 0.18131
vt 0.12689 0.19572
vt 0.1469 0.18415
vt 0.13541 0.19779
vt 0.12487 0.21196
vt 0.14392 0.19959
vt 0.13391 0.21295
vt 0.12486 0.22669
vt 0.14296 0.21366
vt 0.13438 0.22661
vt 0.12667 0.23984
vt 0.14371 0.22643
vt 0.13628 0.23903
vt 0.12978 0.25172
vt 0.14558 0.23823
vt 0.13939 0.25032
vt 0.13419 0.26225
vt 0.14874 0.24891
vt 0.14381 0.26027
vt 0.13987 0.27135
vt 0.15317 0.25838
vt 0.14949 0.26888
vt 0.1468 0.27899
vt 0.15881 0.26665
vt 0.15635 0.27626
vt 0.15487 0.28533
vt 0.1657 0.27392
vt 0.16446 0.28243
vt 0.16419 0.29026
vt 0.17413 0.2797
vt 0.17417 0.2868
vt 0.17484 0.2934
vt 0.18443 0.28306
vt 0.18517 0.28915
vt 0.18614 0.2951
vt 0.19549 0.28476
vt 0.19634 0.29052
vt 0.19735 0.29622
vt 0.20637 0.28609
vt 0.20724 0.2917
vt 0.20825 0.29727
vt 0.21696 0.28743
vt 0.21783 0.29293
vt 0.21883 0.2984
vt 0.22729 0.28889
vt 0.22815 0.29429
vt 0.22915 0.29965
vt 0.23742 0.29054
vt 0.23825 0.29584
vt 0.23923 0.30112
vt 0.24735 0.29244
vt 0.24812 0.2977
vt 0.24907 0.30295
vt 0.25701 0.29471
vt 0.25776 0.29995
vt 0.25873 0.3051
vt 0.26645 0.29736
vt 0.26726 0.30249
vt 0.26826 0.30746
vt 0.27581 0.30033
vt 0.27669 0.30532
vt 0.27771 0.31023
vt 0.28516 0.30364
vt 0.28606 0.30857
vt 0.28705 0.31344
vt 0.29449 0.30737
vt 0.29534 0.3123
vt 0.29627 0.3172
vt 0.30371 0.31163
vt 0.30451 0.31659
vt 0.30538 0.32149
vt 0.31282 0.31647
vt 0.31358 0.32146
vt 0.31437 0.32641
vt 0.32182 0.32188
vt 0.32246 0.32694
vt 0.32309 0.33205
vt 0.33055 0.3279
vt 0.33094 0.3331
vt 0.33125 0.33843
vt 0.33876 0.33448
vt 0.33875 0.33994
vt 0.33861 0.3455
vt 0.3462 0.3417
vt 0.34589 0.34728
vt 0.34559 0.35284
vt 0.35307 0.34934
vt 0.35294 0.35479
vt 0.35358 0.34356
vt 0.36081 0.3455
vt 0.36035 0.35127
vt 0.35429 0.33774
vt 0.36187 0.33961
vt 0.34653 0.33611
vt 0.34674 0.3306
vt 0.35489 0.33214
vt 0.3386 0.32919
vt 0.33839 0.32386
vt 0.34671 0.32523
vt 0.33007 0.32275
vt 0.3296 0.31751
vt 0.33804 0.31852
vt 0.32116 0.31682
vt 0.3206 0.31164
vt 0.32911 0.31222
vt 0.3121 0.31144
vt 0.31154 0.30631
vt 0.32009 0.3064
vt 0.30297 0.30663
vt 0.30238 0.30157
vt 0.31105 0.30115
vt 0.29371 0.3024
vt 0.29314 0.29737
vt 0.30191 0.29649
vt 0.2844 0.29863
vt 0.28393 0.29351
vt 0.29276 0.29224
vt 0.27513 0.29519
vt 0.27481 0.28996
vt 0.28372 0.28827
vt 0.26587 0.29211
vt 0.26553 0.28686
vt 0.27461 0.28469
vt 0.25641 0.28944
vt 0.25595 0.28422
vt 0.26521 0.28162
vt 0.24666 0.28716
vt 0.24612 0.28191
vt 0.25551 0.27899
vt 0.23669 0.28519
vt 0.23613 0.27987
vt 0.24564 0.27664
vt 0.22655 0.28345
vt 0.22599 0.27804
vt 0.23566 0.27452
vt 0.21622 0.28188
vt 0.21569 0.27637
vt 0.22558 0.27259
vt 0.20566 0.28043
vt 0.20518 0.27476
vt 0.21535 0.27079
vt 0.19482 0.27893
vt 0.19445 0.27306
vt 0.20487 0.26912
vt 0.18412 0.27664
vt 0.18446 0.26991
vt 0.19439 0.26708
vt 0.17496 0.27194
vt 0.17696 0.2635
vt 0.18581 0.2623
vt 0.16792 0.2648
vt 0.17139 0.2554
vt 0.18016 0.25449
vt 0.16231 0.25664
vt 0.16698 0.24659
vt 0.1758 0.24578
vt 0.15789 0.24756
vt 0.16373 0.23696
vt 0.17253 0.23645
vt 0.15465 0.23745
vt 0.16174 0.22638
vt 0.1705 0.22631
vt 0.15274 0.22623
vt 0.16096 0.21487
vt 0.16969 0.21536
vt 0.15196 0.21413
vt 0.16131 0.20252
vt 0.16998 0.20368
vt 0.15253 0.201
vt 0.16317 0.1892
vt 0.17149 0.19124
vt 0.15492 0.18667
vt 0.16686 0.17479
vt 0.17455 0.17791
vt 0.15938 0.17113
vt 0.17271 0.15941
vt 0.17954 0.16364
vt 0.16606 0.15472
vt 0.18082 0.14336
vt 0.18674 0.14856
vt 0.17484 0.13783
vt 0.19085 0.12716
vt 0.19618 0.13304
vt 0.18511 0.12103
vt 0.20151 0.11123
vt 0.20697 0.11766
vt 0.1952 0.10467
vt 0.20992 0.09575
vt 0.21646 0.1025
vt 0.20205 0.08903
vt 0.21565 0.0805
vt 0.22313 0.08751
vt 0.20727 0.07334
vt 0.22155 0.0646
vt 0.22913 0.07217
vt 0.19806 0.0666
vt 0.21338 0.0566
vt 0.22873 0.04771
vt 0.23594 0.05621
vt 0.2448 0.96033
vt 0.25986 0.955
vt 0.25696 0.96573
vt 0.27248 0.96008
vt 0.26956 0.97069
vt 0.2753 0.94988
vt 0.28825 0.95469
vt 0.28551 0.96482
vt 0.29108 0.94498
vt 0.30425 0.94949
vt 0.30155 0.9592
vt 0.30706 0.94011
vt 0.32027 0.94417
vt 0.31769 0.95366
vt 0.32282 0.93485
vt 0.33586 0.93832
vt 0.33365 0.94783
vt 0.33787 0.92886
vt 0.35061 0.93167
vt 0.349 0.9413
vt 0.35196 0.92214
vt 0.36437 0.92427
vt 0.36336 0.93394
vt 0.36516 0.91484
vt 0.37736 0.91634
vt 0.37679 0.92585
vt 0.37774 0.90716
vt 0.37616 0.9356
vt 0.37541 0.94548
vt 0.36218 0.94373
vt 0.3745 0.95546
vt 0.36085 0.95356
vt 0.3472 0.95101
vt 0.35944 0.96346
vt 0.34536 0.96074
vt 0.3314 0.95747
vt 0.34359 0.97062
vt 0.32926 0.96722
vt 0.3152 0.96342
vt 0.32724 0.97723
vt 0.31289 0.97341
vt 0.29894 0.96929
vt 0.31063 0.98374
vt 0.2964 0.97964
vt 0.28268 0.97534
vt 0.2598 0.03178
vt 0.27576 0.02503
vt 0.28066 0.03452
vt 0.26541 0.04114
vt 0.25053 0.04829
vt 0.24418 0.03945
vt 0.27127 0.04978
vt 0.25699 0.05672
vt 0.24289 0.06411
vt 0.26303 0.06463
vt 0.24925 0.07189
vt 0.23589 0.07951
vt 0.25483 0.07922
vt 0.24197 0.08684
vt 0.22956 0.09446
vt 0.24764 0.09354
vt 0.23533 0.10129
vt 0.22208 0.109
vt 0.24053 0.10737
vt 0.22689 0.11536
vt 0.21183 0.1237
vt 0.23121 0.12108
vt 0.21635 0.12961
vt 0.20137 0.13855
vt 0.22093 0.13479
vt 0.20668 0.14377
vt 0.19285 0.15321
vt 0.21233 0.14824
vt 0.19926 0.1575
vt 0.18663 0.16721
vt 0.206 0.16103
vt 0.19397 0.17051
vt 0.18241 0.1804
vt 0.20145 0.17311
vt 0.19036 0.18277
vt 0.17976 0.19282
vt 0.1982 0.18461
vt 0.18798 0.19444
vt 0.17842 0.20453
vt 0.19593 0.1957
vt 0.1867 0.20556
vt 0.17815 0.21566
vt 0.19461 0.20641
vt 0.18643 0.21624
vt 0.17898 0.22619
vt 0.19431 0.21674
vt 0.18729 0.22638
vt 0.18106 0.23601
vt 0.19524 0.22658
vt 0.18941 0.23589
vt 0.18432 0.24516
vt 0.19743 0.2359
vt 0.19268 0.24487
vt 0.18862 0.25378
vt 0.20083 0.24454
vt 0.19724 0.25292
vt 0.19501 0.26055
vt 0.2066 0.25115
vt 0.20515 0.25773
vt 0.20476 0.26347
vt 0.21563 0.25428
vt 0.21525 0.25977
vt 0.21517 0.26524
vt 0.22559 0.25628
vt 0.22538 0.26169
vt 0.22534 0.2671
vt 0.23538 0.25844
vt 0.23527 0.26379
vt 0.23533 0.26913
vt 0.24504 0.26079
vt 0.24506 0.26608
vt 0.24524 0.27134
vt 0.25471 0.26334
vt 0.25484 0.26856
vt 0.2551 0.27375
vt 0.26441 0.26607
vt 0.26461 0.27124
vt 0.26485 0.2764
vt 0.27408 0.26903
vt 0.27424 0.2742
vt 0.27439 0.2794
vt 0.28356 0.27237
vt 0.2836 0.27763
vt 0.28362 0.28294
vt 0.29272 0.27627
vt 0.29265 0.28164
vt 0.2926 0.28698
vt 0.30162 0.28067
vt 0.30154 0.28605
vt 0.3016 0.29131
vt 0.31048 0.28538
vt 0.31051 0.2907
vt 0.31067 0.29595
vt 0.31935 0.29041
vt 0.31945 0.29578
vt 0.31966 0.30112
vt 0.32811 0.296
vt 0.3283 0.30147
vt 0.32861 0.30689
vt 0.33686 0.30214
vt 0.33722 0.30765
vt 0.33759 0.31315
vt 0.34578 0.30865
vt 0.34617 0.31428
vt 0.34645 0.31986
vt 0.35467 0.3156
vt 0.35497 0.32132
vt 0.35506 0.32684
vt 0.36348 0.32294
vt 0.3636 0.32855
vt 0.36304 0.33396
vt 0.37209 0.33056
vt 0.37117 0.33606
vt 0.36938 0.34168
vt 0.37928 0.33844
vt 0.37717 0.34385
vt 0.3681 0.34748
vt 0.37554 0.34959
vt 0.38506 0.34633
vt 0.3836 0.35165
vt 0.38727 0.34068
vt 0.38823 0.33409
vt 0.38028 0.33263
vt 0.38 0.3261
vt 0.38766 0.3272
vt 0.37184 0.32467
vt 0.37142 0.31838
vt 0.37942 0.31956
vt 0.36306 0.31707
vt 0.36271 0.31101
vt 0.37097 0.31215
vt 0.35426 0.30983
vt 0.3539 0.30396
vt 0.36227 0.30499
vt 0.34539 0.30301
vt 0.34518 0.29729
vt 0.35359 0.29808
vt 0.33666 0.29654
vt 0.33676 0.29087
vt 0.34523 0.29149
vt 0.3281 0.29045
vt 0.3283 0.28496
vt 0.33703 0.28521
vt 0.3194 0.28498
vt 0.31963 0.27959
vt 0.3286 0.27947
vt 0.31059 0.27997
vt 0.31087 0.2746
vt 0.31996 0.27418
vt 0.30178 0.27525
vt 0.30205 0.2699
vt 0.31123 0.26921
vt 0.2928 0.27092
vt 0.29294 0.26568
vt 0.30231 0.26459
vt 0.2835 0.26714
vt 0.28354 0.262
vt 0.29307 0.26048
vt 0.27395 0.26385
vt 0.27399 0.25873
vt 0.28363 0.25686
vt 0.26432 0.26087
vt 0.26443 0.25572
vt 0.27411 0.25359
vt 0.25472 0.25809
vt 0.25495 0.25289
vt 0.26465 0.25055
vt 0.24519 0.25549
vt 0.2456 0.25022
vt 0.25533 0.24766
vt 0.23568 0.25306
vt 0.2363 0.24773
vt 0.24621 0.2449
vt 0.22604 0.25085
vt 0.22699 0.24539
vt 0.23718 0.24234
vt 0.21664 0.24843
vt 0.21865 0.24202
vt 0.22855 0.23956
vt 0.20931 0.24369
vt 0.21311 0.23588
vt 0.2216 0.23504
vt 0.20518 0.23598
vt 0.21026 0.22747
vt 0.21758 0.2279
vt 0.20283 0.2269
vt 0.20904 0.21806
vt 0.21597 0.21892
vt 0.20181 0.21726
vt 0.2092 0.20822
vt 0.21592 0.2093
vt 0.20208 0.20718
vt 0.21068 0.19803
vt 0.21739 0.19932
vt 0.20349 0.19674
vt 0.21308 0.18765
vt 0.21994 0.18915
vt 0.2058 0.18604
vt 0.21614 0.17713
vt 0.22308 0.17897
vt 0.20889 0.17511
vt 0.21996 0.16638
vt 0.2268 0.16866
vt 0.21297 0.16379
vt 0.22482 0.15524
vt 0.23131 0.15808
vt 0.21841 0.15192
vt 0.23112 0.14353
vt 0.23688 0.1471
vt 0.2258 0.13935
vt 0.23945 0.13109
vt 0.24402 0.13551
vt 0.2353 0.12617
vt 0.24925 0.11811
vt 0.25295 0.12326
vt 0.24518 0.11277
vt 0.25804 0.10512
vt 0.26222 0.11064
vt 0.25307 0.09949
vt 0.26543 0.09225
vt 0.27041 0.09814
vt 0.26005 0.08595
vt 0.27315 0.07912
vt 0.27803 0.08567
vt 0.26827 0.07204
vt 0.28205 0.06566
vt 0.28661 0.07294
vt 0.27695 0.05787
vt 0.29107 0.05186
vt 0.29589 0.05987
vt 0.28584 0.04336
vt 0.30089 0.03774
vt 0.30545 0.04642
vt 0.2964 0.02857
vt 0.31274 0.02353
vt 0.31648 0.03281
vt 0.29214 0.01901
vt 0.30908 0.01376
vt 0.32664 0.00952
vt 0.32971 0.01935
vt 0.32535 0.98758
vt 0.34193 0.98069
vt 0.34053 0.99094
vt 0.35691 0.98354
vt 0.35588 0.99389
vt 0.35809 0.97346
vt 0.37267 0.97555
vt 0.3719 0.98576
vt 0.37354 0.9655
vt 0.37128 0.9961
vt 0.36356 0.00383
vt 0.36524 0.014
vt 0.34728 0.0161
vt 0.34483 0.00623
vt 0.36671 0.02357
vt 0.34951 0.02568
vt 0.33271 0.02869
vt 0.35172 0.03485
vt 0.33571 0.0378
vt 0.32029 0.04163
vt 0.33871 0.04651
vt 0.32408 0.05024
vt 0.30985 0.05465
vt 0.32762 0.05844
vt 0.3139 0.06264
vt 0.30021 0.0674
vt 0.31749 0.07022
vt 0.30419 0.07471
vt 0.29099 0.07976
vt 0.30798 0.08175
vt 0.2953 0.08652
vt 0.28276 0.09188
vt 0.29907 0.0932
vt 0.28685 0.09826
vt 0.27458 0.10398
vt 0.29022 0.10453
vt 0.27811 0.10999
vt 0.26576 0.11614
vt 0.28142 0.11563
vt 0.26929 0.12149
vt 0.25683 0.12805
vt 0.27316 0.12641
vt 0.2612 0.13263
vt 0.24906 0.13945
vt 0.2659 0.13687
vt 0.25435 0.14332
vt 0.2428 0.15029
vt 0.25965 0.14699
vt 0.24864 0.15358
vt 0.23767 0.1607
vt 0.25426 0.15679
vt 0.24378 0.16352
vt 0.23335 0.17081
vt 0.24958 0.16631
vt 0.23957 0.17321
vt 0.22963 0.18074
vt 0.24541 0.17559
vt 0.23579 0.18278
vt 0.22634 0.19067
vt 0.24153 0.18478
vt 0.23232 0.19242
vt 0.22364 0.20065
vt 0.23785 0.19415
vt 0.22954 0.20221
vt 0.22228 0.21046
vt 0.23507 0.20369
vt 0.22845 0.21176
vt 0.2227 0.21978
vt 0.23448 0.21274
vt 0.22957 0.2204
vt 0.22527 0.22777
vt 0.23685 0.22008
vt 0.23361 0.2268
vt 0.23074 0.23329
vt 0.24222 0.22504
vt 0.24019 0.23099
vt 0.23844 0.23675
vt 0.24946 0.22857
vt 0.24813 0.23414
vt 0.24701 0.23953
vt 0.25756 0.23175
vt 0.25663 0.23711
vt 0.25585 0.24238
vt 0.2662 0.23491
vt 0.26552 0.24016
vt 0.26498 0.24534
vt 0.27523 0.23814
vt 0.27472 0.2433
vt 0.27432 0.24842
vt 0.28451 0.2415
vt 0.28409 0.24661
vt 0.28378 0.2517
vt 0.29392 0.24506
vt 0.29354 0.25017
vt 0.29324 0.25529
vt 0.3033 0.24898
vt 0.3029 0.25413
vt 0.30256 0.25931
vt 0.3125 0.25331
vt 0.31204 0.25856
vt 0.3116 0.26383
vt 0.32138 0.25808
vt 0.32086 0.26342
vt 0.32036 0.26876
vt 0.32999 0.26321
vt 0.32948 0.26858
vt 0.32898 0.27396
vt 0.33844 0.26856
vt 0.33792 0.27403
vt 0.33742 0.27955
vt 0.34664 0.27426
vt 0.34608 0.27993
vt 0.34557 0.28564
vt 0.35452 0.28044
vt 0.35397 0.2863
vt 0.35359 0.29214
vt 0.36226 0.28704
vt 0.36191 0.29296
vt 0.3619 0.29893
vt 0.37013 0.29379
vt 0.37015 0.29984
vt 0.37048 0.30599
vt 0.37825 0.30062
vt 0.37861 0.3068
vt 0.37896 0.31317
vt 0.38645 0.30739
vt 0.38677 0.31382
vt 0.38706 0.3205
vt 0.38623 0.30112
vt 0.38622 0.2951
vt 0.37823 0.2945
vt 0.37861 0.2885
vt 0.38651 0.28891
vt 0.37049 0.28777
vt 0.37106 0.28185
vt 0.37915 0.28241
vt 0.36282 0.28105
vt 0.3635 0.27523
vt 0.37171 0.27591
vt 0.35513 0.27461
vt 0.35575 0.26896
vt 0.3641 0.26942
vt 0.34719 0.26863
vt 0.34772 0.26317
vt 0.35622 0.26332
vt 0.33896 0.26311
vt 0.33957 0.25772
vt 0.34822 0.25762
vt 0.33056 0.2578
vt 0.33127 0.25251
vt 0.34025 0.25227
vt 0.32195 0.25276
vt 0.32267 0.24758
vt 0.33204 0.24721
vt 0.31302 0.24809
vt 0.3137 0.24301
vt 0.32341 0.24238
vt 0.30379 0.24384
vt 0.30441 0.23885
vt 0.31438 0.23802
vt 0.29438 0.23998
vt 0.29505 0.23495
vt 0.3051 0.23387
vt 0.28505 0.23637
vt 0.28581 0.23127
vt 0.29583 0.22991
vt 0.27587 0.23293
vt 0.27675 0.22773
vt 0.28671 0.22612
vt 0.267 0.22959
vt 0.26804 0.22426
vt 0.27777 0.22247
vt 0.25863 0.22628
vt 0.25995 0.22077
vt 0.26917 0.21889
vt 0.251 0.22285
vt 0.25284 0.21701
vt 0.26136 0.21517
vt 0.24455 0.21878
vt 0.24751 0.21221
vt 0.25484 0.21098
vt 0.24071 0.21286
vt 0.24569 0.20544
vt 0.24036 0.20485
vt 0.24773 0.19708
vt 0.25225 0.19788
vt 0.24294 0.19572
vt 0.25177 0.18864
vt 0.25626 0.19037
vt 0.24685 0.18671
vt 0.25592 0.1805
vt 0.26056 0.18297
vt 0.25086 0.17797
vt 0.26007 0.17219
vt 0.26473 0.17529
vt 0.25501 0.16912
vt 0.26455 0.16351
vt 0.26915 0.1671
vt 0.25958 0.16002
vt 0.26959 0.15447
vt 0.27408 0.15844
vt 0.26476 0.1506
vt 0.27528 0.14514
vt 0.27959 0.14944
vt 0.27068 0.14092
vt 0.28169 0.13559
vt 0.2858 0.14017
vt 0.27739 0.131
vt 0.28884 0.12587
vt 0.29271 0.13076
vt 0.28498 0.12083
vt 0.29676 0.11599
vt 0.30031 0.12126
vt 0.2934 0.11039
vt 0.30537 0.10588
vt 0.30854 0.11164
vt 0.30228 0.09966
vt 0.31441 0.09546
vt 0.31734 0.10182
vt 0.31137 0.08865
vt 0.32379 0.08477
vt 0.32658 0.09171
vt 0.32077 0.0775
vt 0.33372 0.07393
vt 0.33631 0.08132
vt 0.33083 0.06626
vt 0.34428 0.06301
vt 0.34675 0.07083
vt 0.34159 0.05487
vt 0.35603 0.05218
vt 0.358 0.06035
vt 0.35394 0.04362
vt 0.36962 0.04168
vt 0.37102 0.05021
vt 0.36816 0.03274
vt 0.37229 0.05846
vt 0.37348 0.06645
vt 0.35991 0.06824
vt 0.37471 0.07407
vt 0.36175 0.07594
vt 0.34895 0.07831
vt 0.36361 0.08328
vt 0.35117 0.08562
vt 0.33883 0.08837
vt 0.35353 0.09247
vt 0.34141 0.09513
vt 0.32934 0.09819
vt 0.34403 0.10151
vt 0.33217 0.10443
vt 0.32034 0.10775
vt 0.3349 0.11044
vt 0.32336 0.11357
vt 0.31182 0.11711
vt 0.32606 0.11936
vt 0.31491 0.12267
vt 0.30378 0.12641
vt 0.31756 0.12837
vt 0.30693 0.13181
vt 0.29634 0.13568
vt 0.30975 0.13736
vt 0.29967 0.1409
vt 0.28961 0.14487
vt 0.30277 0.14622
vt 0.29316 0.14985
vt 0.2836 0.15385
vt 0.29653 0.15487
vt 0.28735 0.15852
vt 0.27822 0.16252
vt 0.29088 0.1632
vt 0.28207 0.16683
vt 0.27339 0.17077
vt 0.28562 0.17115
vt 0.27725 0.17463
vt 0.26898 0.17842
vt 0.28071 0.17864
vt 0.27273 0.18184
vt 0.26467 0.18548
vt 0.27584 0.18562
vt 0.26795 0.18837
vt 0.26011 0.19199
vt 0.27044 0.19194
vt 0.27816 0.19001
vt 0.27189 0.19669
vt 0.27968 0.19512
vt 0.28592 0.18773
vt 0.2875 0.19296
vt 0.28036 0.20077
vt 0.27201 0.20235
vt 0.28853 0.19861
vt 0.29525 0.19048
vt 0.29629 0.19621
vt 0.28907 0.20441
vt 0.2803 0.20639
vt 0.29703 0.20216
vt 0.30404 0.19388
vt 0.30472 0.19995
vt 0.29757 0.20814
vt 0.2891 0.21016
vt 0.30533 0.20603
vt 0.31246 0.19798
vt 0.31302 0.20414
vt 0.30593 0.21205
vt 0.29767 0.21387
vt 0.31369 0.21024
vt 0.32084 0.20251
vt 0.32145 0.20864
vt 0.31445 0.21632
vt 0.30634 0.21799
vt 0.3222 0.21467
vt 0.32934 0.20728
vt 0.33007 0.21329
vt 0.32305 0.22059
vt 0.31504 0.22213
vt 0.33089 0.21916
vt 0.33808 0.21209
vt 0.33889 0.21796
vt 0.33175 0.22499
vt 0.32378 0.22634
vt 0.33967 0.22376
vt 0.34696 0.21693
vt 0.34768 0.22277
vt 0.34041 0.22956
vt 0.33246 0.23073
vt 0.34832 0.22856
vt 0.35568 0.22195
vt 0.35624 0.22784
vt 0.34882 0.23444
vt 0.34095 0.23532
vt 0.35666 0.23373
vt 0.36411 0.22729
vt 0.36445 0.23332
vt 0.3569 0.23976
vt 0.34911 0.24033
vt 0.36456 0.23936
vt 0.37208 0.23305
vt 0.37211 0.2392
vt 0.36458 0.24554
vt 0.35694 0.24581
vt 0.37208 0.24531
vt 0.37956 0.23906
vt 0.37952 0.24522
vt 0.37213 0.25148
vt 0.36458 0.25162
vt 0.37951 0.25131
vt 0.38691 0.24507
vt 0.38687 0.25125
vt 0.37962 0.25753
vt 0.37224 0.25759
vt 0.38691 0.25732
vt 0.38709 0.26358
vt 0.37981 0.26377
vt 0.38726 0.26994
vt 0.37988 0.2701
vt 0.38717 0.2763
vt 0.37964 0.27627
vt 0.38688 0.28265
vt 0.37221 0.26986
vt 0.37234 0.26379
vt 0.36445 0.26353
vt 0.36454 0.25759
vt 0.35652 0.25754
vt 0.35678 0.25179
vt 0.3487 0.25197
vt 0.34909 0.24623
vt 0.34083 0.24671
vt 0.34113 0.24106
vt 0.33264 0.24176
vt 0.33283 0.23635
vt 0.32397 0.23725
vt 0.32414 0.23192
vt 0.31495 0.23294
vt 0.31525 0.2277
vt 0.30577 0.22883
vt 0.30628 0.22359
vt 0.29664 0.2248
vt 0.29741 0.21948
vt 0.28767 0.22088
vt 0.28857 0.21562
vt 0.27883 0.2172
vt 0.27978 0.21191
vt 0.27029 0.21349
vt 0.27133 0.20801
vt 0.26277 0.20947
vt 0.387 0.23896
vt 0.38698 0.23277
vt 0.37955 0.23284
vt 0.37939 0.22668
vt 0.38685 0.22651
vt 0.37183 0.22689
vt 0.37138 0.22084
vt 0.37905 0.22051
vt 0.36358 0.22129
vt 0.36296 0.21535
vt 0.37083 0.2148
vt 0.35499 0.21604
vt 0.35425 0.21013
vt 0.36227 0.20937
vt 0.34617 0.21103
vt 0.34544 0.2051
vt 0.35355 0.20417
vt 0.33735 0.20611
vt 0.33684 0.20003
vt 0.34491 0.19905
vt 0.32878 0.20114
vt 0.32847 0.19495
vt 0.33659 0.19382
vt 0.32038 0.1963
vt 0.32011 0.19012
vt 0.32836 0.1887
vt 0.31196 0.19181
vt 0.31147 0.18582
vt 0.31985 0.184
vt 0.30322 0.18797
vt 0.30201 0.18249
vt 0.31058 0.18009
vt 0.29372 0.18514
vt 0.2916 0.18022
vt 0.30006 0.1774
vt 0.28365 0.18294
vt 0.28885 0.17556
vt 0.29423 0.16784
vt 0.29736 0.17259
vt 0.30308 0.16481
vt 0.30618 0.16972
vt 0.29983 0.15982
vt 0.3089 0.15678
vt 0.31208 0.16193
vt 0.30581 0.1515
vt 0.31517 0.14852
vt 0.31807 0.15393
vt 0.31243 0.14293
vt 0.32219 0.14005
vt 0.32464 0.14574
vt 0.31989 0.13418
vt 0.33011 0.13146
vt 0.33207 0.13741
vt 0.32821 0.12534
vt 0.33887 0.12282
vt 0.34043 0.12903
vt 0.33716 0.11649
vt 0.34825 0.11418
vt 0.3496 0.12063
vt 0.34643 0.10771
vt 0.35789 0.10559
vt 0.35929 0.11227
vt 0.35589 0.09898
vt 0.36772 0.09707
vt 0.36923 0.10393
vt 0.3657 0.09021
vt 0.37788 0.08857
vt 0.3794 0.0956
vt 0.37616 0.08138
vt 0.38039 0.10285
vt 0.38097 0.11003
vt 0.37025 0.11082
vt 0.38148 0.11693
vt 0.37106 0.11763
vt 0.36038 0.11882
vt 0.37184 0.12419
vt 0.36143 0.12527
vt 0.3509 0.12688
vt 0.36256 0.13152
vt 0.35232 0.13303
vt 0.34212 0.13501
vt 0.35387 0.13904
vt 0.344 0.14093
vt 0.33424 0.14316
vt 0.34604 0.14678
vt 0.33662 0.1489
vt 0.32732 0.15125
vt 0.33915 0.15465
vt 0.33017 0.15683
vt 0.32113 0.15922
vt 0.3241 0.16467
vt 0.31517 0.16704
vt 0.33287 0.16252
vt 0.34153 0.16067
vt 0.33499 0.16858
vt 0.32645 0.17037
vt 0.34339 0.16694
vt 0.35007 0.15906
vt 0.35161 0.16563
vt 0.3445 0.17347
vt 0.33622 0.17481
vt 0.35255 0.1723
vt 0.35977 0.16463
vt 0.36051 0.17146
vt 0.35283 0.17903
vt 0.34481 0.17999
vt 0.36076 0.17821
vt 0.36853 0.1709
vt 0.36877 0.17768
vt 0.36076 0.18485
vt 0.35275 0.18561
vt 0.36884 0.18423
vt 0.3769 0.17729
vt 0.377 0.18384
vt 0.36895 0.19056
vt 0.36082 0.19119
vt 0.37712 0.19008
vt 0.38521 0.18351
vt 0.38531 0.1898
vt 0.37734 0.19622
vt 0.36922 0.19669
vt 0.38547 0.19588
vt 0.38571 0.20195
vt 0.37769 0.20227
vt 0.38601 0.20801
vt 0.37813 0.20832
vt 0.38632 0.21413
vt 0.3786 0.21439
vt 0.38662 0.22029
vt 0.37022 0.20875
vt 0.36966 0.20274
vt 0.36161 0.20336
vt 0.36111 0.19733
vt 0.353 0.19812
vt 0.35274 0.19196
vt 0.34467 0.19281
vt 0.34472 0.18649
vt 0.33659 0.18748
vt 0.33662 0.18115
vt 0.32827 0.18244
vt 0.32779 0.17632
vt 0.31916 0.17803
vt 0.31764 0.17239
vt 0.3088 0.17471
vt 0.38512 0.17705
vt 0.38498 0.17042
vt 0.3767 0.17054
vt 0.37633 0.16374
vt 0.38475 0.16362
vt 0.36799 0.16399
vt 0.36714 0.1572
vt 0.37578 0.1569
vt 0.35859 0.15785
vt 0.35711 0.15136
vt 0.36608 0.15051
vt 0.34812 0.15273
vt 0.35551 0.14506
vt 0.36377 0.1377
vt 0.36494 0.14405
vt 0.37346 0.13709
vt 0.37427 0.14356
vt 0.37266 0.1306
vt 0.38251 0.13027
vt 0.38301 0.13681
vt 0.38201 0.12362
vt 0.38351 0.14339
vt 0.38399 0.15005
vt 0.37507 0.15013
vt 0.38441 0.15682
g Group18268
f 1/1 6/2 7/3 8/4
f 1/1 8/4 9/5 10/6
f 1/1 10/6 11/7 6/2
f 12/8 13/9 14/10 15/11
f 2/12 16/13 17/14 18/15
f 2/12 18/15 19/16 20/17
f 2/12 20/17 21/18 16/13
f 3/19 22/20 23/21 24/22
f 3/19 25/23 26/24 22/20
f 3/19 24/22 27/25 25/23
f 4/26 28/27 29/28 30/29
f 4/26 31/30 32/31 28/27
f 4/26 30/29 33/32 31/30
f 5/33 34/34 35/35 36/36
f 5/33 37/37 38/38 34/34
f 5/33 39/39 40/40 37/37
f 40/40 39/39 41/41 42/42
f 40/40 42/42 43/43 44/44
f 40/40 44/44 45/45 37/37
f 45/45 44/44 46/46 47/47
f 45/45 47/47 48/48 49/49
f 45/45 49/49 38/38 37/37
f 49/49 48/48 50/50 51/51
f 49/49 51/51 52/52 38/38
f 52/52 51/51 53/53 54/54
f 52/52 54/54 55/55 56/56
f 52/52 56/56 34/34 38/38
f 56/56 55/55 57/57 58/58
f 56/56 58/58 35/35 34/34
f 58/58 57/57 59/59 60/60
f 58/58 60/60 61/61 35/35
f 61/61 62/62 36/36 35/35
f 61/61 60/60 63/63 64/64
f 61/61 64/64 65/65 62/62
f 65/65 66/66 67/67 62/62
f 65/65 64/64 68/68 69/69
f 65/65 69/69 70/70 66/66
f 70/70 71/71 72/72 66/66
f 70/70 69/69 73/73 74/74
f 70/70 74/74 75/75 71/71
f 75/75 76/76 77/77 71/71
f 75/75 74/74 78/78 79/79
f 75/75 79/79 80/80 76/76
f 80/80 81/81 82/82 76/76
f 80/80 79/79 83/83 84/84
f 80/80 84/84 85/85 81/81
f 85/85 86/86 87/87 81/81
f 85/85 84/84 88/88 89/89
f 85/85 89/89 90/90 86/86
f 90/90 91/91 92/92 86/86
f 90/90 89/89 93/93 94/94
f 90/90 94/94 95/95 91/91
f 95/95 96/96 97/97 91/91
f 95/95 94/94 98/98 99/99
f 95/95 99/99 100/100 96/96
f 100/100 101/101 102/102 96/96
f 100/100 99/99 103/103 104/104
f 100/100 104/104 105/105 101/101
f 105/105 106/106 107/107 101/101
f 107/107 108/108 109/109 110/110
f 107/107 110/110 102/102 101/101
f 107/107 106/106 111/111 108/108
f 111/111 112/112 113/113 108/108
f 113/113 114/114 115/115 116/116
f 113/113 116/116 109/109 108/108
f 113/113 112/112 117/117 114/114
f 117/117 118/118 119/119 114/114
f 119/119 120/120 121/121 122/122
f 119/119 122/122 115/115 114/114
f 119/119 118/118 123/123 120/120
f 123/123 124/124 125/125 120/120
f 125/125 126/126 127/127 128/128
f 125/125 128/128 121/121 120/120
f 125/125 124/124 129/129 126/126
f 129/129 130/130 131/131 126/126
f 131/131 130/130 132/132 133/133
f 131/131 133/133 134/134 135/135
f 131/131 135/135 127/127 126/126
f 135/135 134/134 136/136 137/137
f 135/135 137/137 138/138 127/127
f 138/138 137/137 139/139 140/140
f 138/138 140/140 141/141 142/142
f 138/138 142/142 128/128 127/127
f 142/142 141/141 143/143 144/144
f 142/142 144/144 121/121 128/128
f 144/144 143/143 145/145 146/146
f 144/144 146/146 122/122 121/121
f 146/146 145/145 147/147 148/148
f 146/146 148/148 115/115 122/122
f 148/148 147/147 149/149 150/150
f 148/148 150/150 116/116 115/115
f 150/150 149/149 151/151 152/152
f 150/150 152/152 109/109 116/116
f 152/152 151/151 153/153 154/154
f 152/152 154/154 110/110 109/109
f 154/154 153/153 155/155 156/156
f 154/154 156/156 102/102 110/110
f 156/156 155/155 157/157 97/97
f 156/156 97/97 96/96 102/102
f 157/157 155/155 158/158 159/159
f 157/157 159/159 160/160 92/92
f 157/157 92/92 91/91 97/97
f 160/160 159/159 161/161 162/162
f 160/160 162/162 163/163 87/87
f 160/160 87/87 86/86 92/92
f 163/163 162/162 164/164 165/165
f 163/163 165/165 166/166 82/82
f 163/163 82/82 81/81 87/87
f 166/166 165/165 167/167 168/168
f 166/166 168/168 169/169 77/77
f 166/166 77/77 76/76 82/82
f 169/169 168/168 170/170 171/171
f 169/169 171/171 172/172 72/72
f 169/169 72/72 71/71 77/77
f 172/172 171/171 173/173 174/174
f 172/172 174/174 175/175 67/67
f 172/172 67/67 66/66 72/72
f 175/175 174/174 176/176 177/177
f 175/175 177/177 5/33 36/36
f 175/175 36/36 62/62 67/67
f 177/177 176/176 178/178 179/179
f 177/177 179/179 39/39 5/33
f 179/179 178/178 180/180 181/181
f 179/179 181/181 41/41 39/39
f 181/181 180/180 182/182 183/183
f 181/181 183/183 184/184 41/41
f 184/184 183/183 185/185 186/186
f 184/184 186/186 187/187 188/188
f 184/184 188/188 42/42 41/41
f 188/188 187/187 189/189 190/190
f 188/188 190/190 43/43 42/42
f 190/190 189/189 191/191 192/192
f 190/190 192/192 193/193 43/43
f 193/193 192/192 194/194 195/195
f 193/193 195/195 196/196 46/46
f 193/193 46/46 44/44 43/43
f 196/196 195/195 197/197 198/198
f 196/196 198/198 199/199 200/200
f 196/196 200/200 47/47 46/46
f 200/200 199/199 201/201 202/202
f 200/200 202/202 48/48 47/47
f 202/202 201/201 203/203 204/204
f 202/202 204/204 50/50 48/48
f 204/204 203/203 205/205 206/206
f 204/204 206/206 207/207 50/50
f 207/207 206/206 208/208 209/209
f 207/207 209/209 210/210 53/53
f 207/207 53/53 51/51 50/50
f 210/210 209/209 211/211 212/212
f 210/210 212/212 213/213 214/214
f 210/210 214/214 54/54 53/53
f 214/214 213/213 215/215 216/216
f 214/214 216/216 55/55 54/54
f 216/216 215/215 217/217 218/218
f 216/216 218/218 57/57 55/55
f 218/218 217/217 219/219 220/220
f 218/218 220/220 59/59 57/57
f 220/220 219/219 221/221 222/222
f 220/220 222/222 223/223 59/59
f 223/223 63/63 60/60 59/59
f 223/223 222/222 224/224 225/225
f 223/223 225/225 226/226 63/63
f 226/226 68/68 64/64 63/63
f 226/226 225/225 227/227 228/228
f 226/226 228/228 229/229 68/68
f 229/229 73/73 69/69 68/68
f 229/229 228/228 230/230 231/231
f 229/229 231/231 232/232 73/73
f 232/232 78/78 74/74 73/73
f 232/232 231/231 233/233 234/234
f 232/232 234/234 235/235 78/78
f 235/235 83/83 79/79 78/78
f 235/235 234/234 236/236 237/237
f 235/235 237/237 238/238 83/83
f 238/238 88/88 84/84 83/83
f 238/238 237/237 239/239 240/240
f 238/238 240/240 241/241 88/88
f 241/241 93/93 89/89 88/88
f 241/241 240/240 242/242 243/243
f 241/241 243/243 244/244 93/93
f 244/244 98/98 94/94 93/93
f 244/244 243/243 245/245 246/246
f 244/244 246/246 247/247 98/98
f 247/247 103/103 99/99 98/98
f 245/245 243/243 242/242 248/248
f 248/248 242/242 249/249 250/250
f 250/250 249/249 251/251 252/252
f 252/252 251/251 253/253 254/254
f 254/254 253/253 255/255 256/256
f 256/256 255/255 257/257 258/258
f 258/258 257/257 259/259 260/260
f 260/260 259/259 261/261 262/262
f 262/262 261/261 263/263 264/264
f 264/264 263/263 265/265 266/266
f 266/266 265/265 267/267 268/268
f 268/268 267/267 269/269 270/270
f 270/270 269/269 271/271 272/272
f 272/272 271/271 273/273 274/274
f 274/274 273/273 275/275 276/276
f 276/276 275/275 277/277 278/278
f 278/278 277/277 279/279 280/280
f 280/280 279/279 281/281 282/282
f 282/282 281/281 283/283 284/284
f 284/284 283/283 285/285 286/286
f 286/286 285/285 287/287 288/288
f 288/288 287/287 289/289 290/290
f 290/290 289/289 291/291 292/292
f 292/292 291/291 293/293 294/294
f 294/294 293/293 295/295 296/296
f 296/296 295/295 297/297 298/298
f 298/298 297/297 299/299 300/300
f 300/300 299/299 301/301 302/302
f 302/302 301/301 303/303 304/304
f 304/304 303/303 305/305 306/306
f 306/306 305/305 307/307 308/308
f 308/308 307/307 309/309 310/310
f 310/310 309/309 311/311 312/312
f 312/312 311/311 313/313 314/314
f 314/314 313/313 315/315 316/316
f 316/316 315/315 317/317 318/318
f 318/318 317/317 319/319 320/320
f 320/320 319/319 321/321 322/322
f 322/322 321/321 323/323 324/324
f 324/324 323/323 325/325 326/326
f 326/326 325/325 327/327 328/328
f 328/328 327/327 329/329 330/330
f 330/330 329/329 331/331 332/332
f 332/332 331/331 333/333 334/334
f 334/334 333/333 335/335 336/336
f 336/336 335/335 337/337 338/338
f 338/338 337/337 339/339 340/340
f 340/340 339/339 341/341 342/342
f 342/342 341/341 343/343 344/344
f 344/344 343/343 345/345 346/346
f 346/346 345/345 347/347 348/348
f 348/348 347/347 349/349 350/350
f 350/350 349/349 351/351 352/352
f 352/352 351/351 353/353 354/354
f 354/354 353/353 355/355 356/356
f 356/356 355/355 357/357 358/358
f 358/358 357/357 359/359 360/360
f 360/360 359/359 361/361 362/362
f 362/362 361/361 363/363 364/364
f 364/364 363/363 365/365 366/366
f 366/366 365/365 367/367 368/368
f 368/368 367/367 369/369 370/370
f 370/370 369/369 371/371 372/372
f 372/372 371/371 373/373 374/374
f 374/374 373/373 375/375 376/376
f 376/376 375/375 377/377 378/378
f 378/378 377/377 379/379 380/380
f 380/380 379/379 381/381 382/382
f 382/382 381/381 383/383 384/384
f 384/384 383/383 385/385 386/386
f 386/386 385/385 387/387 388/388
f 388/388 387/387 389/389 390/390
f 390/390 389/389 391/391 392/392
f 392/392 391/391 393/393 394/394
f 394/394 393/393 395/395 396/396
f 396/396 395/395 397/397 398/398
f 398/398 397/397 399/399 400/400
f 400/400 399/399 401/401 402/402
f 402/402 401/401 403/403 404/404
f 404/404 403/403 405/405 406/406
f 406/406 405/405 407/407 408/408
f 408/408 407/407 409/409 410/410
f 410/410 409/409 411/411 412/412
f 412/412 411/411 413/413 414/414
f 414/414 413/413 415/415 416/416
f 416/416 415/415 417/417 418/418
f 418/418 417/417 419/419 420/420
f 420/420 419/419 421/421 422/422
f 422/422 421/421 423/423 424/424
f 424/424 423/423 425/425 426/426
f 426/426 425/425 427/427 428/428
f 428/428 427/427 429/429 430/430
f 430/430 429/429 431/431 432/432
f 432/432 431/431 433/433 434/434
f 434/434 433/433 435/435 436/436
f 436/437 435/438 437/439 438/440
f 438/440 437/439 439/441 440/442
f 440/442 439/441 441/443 442/444
f 442/444 441/443 443/445 444/446
f 444/446 443/445 445/447 446/448
f 446/448 445/447 447/449 448/450
f 448/450 447/449 449/451 450/452
f 450/452 449/451 451/453 452/454
f 452/454 451/453 453/455 454/456
f 454/456 453/455 455/457 456/458
f 456/458 455/457 457/459 458/460
f 458/460 457/459 459/461 460/462
f 460/462 459/461 461/463 462/464
f 462/464 461/463 463/465 464/466
f 464/466 463/465 465/467 466/468
f 466/468 465/467 467/469 468/470
f 468/470 467/469 469/471 470/472
f 470/472 469/471 471/473 472/474
f 472/474 471/473 473/475 474/476
f 474/476 473/475 475/477 476/478
f 476/478 475/477 477/479 478/480
f 478/480 477/479 479/481 480/482
f 480/482 479/481 481/483 482/484
f 482/484 481/483 483/485 484/486
f 484/486 483/485 485/487 486/488
f 486/488 485/487 487/489 488/490
f 488/490 487/489 489/491 490/492
f 490/492 489/491 491/493 492/494
f 492/494 491/493 493/495 494/496
f 494/496 493/495 495/497 496/498
f 496/498 495/497 497/499 498/500
f 498/500 497/499 499/501 500/502
f 500/502 499/501 501/503 502/504
f 502/504 501/503 503/505 504/506
f 504/506 503/505 505/507 506/508
f 506/508 505/507 507/509 508/510
f 508/510 507/509 509/511 510/512
f 510/512 509/511 511/513 512/514
f 512/514 511/513 513/515 514/516
f 514/516 513/515 515/517 516/518
f 516/518 515/517 517/519 518/520
f 518/520 517/519 519/521 520/522
f 520/522 519/521 521/523 522/524
f 522/524 521/523 523/525 524/526
f 524/526 523/525 525/527 526/528
f 526/528 525/527 527/529 528/530
f 528/530 527/529 529/531 530/532
f 530/532 529/531 531/533 532/534
f 532/534 531/533 533/535 534/536
f 534/536 533/535 535/537 536/538
f 536/538 535/537 537/539 538/540
f 538/540 537/539 539/541 540/542
f 540/542 539/541 541/543 542/544
f 542/544 541/543 133/133 132/132
f 541/543 539/541 543/545 544/546
f 541/543 544/546 134/134 133/133
f 544/546 543/545 545/547 546/548
f 544/546 546/548 136/136 134/134
f 546/548 545/547 547/549 548/550
f 546/548 548/550 549/551 136/136
f 549/551 548/550 550/552 551/553
f 549/551 551/553 552/554 139/139
f 549/551 139/139 137/137 136/136
f 552/554 551/553 553/555 554/556
f 552/554 554/556 555/557 556/558
f 552/554 556/558 140/140 139/139
f 556/558 555/557 557/559 558/560
f 556/558 558/560 141/141 140/140
f 558/560 557/559 559/561 560/562
f 558/560 560/562 143/143 141/141
f 560/562 559/561 561/563 562/564
f 560/562 562/564 145/145 143/143
f 562/564 561/563 563/565 564/566
f 562/564 564/566 147/147 145/145
f 564/566 563/565 565/567 566/568
f 564/566 566/568 149/149 147/147
f 566/568 565/567 567/569 568/570
f 566/568 568/570 151/151 149/149
f 568/570 567/569 569/571 570/572
f 568/570 570/572 153/153 151/151
f 570/572 569/571 571/573 158/158
f 570/572 158/158 155/155 153/153
f 571/573 569/571 572/574 573/575
f 571/573 573/575 574/576 161/161
f 571/573 161/161 159/159 158/158
f 574/576 573/575 575/577 576/578
f 574/576 576/578 577/579 164/164
f 574/576 164/164 162/162 161/161
f 577/579 576/578 578/580 579/581
f 577/579 579/581 580/582 167/167
f 577/579 167/167 165/165 164/164
f 580/582 579/581 581/583 582/584
f 580/582 582/584 583/585 170/170
f 580/582 170/170 168/168 167/167
f 583/585 582/584 584/586 585/587
f 583/585 585/587 586/588 173/173
f 583/585 173/173 171/171 170/170
f 586/588 585/587 587/589 588/590
f 586/588 588/590 178/178 176/176
f 586/588 176/176 174/174 173/173
f 588/590 587/589 589/591 590/592
f 588/590 590/592 180/180 178/178
f 590/592 589/591 591/593 592/594
f 590/592 592/594 182/182 180/180
f 592/594 591/593 593/595 594/596
f 592/594 594/596 595/597 182/182
f 595/597 594/596 596/598 597/599
f 595/597 597/599 598/600 185/185
f 595/597 185/185 183/183 182/182
f 598/600 597/599 599/601 600/602
f 598/600 600/602 601/603 602/604
f 598/600 602/604 186/186 185/185
f 602/604 601/603 603/605 604/606
f 602/604 604/606 187/187 186/186
f 604/606 603/605 605/607 606/608
f 604/606 606/608 189/189 187/187
f 606/608 605/607 607/609 608/610
f 606/608 608/610 191/191 189/189
f 608/610 607/609 609/611 610/612
f 608/610 610/612 611/613 191/191
f 611/613 610/612 612/614 613/615
f 611/613 613/615 614/616 194/194
f 611/613 194/194 192/192 191/191
f 614/616 613/615 615/617 616/618
f 614/616 616/618 617/619 197/197
f 614/616 197/197 195/195 194/194
f 617/619 616/618 618/620 619/621
f 617/619 619/621 620/622 621/623
f 617/619 621/623 198/198 197/197
f 621/623 620/622 622/624 623/625
f 621/623 623/625 199/199 198/198
f 623/625 622/624 624/626 625/627
f 623/625 625/627 201/201 199/199
f 625/627 624/626 626/628 627/629
f 625/627 627/629 203/203 201/201
f 627/629 626/628 628/630 629/631
f 627/629 629/631 205/205 203/203
f 629/631 628/630 630/632 631/633
f 629/631 631/633 632/634 205/205
f 632/634 631/633 633/635 634/636
f 632/634 634/636 635/637 208/208
f 632/634 208/208 206/206 205/205
f 635/637 634/636 636/638 637/639
f 635/637 637/639 638/640 211/211
f 635/637 211/211 209/209 208/208
f 638/640 637/639 639/641 640/642
f 638/640 640/642 641/643 642/644
f 638/640 642/644 212/212 211/211
f 642/644 641/643 643/645 644/646
f 642/644 644/646 213/213 212/212
f 644/646 643/645 645/647 646/648
f 644/646 646/648 215/215 213/213
f 646/648 645/647 647/649 648/650
f 646/648 648/650 217/217 215/215
f 648/650 647/649 649/651 650/652
f 648/650 650/652 219/219 217/217
f 650/652 649/651 651/653 652/654
f 650/652 652/654 221/221 219/219
f 652/654 651/653 653/655 654/656
f 652/654 654/656 655/657 221/221
f 655/657 224/224 222/222 221/221
f 655/657 654/656 656/658 657/659
f 655/657 657/659 658/660 224/224
f 658/660 227/227 225/225 224/224
f 658/660 657/659 659/661 660/662
f 658/660 660/662 661/663 227/227
f 661/663 230/230 228/228 227/227
f 661/663 660/662 662/664 663/665
f 661/663 663/665 664/666 230/230
f 664/666 233/233 231/231 230/230
f 664/666 663/665 665/667 666/668
f 664/666 666/668 667/669 233/233
f 667/669 236/236 234/234 233/233
f 667/669 666/668 668/670 669/671
f 667/669 669/671 670/672 236/236
f 670/672 239/239 237/237 236/236
f 670/672 669/671 253/253 251/251
f 670/672 251/251 249/249 239/239
f 669/671 668/670 255/255 253/253
f 668/670 666/668 665/667 671/673
f 668/670 671/673 257/257 255/255
f 671/673 665/667 672/674 673/675
f 671/673 673/675 259/259 257/257
f 673/675 672/674 674/676 675/677
f 673/675 675/677 261/261 259/259
f 675/677 674/676 676/678 677/679
f 675/677 677/679 263/263 261/261
f 677/679 676/678 678/680 679/681
f 677/679 679/681 265/265 263/263
f 679/681 678/680 680/682 681/683
f 679/681 681/683 267/267 265/265
f 681/683 680/682 682/684 683/685
f 681/683 683/685 269/269 267/267
f 683/685 682/684 684/686 685/687
f 683/685 685/687 271/271 269/269
f 685/687 684/686 686/688 687/689
f 685/687 687/689 273/273 271/271
f 687/689 686/688 688/690 689/691
f 687/689 689/691 275/275 273/273
f 689/691 688/690 690/692 691/693
f 689/691 691/693 277/277 275/275
f 691/693 690/692 692/694 693/695
f 691/693 693/695 279/279 277/277
f 693/695 692/694 694/696 695/697
f 693/695 695/697 281/281 279/279
f 695/697 694/696 696/698 697/699
f 695/697 697/699 283/283 281/281
f 697/699 696/698 698/700 699/701
f 697/699 699/701 285/285 283/283
f 699/701 698/700 700/702 701/703
f 699/701 701/703 287/287 285/285
f 701/703 700/702 702/704 703/705
f 701/703 703/705 289/289 287/287
f 703/705 702/704 704/706 705/707
f 703/705 705/707 291/291 289/289
f 705/707 704/706 706/708 707/709
f 705/707 707/709 293/293 291/291
f 707/709 706/708 708/710 709/711
f 707/709 709/711 295/295 293/293
f 709/711 708/710 710/712 711/713
f 709/711 711/713 297/297 295/295
f 711/713 710/712 712/714 713/715
f 711/713 713/715 299/299 297/297
f 713/715 712/714 714/716 715/717
f 713/715 715/717 301/301 299/299
f 715/717 714/716 716/718 717/719
f 715/717 717/719 303/303 301/301
f 717/719 716/718 718/720 719/721
f 717/719 719/721 305/305 303/303
f 719/721 718/720 720/722 721/723
f 719/721 721/723 307/307 305/305
f 721/723 720/722 722/724 723/725
f 721/723 723/725 309/309 307/307
f 723/725 722/724 724/726 725/727
f 723/725 725/727 311/311 309/309
f 725/727 724/726 726/728 727/729
f 725/727 727/729 313/313 311/311
f 727/729 726/728 728/730 729/731
f 727/729 729/731 315/315 313/313
f 729/731 728/730 730/732 731/733
f 729/731 731/733 317/317 315/315
f 731/733 730/732 732/734 733/735
f 731/733 733/735 319/319 317/317
f 733/735 732/734 734/736 735/737
f 733/735 735/737 321/321 319/319
f 735/737 734/736 736/738 737/739
f 735/737 737/739 323/323 321/321
f 737/739 736/738 738/740 739/741
f 737/739 739/741 325/325 323/323
f 739/741 738/740 740/742 741/743
f 739/741 741/743 327/327 325/325
f 741/743 740/742 742/744 743/745
f 741/743 743/745 329/329 327/327
f 743/745 742/744 744/746 745/747
f 743/745 745/747 331/331 329/329
f 745/747 744/746 746/748 747/749
f 745/747 747/749 333/333 331/331
f 747/749 746/748 748/750 749/751
f 747/749 749/751 335/335 333/333
f 749/751 748/750 750/752 751/753
f 749/751 751/753 337/337 335/335
f 751/753 750/752 752/754 753/755
f 751/753 753/755 339/339 337/337
f 753/755 752/754 754/756 755/757
f 753/755 755/757 341/341 339/339
f 755/757 754/756 756/758 757/759
f 755/757 757/759 343/343 341/341
f 757/759 756/758 758/760 759/761
f 757/759 759/761 345/345 343/343
f 759/761 758/760 760/762 761/763
f 759/761 761/763 347/347 345/345
f 761/763 760/762 762/764 763/765
f 761/763 763/765 349/349 347/347
f 763/765 762/764 764/766 765/767
f 763/765 765/767 351/351 349/349
f 765/767 764/766 766/768 767/769
f 765/767 767/769 353/353 351/351
f 767/769 766/768 768/770 769/771
f 767/769 769/771 355/355 353/353
f 769/771 768/770 770/772 771/773
f 769/771 771/773 357/357 355/355
f 771/773 770/772 772/774 773/775
f 771/773 773/775 359/359 357/357
f 773/775 772/774 774/776 775/777
f 773/775 775/777 361/361 359/359
f 775/777 774/776 776/778 777/779
f 775/777 777/779 363/363 361/361
f 777/779 776/778 778/780 779/781
f 777/779 779/781 365/365 363/363
f 779/781 778/780 780/782 781/783
f 779/781 781/783 367/367 365/365
f 781/783 780/782 782/784 783/785
f 781/783 783/785 369/369 367/367
f 783/785 782/784 784/786 785/787
f 783/785 785/787 371/371 369/369
f 785/787 784/786 786/788 787/789
f 785/787 787/789 373/373 371/371
f 787/789 786/788 788/790 789/791
f 787/789 789/791 375/375 373/373
f 789/791 788/790 790/792 791/793
f 789/791 791/793 377/377 375/375
f 791/793 790/792 792/794 793/795
f 791/793 793/795 379/379 377/377
f 793/795 792/794 794/796 795/797
f 793/795 795/797 381/381 379/379
f 795/797 794/796 796/798 797/799
f 795/797 797/799 383/383 381/381
f 797/799 796/798 798/800 799/801
f 797/799 799/801 385/385 383/383
f 799/801 798/800 800/802 801/803
f 799/801 801/803 387/387 385/385
f 801/803 800/802 802/804 803/805
f 801/803 803/805 389/389 387/387
f 803/805 802/804 804/806 805/807
f 803/805 805/807 391/391 389/389
f 805/807 804/806 806/808 807/809
f 805/807 807/809 393/393 391/391
f 807/809 806/808 808/810 809/811
f 807/809 809/811 395/395 393/393
f 809/811 808/810 810/812 811/813
f 809/811 811/813 397/397 395/395
f 811/813 810/812 812/814 813/815
f 811/813 813/815 399/399 397/397
f 813/815 814/816 401/401 399/399
f 813/815 812/814 815/817 814/816
f 815/817 816/818 817/819 814/816
f 815/817 812/814 818/820 819/821
f 815/817 819/821 820/822 816/818
f 820/822 821/823 822/824 816/818
f 820/822 819/821 823/825 824/826
f 820/822 824/826 825/827 821/823
f 825/827 826/828 827/829 821/823
f 825/827 824/826 828/830 829/831
f 825/827 829/831 830/832 826/828
f 830/832 831/833 832/834 826/828
f 830/832 829/831 833/835 834/836
f 830/832 834/836 835/837 831/833
f 835/837 836/838 837/839 831/833
f 835/837 834/836 838/840 839/841
f 835/837 839/841 840/842 836/838
f 840/842 841/843 842/844 836/838
f 840/842 839/841 843/845 844/846
f 840/842 844/846 845/847 841/843
f 845/847 846/848 847/849 841/843
f 845/847 844/846 848/850 849/851
f 845/847 849/851 850/852 846/848
f 850/852 851/853 852/854 846/848
f 850/852 849/851 853/855 854/856
f 850/852 854/856 855/857 851/853
f 855/857 856/858 857/859 851/853
f 855/857 854/856 858/860 859/861
f 855/857 859/861 860/862 856/858
f 860/862 861/863 862/864 856/858
f 860/862 859/861 863/865 864/866
f 860/862 864/866 865/867 861/863
f 865/867 866/868 867/869 861/863
f 865/867 864/866 868/870 869/871
f 865/867 869/871 870/872 866/868
f 870/872 871/873 872/874 866/868
f 870/872 869/871 873/875 874/876
f 870/872 874/876 875/877 871/873
f 875/877 876/878 877/879 871/873
f 875/877 874/876 878/880 879/881
f 875/877 879/881 880/882 876/878
f 880/882 881/883 882/884 876/878
f 880/882 879/881 883/885 884/886
f 880/882 884/886 885/887 881/883
f 885/887 886/888 887/889 881/883
f 885/887 884/886 888/890 889/891
f 885/887 889/891 890/892 886/888
f 890/892 891/893 892/894 886/888
f 890/892 889/891 893/895 894/896
f 890/892 894/896 895/897 891/893
f 895/897 896/898 897/899 891/893
f 895/897 894/896 898/900 899/901
f 895/897 899/901 900/902 896/898
f 900/903 901/904 902/905 896/906
f 900/902 899/901 903/907 904/908
f 900/903 904/909 905/910 901/904
f 905/910 906/911 907/912 901/904
f 905/910 904/909 908/913 909/914
f 905/910 909/914 910/915 906/911
f 910/915 911/916 912/917 906/911
f 910/915 909/914 913/918 914/919
f 910/915 914/919 915/920 911/916
f 915/920 916/921 917/922 911/916
f 915/920 914/919 918/923 919/924
f 915/920 919/924 920/925 916/921
f 920/925 921/926 922/927 916/921
f 920/925 919/924 923/928 924/929
f 920/925 924/929 925/930 921/926
f 925/930 926/931 927/932 921/926
f 925/930 924/929 928/933 929/934
f 925/930 929/934 930/935 926/931
f 930/935 931/936 932/937 926/931
f 930/935 929/934 933/938 934/939
f 930/935 934/939 935/940 931/936
f 935/940 936/941 937/942 931/936
f 935/940 934/939 938/943 939/944
f 935/940 939/944 940/945 936/941
f 940/945 941/946 942/947 936/941
f 940/945 939/944 943/948 944/949
f 940/945 944/949 945/950 941/946
f 945/950 946/951 947/952 941/946
f 945/950 944/949 948/953 949/954
f 945/950 949/954 950/955 946/951
f 950/955 951/956 952/957 946/951
f 950/955 949/954 953/958 954/959
f 950/955 954/959 955/960 951/956
f 955/960 956/961 957/962 951/956
f 955/960 954/959 958/963 959/964
f 955/960 959/964 960/965 956/961
f 960/965 961/966 962/967 956/961
f 960/965 959/964 963/968 964/969
f 960/965 964/969 965/970 961/966
f 965/970 966/971 967/972 961/966
f 965/970 964/969 968/973 969/974
f 965/970 969/974 970/975 966/971
f 970/975 971/976 972/977 966/971
f 970/975 969/974 973/978 974/979
f 970/975 974/979 975/980 971/976
f 975/980 976/981 977/982 971/976
f 975/980 974/979 978/983 979/984
f 975/980 979/984 980/985 976/981
f 980/985 981/986 982/987 976/981
f 980/985 979/984 983/988 984/989
f 980/985 984/989 985/990 981/986
f 985/990 986/991 987/992 981/986
f 985/990 984/989 988/993 989/994
f 985/990 989/994 990/995 986/991
f 990/995 991/996 992/997 986/991
f 990/995 989/994 993/998 994/999
f 990/995 994/999 995/1000 991/996
f 995/1000 996/1001 997/1002 991/996
f 995/1000 994/999 998/1003 999/1004
f 995/1000 999/1004 1000/1005 996/1001
f 1000/1005 1001/1006 1002/1007 996/1001
f 1000/1005 999/1004 1003/1008 1004/1009
f 1000/1005 1004/1009 1005/1010 1001/1006
f 1005/1010 1006/1011 1007/1012 1001/1006
f 1005/1010 1004/1009 1008/1013 1009/1014
f 1005/1010 1009/1014 1010/1015 1006/1011
f 1010/1015 1011/1016 1012/1017 1006/1011
f 1010/1015 1009/1014 1013/1018 1014/1019
f 1010/1015 1014/1019 1015/1020 1011/1016
f 1015/1020 1016/1021 1017/1022 1011/1016
f 1015/1020 1014/1019 1018/1023 1019/1024
f 1015/1020 1019/1024 1020/1025 1016/1021
f 1020/1025 1021/1026 1022/1027 1016/1021
f 1020/1025 1019/1024 1023/1028 1024/1029
f 1020/1025 1024/1029 1025/1030 1021/1026
f 1025/1030 1026/1031 1027/1032 1021/1026
f 1025/1030 1024/1029 1028/1033 1029/1034
f 1025/1030 1029/1034 1030/1035 1026/1031
f 1030/1035 1031/1036 1032/1037 1026/1031
f 1030/1035 1029/1034 1033/1038 1034/1039
f 1030/1035 1034/1039 1035/1040 1031/1036
f 1035/1040 1036/1041 1037/1042 1031/1036
f 1035/1040 1034/1039 1038/1043 1039/1044
f 1035/1040 1039/1044 1040/1045 1036/1041
f 1040/1045 1041/1046 1042/1047 1036/1041
f 1040/1045 1039/1044 1043/1048 1044/1049
f 1040/1045 1044/1049 1045/1050 1041/1046
f 1045/1050 1046/1051 1047/1052 1041/1046
f 1045/1050 1044/1049 1048/1053 1049/1054
f 1045/1050 1049/1054 1050/1055 1046/1051
f 1050/1055 1051/1056 1052/1057 1046/1051
f 1050/1055 1049/1054 1053/1058 1054/1059
f 1050/1055 1054/1059 1055/1060 1051/1056
f 1055/1060 1056/1061 1057/1062 1051/1056
f 1055/1060 1054/1059 1058/1063 1059/1064
f 1055/1060 1059/1064 1060/1065 1056/1061
f 1060/1065 1061/1066 1062/1067 1056/1061
f 1060/1065 1059/1064 1063/1068 1064/1069
f 1060/1065 1064/1069 1065/1070 1061/1066
f 1065/1070 1066/1071 1067/1072 1061/1066
f 1065/1070 1064/1069 1068/1073 1069/1074
f 1065/1070 1069/1074 1070/1075 1066/1071
f 1070/1075 1069/1074 1071/1076 1072/1077
f 1070/1075 1072/1077 563/565 561/563
f 1070/1075 561/563 559/561 1066/1071
f 1072/1077 1071/1076 1073/1078 1074/1079
f 1072/1077 1074/1079 565/567 563/565
f 1074/1079 1073/1078 1075/1080 1076/1081
f 1074/1079 1076/1081 567/569 565/567
f 1076/1081 1075/1080 1077/1082 572/574
f 1076/1081 572/574 569/571 567/569
f 1077/1082 1075/1080 1078/1083 1079/1084
f 1077/1082 1079/1084 1080/1085 575/577
f 1077/1082 575/577 573/575 572/574
f 1080/1085 1079/1084 1081/1086 1082/1087
f 1080/1085 1082/1087 1083/1088 578/580
f 1080/1085 578/580 576/578 575/577
f 1083/1088 1082/1087 1084/1089 1085/1090
f 1083/1088 1085/1090 1086/1091 581/583
f 1083/1088 581/583 579/581 578/580
f 1086/1091 1085/1090 1087/1092 1088/1093
f 1086/1091 1088/1093 1089/1094 584/586
f 1086/1091 584/586 582/584 581/583
f 1089/1094 1088/1093 1090/1095 1091/1096
f 1089/1094 1091/1096 589/591 587/589
f 1089/1094 587/589 585/587 584/586
f 1091/1096 1090/1095 1092/1097 1093/1098
f 1091/1096 1093/1098 591/593 589/591
f 1093/1098 1092/1097 1094/1099 1095/1100
f 1093/1098 1095/1100 593/595 591/593
f 1095/1100 1094/1099 1096/1101 1097/1102
f 1095/1100 1097/1102 1098/1103 593/595
f 1098/1103 1097/1102 1099/1104 1100/1105
f 1098/1103 1100/1105 1101/1106 596/598
f 1098/1103 596/598 594/596 593/595
f 1101/1106 1100/1105 1102/1107 1103/1108
f 1101/1106 1103/1108 1104/1109 599/601
f 1101/1106 599/601 597/599 596/598
f 1104/1109 1103/1108 1105/1110 1106/1111
f 1104/1109 1106/1111 1107/1112 1108/1113
f 1104/1109 1108/1113 600/602 599/601
f 1108/1113 1107/1112 1109/1114 1110/1115
f 1108/1113 1110/1115 601/603 600/602
f 1110/1115 1109/1114 1111/1116 1112/1117
f 1110/1115 1112/1117 603/605 601/603
f 1112/1117 1111/1116 1113/1118 1114/1119
f 1112/1117 1114/1119 605/607 603/605
f 1114/1119 1113/1118 1115/1120 1116/1121
f 1114/1119 1116/1121 607/609 605/607
f 1116/1121 1115/1120 1117/1122 1118/1123
f 1116/1121 1118/1123 609/611 607/609
f 1118/1123 1117/1122 1119/1124 1120/1125
f 1118/1123 1120/1125 1121/1126 609/611
f 1121/1126 1120/1125 1122/1127 1123/1128
f 1121/1126 1123/1128 1124/1129 612/614
f 1121/1126 612/614 610/612 609/611
f 1124/1129 1123/1128 1125/1130 1126/1131
f 1124/1129 1126/1131 1127/1132 615/617
f 1124/1129 615/617 613/615 612/614
f 1127/1132 1126/1131 1128/1133 1129/1134
f 1127/1132 1129/1134 1130/1135 618/620
f 1127/1132 618/620 616/618 615/617
f 1130/1135 1129/1134 33/32 30/29
f 1130/1135 30/29 29/28 1131/1136
f 1130/1135 1131/1136 619/621 618/620
f 1131/1136 29/28 1132/1137 1133/1138
f 1131/1136 1133/1138 620/622 619/621
f 1133/1138 1132/1137 1134/1139 1135/1140
f 1133/1138 1135/1140 622/624 620/622
f 1135/1140 1134/1139 1136/1141 1137/1142
f 1135/1140 1137/1142 624/626 622/624
f 1137/1142 1136/1141 1138/1143 1139/1144
f 1137/1142 1139/1144 626/628 624/626
f 1139/1144 1138/1143 1140/1145 1141/1146
f 1139/1144 1141/1146 628/630 626/628
f 1141/1146 1140/1145 1142/1147 1143/1148
f 1141/1146 1143/1148 630/632 628/630
f 1143/1148 1142/1147 1144/1149 1145/1150
f 1143/1148 1145/1150 1146/1151 630/632
f 1146/1151 1145/1150 1147/1152 1148/1153
f 1146/1151 1148/1153 1149/1154 633/635
f 1146/1151 633/635 631/633 630/632
f 1149/1154 1148/1153 1150/1155 1151/1156
f 1149/1154 1151/1156 1152/1157 636/638
f 1149/1154 636/638 634/636 633/635
f 1152/1157 1151/1156 1153/1158 1154/1159
f 1152/1157 1154/1159 1155/1160 639/641
f 1152/1157 639/641 637/639 636/638
f 1155/1160 1154/1159 1156/1161 1157/1162
f 1155/1160 1157/1162 1158/1163 1159/1164
f 1155/1160 1159/1164 640/642 639/641
f 1159/1164 1158/1163 1160/1165 1161/1166
f 1159/1164 1161/1166 641/643 640/642
f 1161/1166 1160/1165 1162/1167 1163/1168
f 1161/1166 1163/1168 643/645 641/643
f 1163/1168 1162/1167 1164/1169 1165/1170
f 1163/1168 1165/1170 645/647 643/645
f 1165/1170 1164/1169 1166/1171 1167/1172
f 1165/1170 1167/1172 647/649 645/647
f 1167/1172 1166/1171 1168/1173 1169/1174
f 1167/1172 1169/1174 649/651 647/649
f 1169/1174 1168/1173 1170/1175 1171/1176
f 1169/1174 1171/1176 651/653 649/651
f 1171/1176 1170/1175 1172/1177 1173/1178
f 1171/1176 1173/1178 653/655 651/653
f 1173/1178 1172/1177 1174/1179 1175/1180
f 1173/1178 1175/1180 1176/1181 653/655
f 1176/1181 656/658 654/656 653/655
f 1176/1181 1175/1180 1177/1182 1178/1183
f 1176/1181 1178/1183 1179/1184 656/658
f 1179/1184 659/661 657/659 656/658
f 1179/1184 1178/1183 1180/1185 1181/1186
f 1179/1184 1181/1186 1182/1187 659/661
f 1182/1187 662/664 660/662 659/661
f 1182/1187 1181/1186 676/678 674/676
f 1182/1187 674/676 672/674 662/664
f 1181/1186 1180/1185 678/680 676/678
f 1180/1185 1178/1183 1177/1182 1183/1188
f 1180/1185 1183/1188 680/682 678/680
f 1183/1188 1177/1182 1184/1189 1185/1190
f 1183/1188 1185/1190 682/684 680/682
f 1185/1190 1184/1189 1186/1191 1187/1192
f 1185/1190 1187/1192 684/686 682/684
f 1187/1192 1186/1191 1188/1193 1189/1194
f 1187/1192 1189/1194 686/688 684/686
f 1189/1194 1188/1193 1190/1195 1191/1196
f 1189/1194 1191/1196 688/690 686/688
f 1191/1196 1190/1195 1192/1197 1193/1198
f 1191/1196 1193/1198 690/692 688/690
f 1193/1198 1192/1197 1194/1199 1195/1200
f 1193/1198 1195/1200 692/694 690/692
f 1195/1200 1194/1199 1196/1201 1197/1202
f 1195/1200 1197/1202 694/696 692/694
f 1197/1202 1196/1201 1198/1203 1199/1204
f 1197/1202 1199/1204 696/698 694/696
f 1199/1204 1198/1203 1200/1205 1201/1206
f 1199/1204 1201/1206 698/700 696/698
f 1201/1206 1200/1205 1202/1207 1203/1208
f 1201/1206 1203/1208 700/702 698/700
f 1203/1208 1202/1207 1204/1209 1205/1210
f 1203/1208 1205/1210 702/704 700/702
f 1205/1210 1204/1209 1206/1211 1207/1212
f 1205/1210 1207/1212 704/706 702/704
f 1207/1212 1206/1211 1208/1213 1209/1214
f 1207/1212 1209/1214 706/708 704/706
f 1209/1214 1208/1213 1210/1215 1211/1216
f 1209/1214 1211/1216 708/710 706/708
f 1211/1216 1210/1215 1212/1217 1213/1218
f 1211/1216 1213/1218 710/712 708/710
f 1213/1218 1212/1217 1214/1219 1215/1220
f 1213/1218 1215/1220 712/714 710/712
f 1215/1220 1214/1219 1216/1221 1217/1222
f 1215/1220 1217/1222 714/716 712/714
f 1217/1222 1216/1221 1218/1223 1219/1224
f 1217/1222 1219/1224 716/718 714/716
f 1219/1224 1218/1223 1220/1225 1221/1226
f 1219/1224 1221/1226 718/720 716/718
f 1221/1226 1220/1225 1222/1227 1223/1228
f 1221/1226 1223/1228 720/722 718/720
f 1223/1228 1222/1227 1224/1229 1225/1230
f 1223/1228 1225/1230 722/724 720/722
f 1225/1230 1224/1229 1226/1231 1227/1232
f 1225/1230 1227/1232 724/726 722/724
f 1227/1232 1226/1231 1228/1233 1229/1234
f 1227/1232 1229/1234 726/728 724/726
f 1229/1234 1228/1233 1230/1235 1231/1236
f 1229/1234 1231/1236 728/730 726/728
f 1231/1236 1230/1235 1232/1237 1233/1238
f 1231/1236 1233/1238 730/732 728/730
f 1233/1238 1232/1237 1234/1239 1235/1240
f 1233/1238 1235/1240 732/734 730/732
f 1235/1240 1234/1239 1236/1241 1237/1242
f 1235/1240 1237/1242 734/736 732/734
f 1237/1242 1236/1241 1238/1243 1239/1244
f 1237/1242 1239/1244 736/738 734/736
f 1239/1244 1238/1243 1240/1245 1241/1246
f 1239/1244 1241/1246 738/740 736/738
f 1241/1246 1240/1245 1242/1247 1243/1248
f 1241/1246 1243/1248 740/742 738/740
f 1243/1248 1242/1247 1244/1249 1245/1250
f 1243/1248 1245/1250 742/744 740/742
f 1245/1250 1244/1249 1246/1251 1247/1252
f 1245/1250 1247/1252 744/746 742/744
f 1247/1252 1246/1251 1248/1253 1249/1254
f 1247/1252 1249/1254 746/748 744/746
f 1249/1254 1248/1253 1250/1255 1251/1256
f 1249/1254 1251/1256 748/750 746/748
f 1251/1256 1250/1255 1252/1257 1253/1258
f 1251/1256 1253/1258 750/752 748/750
f 1253/1258 1252/1257 1254/1259 1255/1260
f 1253/1258 1255/1260 752/754 750/752
f 1255/1260 1254/1259 1256/1261 1257/1262
f 1255/1260 1257/1262 754/756 752/754
f 1257/1262 1256/1261 1258/1263 1259/1264
f 1257/1262 1259/1264 756/758 754/756
f 1259/1264 1258/1263 1260/1265 1261/1266
f 1259/1264 1261/1266 758/760 756/758
f 1261/1266 1260/1265 1262/1267 1263/1268
f 1261/1266 1263/1268 760/762 758/760
f 1263/1268 1262/1267 1264/1269 1265/1270
f 1263/1268 1265/1270 762/764 760/762
f 1265/1270 1264/1269 1266/1271 1267/1272
f 1265/1270 1267/1272 764/766 762/764
f 1267/1272 1266/1271 1268/1273 1269/1274
f 1267/1272 1269/1274 766/768 764/766
f 1269/1274 1268/1273 1270/1275 1271/1276
f 1269/1274 1271/1276 768/770 766/768
f 1271/1276 1270/1275 1272/1277 1273/1278
f 1271/1276 1273/1278 770/772 768/770
f 1273/1278 1272/1277 1274/1279 1275/1280
f 1273/1278 1275/1280 772/774 770/772
f 1275/1280 1274/1279 1276/1281 1277/1282
f 1275/1280 1277/1282 774/776 772/774
f 1277/1282 1276/1281 1278/1283 1279/1284
f 1277/1282 1279/1284 776/778 774/776
f 1279/1284 1278/1283 1280/1285 1281/1286
f 1279/1284 1281/1286 778/780 776/778
f 1281/1286 1280/1285 1282/1287 1283/1288
f 1281/1286 1283/1288 780/782 778/780
f 1283/1288 1282/1287 1284/1289 1285/1290
f 1283/1288 1285/1290 782/784 780/782
f 1285/1290 1284/1289 1286/1291 1287/1292
f 1285/1290 1287/1292 784/786 782/784
f 1287/1292 1286/1291 1288/1293 1289/1294
f 1287/1292 1289/1294 786/788 784/786
f 1289/1294 1288/1293 1290/1295 1291/1296
f 1289/1294 1291/1296 788/790 786/788
f 1291/1296 1290/1295 1292/1297 1293/1298
f 1291/1296 1293/1298 790/792 788/790
f 1293/1298 1292/1297 1294/1299 1295/1300
f 1293/1298 1295/1300 792/794 790/792
f 1295/1300 1294/1299 1296/1301 1297/1302
f 1295/1300 1297/1302 794/796 792/794
f 1297/1302 1296/1301 1298/1303 1299/1304
f 1297/1302 1299/1304 796/798 794/796
f 1299/1304 1298/1303 1300/1305 1301/1306
f 1299/1304 1301/1306 798/800 796/798
f 1301/1306 1300/1305 1302/1307 1303/1308
f 1301/1306 1303/1308 800/802 798/800
f 1303/1308 1302/1307 1304/1309 1305/1310
f 1303/1308 1305/1310 802/804 800/802
f 1305/1310 1304/1309 1306/1311 1307/1312
f 1305/1310 1307/1312 804/806 802/804
f 1307/1312 1306/1311 1308/1313 1309/1314
f 1307/1312 1309/1314 806/808 804/806
f 1309/1314 1308/1313 1310/1315 1311/1316
f 1309/1314 1311/1316 808/810 806/808
f 1311/1316 1310/1315 1312/1317 1313/1318
f 1311/1316 1313/1318 810/812 808/810
f 1313/1318 1312/1317 1314/1319 818/820
f 1313/1318 818/820 812/814 810/812
f 1314/1319 823/825 819/821 818/820
f 1314/1319 1312/1317 1315/1320 1316/1321
f 1314/1319 1316/1321 1317/1322 823/825
f 1317/1322 828/830 824/826 823/825
f 1317/1322 1316/1321 1318/1323 1319/1324
f 1317/1322 1319/1324 1320/1325 828/830
f 1320/1325 833/835 829/831 828/830
f 1320/1325 1319/1324 1321/1326 1322/1327
f 1320/1325 1322/1327 1323/1328 833/835
f 1323/1328 838/840 834/836 833/835
f 1323/1328 1322/1327 1324/1329 1325/1330
f 1323/1328 1325/1330 1326/1331 838/840
f 1326/1331 843/845 839/841 838/840
f 1326/1331 1325/1330 1327/1332 1328/1333
f 1326/1331 1328/1333 1329/1334 843/845
f 1329/1334 848/850 844/846 843/845
f 1329/1334 1328/1333 1330/1335 1331/1336
f 1329/1334 1331/1336 1332/1337 848/850
f 1332/1337 853/855 849/851 848/850
f 1332/1337 1331/1336 1333/1338 1334/1339
f 1332/1337 1334/1339 1335/1340 853/855
f 1335/1340 858/860 854/856 853/855
f 1335/1340 1334/1339 1336/1341 1337/1342
f 1335/1340 1337/1342 1338/1343 858/860
f 1338/1343 863/865 859/861 858/860
f 1338/1343 1337/1342 1339/1344 1340/1345
f 1338/1343 1340/1345 1341/1346 863/865
f 1341/1346 868/870 864/866 863/865
f 1341/1346 1340/1345 1342/1347 1343/1348
f 1341/1346 1343/1348 1344/1349 868/870
f 1344/1349 873/875 869/871 868/870
f 1344/1349 1343/1348 1345/1350 1346/1351
f 1344/1349 1346/1351 1347/1352 873/875
f 1347/1352 878/880 874/876 873/875
f 1347/1352 1346/1351 1348/1353 1349/1354
f 1347/1352 1349/1354 1350/1355 878/880
f 1350/1355 883/885 879/881 878/880
f 1350/1355 1349/1354 1351/1356 1352/1357
f 1350/1355 1352/1357 1353/1358 883/885
f 1353/1358 888/890 884/886 883/885
f 1353/1358 1352/1357 1354/1359 1355/1360
f 1353/1358 1355/1360 1356/1361 888/890
f 1356/1361 893/895 889/891 888/890
f 1356/1361 1355/1360 1357/1362 1358/1363
f 1356/1361 1358/1363 1359/1364 893/895
f 1359/1364 898/900 894/896 893/895
f 1359/1364 1358/1363 1360/1365 1361/1366
f 1359/1364 1361/1366 1362/1367 898/900
f 1362/1367 903/907 899/901 898/900
f 1362/1367 1361/1366 1363/1368 1364/1369
f 1362/1367 1364/1369 1365/1370 903/907
f 1365/1370 908/1371 904/908 903/907
f 1365/1370 1364/1369 1366/1372 1367/1373
f 1365/1370 1367/1373 1368/1374 908/1371
f 1368/1375 913/918 909/914 908/913
f 1368/1374 1367/1373 1369/1376 1370/1377
f 1368/1375 1370/1378 1371/1379 913/918
f 1371/1379 918/923 914/919 913/918
f 1371/1379 1370/1378 1372/1380 1373/1381
f 1371/1379 1373/1381 1374/1382 918/923
f 1374/1382 923/928 919/924 918/923
f 1374/1382 1373/1381 1375/1383 1376/1384
f 1374/1382 1376/1384 1377/1385 923/928
f 1377/1385 928/933 924/929 923/928
f 1377/1385 1376/1384 1378/1386 1379/1387
f 1377/1385 1379/1387 1380/1388 928/933
f 1380/1388 933/938 929/934 928/933
f 1380/1388 1379/1387 1381/1389 1382/1390
f 1380/1388 1382/1390 1383/1391 933/938
f 1383/1391 938/943 934/939 933/938
f 1383/1391 1382/1390 1384/1392 1385/1393
f 1383/1391 1385/1393 1386/1394 938/943
f 1386/1394 943/948 939/944 938/943
f 1386/1394 1385/1393 1387/1395 1388/1396
f 1386/1394 1388/1396 1389/1397 943/948
f 1389/1397 948/953 944/949 943/948
f 1389/1397 1388/1396 1390/1398 1391/1399
f 1389/1397 1391/1399 1392/1400 948/953
f 1392/1400 953/958 949/954 948/953
f 1392/1400 1391/1399 1393/1401 1394/1402
f 1392/1400 1394/1402 1395/1403 953/958
f 1395/1403 958/963 954/959 953/958
f 1395/1403 1394/1402 1396/1404 1397/1405
f 1395/1403 1397/1405 1398/1406 958/963
f 1398/1406 963/968 959/964 958/963
f 1398/1406 1397/1405 1399/1407 1400/1408
f 1398/1406 1400/1408 1401/1409 963/968
f 1401/1409 968/973 964/969 963/968
f 1401/1409 1400/1408 1402/1410 1403/1411
f 1401/1409 1403/1411 1404/1412 968/973
f 1404/1412 973/978 969/974 968/973
f 1404/1412 1403/1411 1405/1413 1406/1414
f 1404/1412 1406/1414 1407/1415 973/978
f 1407/1415 978/983 974/979 973/978
f 1407/1415 1406/1414 1408/1416 1409/1417
f 1407/1415 1409/1417 1410/1418 978/983
f 1410/1418 983/988 979/984 978/983
f 1410/1418 1409/1417 1411/1419 1412/1420
f 1410/1418 1412/1420 1413/1421 983/988
f 1413/1421 988/993 984/989 983/988
f 1413/1421 1412/1420 1414/1422 1415/1423
f 1413/1421 1415/1423 1416/1424 988/993
f 1416/1424 993/998 989/994 988/993
f 1416/1424 1415/1423 1417/1425 1418/1426
f 1416/1424 1418/1426 1419/1427 993/998
f 1419/1427 998/1003 994/999 993/998
f 1419/1427 1418/1426 1420/1428 1421/1429
f 1419/1427 1421/1429 1422/1430 998/1003
f 1422/1430 1003/1008 999/1004 998/1003
f 1422/1430 1421/1429 1423/1431 1424/1432
f 1422/1430 1424/1432 1425/1433 1003/1008
f 1425/1433 1008/1013 1004/1009 1003/1008
f 1425/1433 1424/1432 1426/1434 1427/1435
f 1425/1433 1427/1435 1428/1436 1008/1013
f 1428/1436 1013/1018 1009/1014 1008/1013
f 1428/1436 1427/1435 1429/1437 1430/1438
f 1428/1436 1430/1438 1431/1439 1013/1018
f 1431/1439 1018/1023 1014/1019 1013/1018
f 1431/1439 1430/1438 1432/1440 1433/1441
f 1431/1439 1433/1441 1434/1442 1018/1023
f 1434/1442 1023/1028 1019/1024 1018/1023
f 1434/1442 1433/1441 1435/1443 1436/1444
f 1434/1442 1436/1444 1437/1445 1023/1028
f 1437/1445 1028/1033 1024/1029 1023/1028
f 1437/1445 1436/1444 1438/1446 1439/1447
f 1437/1445 1439/1447 1440/1448 1028/1033
f 1440/1448 1033/1038 1029/1034 1028/1033
f 1440/1448 1439/1447 1441/1449 1442/1450
f 1440/1448 1442/1450 1443/1451 1033/1038
f 1443/1451 1038/1043 1034/1039 1033/1038
f 1443/1451 1442/1450 1444/1452 1445/1453
f 1443/1451 1445/1453 1446/1454 1038/1043
f 1446/1454 1043/1048 1039/1044 1038/1043
f 1446/1454 1445/1453 1447/1455 1448/1456
f 1446/1454 1448/1456 1449/1457 1043/1048
f 1449/1457 1048/1053 1044/1049 1043/1048
f 1449/1457 1448/1456 1450/1458 1451/1459
f 1449/1457 1451/1459 1452/1460 1048/1053
f 1452/1460 1053/1058 1049/1054 1048/1053
f 1452/1460 1451/1459 1453/1461 1454/1462
f 1452/1460 1454/1462 1455/1463 1053/1058
f 1455/1463 1058/1063 1054/1059 1053/1058
f 1455/1463 1454/1462 1456/1464 1457/1465
f 1455/1463 1457/1465 1458/1466 1058/1063
f 1458/1466 1457/1465 1459/1467 1460/1468
f 1458/1466 1460/1468 1461/1469 1063/1068
f 1458/1466 1063/1068 1059/1064 1058/1063
f 1461/1469 1460/1468 1462/1470 1463/1471
f 1461/1469 1463/1471 1464/1472 1068/1073
f 1461/1469 1068/1073 1064/1069 1063/1068
f 1464/1472 1463/1471 1465/1473 1466/1474
f 1464/1472 1466/1474 1073/1078 1071/1076
f 1464/1472 1071/1076 1069/1074 1068/1073
f 1466/1474 1465/1473 1467/1475 1078/1083
f 1466/1474 1078/1083 1075/1080 1073/1078
f 1467/1475 1465/1473 1468/1476 1469/1477
f 1467/1475 1469/1477 1470/1478 1081/1086
f 1467/1475 1081/1086 1079/1084 1078/1083
f 1470/1478 1469/1477 1471/1479 1472/1480
f 1470/1478 1472/1480 1473/1481 1084/1089
f 1470/1478 1084/1089 1082/1087 1081/1086
f 1473/1481 1472/1480 1474/1482 1475/1483
f 1473/1481 1475/1483 1476/1484 1087/1092
f 1473/1481 1087/1092 1085/1090 1084/1089
f 1476/1484 1475/1483 1477/1485 1478/1486
f 1476/1484 1478/1486 1092/1097 1090/1095
f 1476/1484 1090/1095 1088/1093 1087/1092
f 1478/1486 1477/1485 1479/1487 1480/1488
f 1478/1486 1480/1488 1094/1099 1092/1097
f 1480/1488 1479/1487 1481/1489 1482/1490
f 1480/1488 1482/1490 1096/1101 1094/1099
f 1482/1490 1481/1489 1483/1491 1484/1492
f 1482/1490 1484/1492 1485/1493 1096/1101
f 1485/1493 1484/1492 1486/1494 1487/1495
f 1485/1493 1487/1495 1488/1496 1099/1104
f 1485/1493 1099/1104 1097/1102 1096/1101
f 1488/1496 1487/1495 1489/1497 1490/1498
f 1488/1496 1490/1498 1491/1499 1102/1107
f 1488/1496 1102/1107 1100/1105 1099/1104
f 1491/1499 1490/1498 1492/1500 1493/1501
f 1491/1499 1493/1501 1494/1502 1105/1110
f 1491/1499 1105/1110 1103/1108 1102/1107
f 1494/1502 1493/1501 1495/1503 1496/1504
f 1494/1502 1496/1504 1497/1505 1498/1506
f 1494/1502 1498/1506 1106/1111 1105/1110
f 1498/1506 1497/1505 1499/1507 1500/1508
f 1498/1506 1500/1508 1107/1112 1106/1111
f 1500/1508 1499/1507 1501/1509 1502/1510
f 1500/1508 1502/1510 1109/1114 1107/1112
f 1502/1510 1501/1509 1503/1511 1504/1512
f 1502/1510 1504/1512 1111/1116 1109/1114
f 1504/1512 1503/1511 1505/1513 1506/1514
f 1504/1512 1506/1514 1113/1118 1111/1116
f 1506/1514 1505/1513 1507/1515 1508/1516
f 1506/1514 1508/1516 1115/1120 1113/1118
f 1508/1516 1507/1515 1509/1517 1510/1518
f 1508/1516 1510/1518 1117/1122 1115/1120
f 1510/1518 1509/1517 1511/1519 1512/1520
f 1510/1518 1512/1520 1119/1124 1117/1122
f 1512/1520 1511/1519 1513/1521 1514/1522
f 1512/1520 1514/1522 1515/1523 1119/1124
f 1515/1523 1514/1522 1516/1524 1517/1525
f 1515/1523 1517/1525 1518/1526 1122/1127
f 1515/1523 1122/1127 1120/1125 1119/1124
f 1518/1526 1517/1525 1519/1527 1520/1528
f 1518/1526 1520/1528 1521/1529 1125/1130
f 1518/1526 1125/1130 1123/1128 1122/1127
f 1521/1529 1520/1528 1522/1530 1523/1531
f 1521/1529 1523/1531 1524/1532 1128/1133
f 1521/1529 1128/1133 1126/1131 1125/1130
f 1524/1532 1523/1531 1525/1533 1526/1534
f 1524/1532 1526/1534 31/30 33/32
f 1524/1532 33/32 1129/1134 1128/1133
f 1526/1534 1525/1533 1527/1535 1528/1536
f 1526/1534 1528/1536 32/31 31/30
f 1528/1536 1527/1535 1529/1537 1530/1538
f 1528/1536 1530/1538 1531/1539 32/31
f 1531/1539 1530/1538 1532/1540 1533/1541
f 1531/1539 1533/1541 1534/1542 1535/1543
f 1531/1539 1535/1543 28/27 32/31
f 1535/1543 1534/1542 1134/1139 1132/1137
f 1535/1543 1132/1137 29/28 28/27
f 1534/1542 1533/1541 1536/1544 1537/1545
f 1534/1542 1537/1545 1136/1141 1134/1139
f 1537/1545 1536/1544 1538/1546 1539/1547
f 1537/1545 1539/1547 1138/1143 1136/1141
f 1539/1547 1538/1546 1540/1548 1541/1549
f 1539/1547 1541/1549 1140/1145 1138/1143
f 1541/1549 1540/1548 1542/1550 1543/1551
f 1541/1549 1543/1551 1142/1147 1140/1145
f 1543/1551 1542/1550 1544/1552 1545/1553
f 1543/1551 1545/1553 1144/1149 1142/1147
f 1545/1553 1544/1552 1546/1554 1547/1555
f 1545/1553 1547/1555 1548/1556 1144/1149
f 1548/1556 1547/1555 1549/1557 1550/1558
f 1548/1556 1550/1558 1551/1559 1147/1152
f 1548/1556 1147/1152 1145/1150 1144/1149
f 1551/1559 1550/1558 1552/1560 1553/1561
f 1551/1559 1553/1561 1554/1562 1150/1155
f 1551/1559 1150/1155 1148/1153 1147/1152
f 1554/1562 1553/1561 1555/1563 1556/1564
f 1554/1562 1556/1564 1557/1565 1153/1158
f 1554/1562 1153/1158 1151/1156 1150/1155
f 1557/1565 1556/1564 1558/1566 1559/1567
f 1557/1565 1559/1567 1560/1568 1156/1161
f 1557/1565 1156/1161 1154/1159 1153/1158
f 1560/1568 1559/1567 1561/1569 1562/1570
f 1560/1568 1562/1570 1563/1571 1564/1572
f 1560/1568 1564/1572 1157/1162 1156/1161
f 1564/1572 1563/1571 1565/1573 1566/1574
f 1564/1572 1566/1574 1158/1163 1157/1162
f 1566/1574 1565/1573 1567/1575 1568/1576
f 1566/1574 1568/1576 1160/1165 1158/1163
f 1568/1576 1567/1575 1569/1577 1570/1578
f 1568/1576 1570/1578 1162/1167 1160/1165
f 1570/1578 1569/1577 1571/1579 1572/1580
f 1570/1578 1572/1580 1164/1169 1162/1167
f 1572/1580 1571/1579 1573/1581 1574/1582
f 1572/1580 1574/1582 1166/1171 1164/1169
f 1574/1582 1573/1581 1575/1583 1576/1584
f 1574/1582 1576/1584 1168/1173 1166/1171
f 1576/1584 1575/1583 1577/1585 1578/1586
f 1576/1584 1578/1586 1170/1175 1168/1173
f 1578/1586 1577/1585 1579/1587 1580/1588
f 1578/1586 1580/1588 1172/1177 1170/1175
f 1580/1588 1579/1587 1581/1589 1582/1590
f 1580/1588 1582/1590 1174/1179 1172/1177
f 1582/1590 1581/1589 1188/1193 1186/1191
f 1582/1590 1186/1191 1184/1189 1174/1179
f 1581/1589 1579/1587 1583/1591 1584/1592
f 1581/1589 1584/1592 1190/1195 1188/1193
f 1584/1592 1583/1591 1585/1593 1586/1594
f 1584/1592 1586/1594 1192/1197 1190/1195
f 1586/1594 1585/1593 1587/1595 1588/1596
f 1586/1594 1588/1596 1194/1199 1192/1197
f 1588/1596 1587/1595 1589/1597 1590/1598
f 1588/1596 1590/1598 1196/1201 1194/1199
f 1590/1598 1589/1597 1591/1599 1592/1600
f 1590/1598 1592/1600 1198/1203 1196/1201
f 1592/1600 1591/1599 1593/1601 1594/1602
f 1592/1600 1594/1602 1200/1205 1198/1203
f 1594/1602 1593/1601 1595/1603 1596/1604
f 1594/1602 1596/1604 1202/1207 1200/1205
f 1596/1604 1595/1603 1597/1605 1598/1606
f 1596/1604 1598/1606 1204/1209 1202/1207
f 1598/1606 1597/1605 15/11 14/10
f 1598/1606 14/10 1206/1211 1204/1209
f 1597/1605 1595/1603 1599/1607 1600/1608
f 1597/1605 1600/1608 1601/1609 15/11
f 1601/1609 1600/1608 1602/1610 1603/1611
f 1601/1609 1603/1611 1604/1612 1605/1613
f 1601/1609 1605/1613 12/8 15/11
f 1605/1613 1604/1612 1606/1614 1607/1615
f 1605/1613 1607/1615 13/9 12/8
f 1607/1615 1606/1614 1212/1217 1210/1215
f 1607/1615 1210/1215 1208/1213 13/9
f 1606/1614 1604/1612 1608/1616 1609/1617
f 1606/1614 1609/1617 1214/1219 1212/1217
f 1609/1617 1608/1616 1610/1618 1611/1619
f 1609/1617 1611/1619 1216/1221 1214/1219
f 1611/1619 1610/1618 1612/1620 1613/1621
f 1611/1619 1613/1621 1218/1223 1216/1221
f 1613/1621 1612/1620 1614/1622 1615/1623
f 1613/1621 1615/1623 1220/1225 1218/1223
f 1615/1623 1614/1622 1616/1624 1617/1625
f 1615/1623 1617/1625 1222/1227 1220/1225
f 1617/1625 1616/1624 1618/1626 1619/1627
f 1617/1625 1619/1627 1224/1229 1222/1227
f 1619/1627 1618/1626 1620/1628 1621/1629
f 1619/1627 1621/1629 1226/1231 1224/1229
f 1621/1629 1620/1628 1622/1630 1623/1631
f 1621/1629 1623/1631 1228/1233 1226/1231
f 1623/1631 1622/1630 1624/1632 1625/1633
f 1623/1631 1625/1633 1230/1235 1228/1233
f 1625/1633 1624/1632 1626/1634 1627/1635
f 1625/1633 1627/1635 1232/1237 1230/1235
f 1627/1635 1626/1634 1628/1636 1629/1637
f 1627/1635 1629/1637 1234/1239 1232/1237
f 1629/1637 1628/1636 1630/1638 1631/1639
f 1629/1637 1631/1639 1236/1241 1234/1239
f 1631/1639 1630/1638 1632/1640 1633/1641
f 1631/1639 1633/1641 1238/1243 1236/1241
f 1633/1641 1632/1640 1634/1642 1635/1643
f 1633/1641 1635/1643 1240/1245 1238/1243
f 1635/1643 1634/1642 1636/1644 1637/1645
f 1635/1643 1637/1645 1242/1247 1240/1245
f 1637/1645 1636/1644 1638/1646 1639/1647
f 1637/1645 1639/1647 1244/1249 1242/1247
f 1639/1647 1638/1646 1640/1648 1641/1649
f 1639/1647 1641/1649 1246/1251 1244/1249
f 1641/1649 1640/1648 1642/1650 1643/1651
f 1641/1649 1643/1651 1248/1253 1246/1251
f 1643/1651 1642/1650 1644/1652 1645/1653
f 1643/1651 1645/1653 1250/1255 1248/1253
f 1645/1653 1644/1652 1646/1654 1647/1655
f 1645/1653 1647/1655 1252/1257 1250/1255
f 1647/1655 1646/1654 1648/1656 1649/1657
f 1647/1655 1649/1657 1254/1259 1252/1257
f 1649/1657 1648/1656 1650/1658 1651/1659
f 1649/1657 1651/1659 1256/1261 1254/1259
f 1651/1659 1650/1658 1652/1660 1653/1661
f 1651/1659 1653/1661 1258/1263 1256/1261
f 1653/1661 1652/1660 1654/1662 1655/1663
f 1653/1661 1655/1663 1260/1265 1258/1263
f 1655/1663 1654/1662 1656/1664 1657/1665
f 1655/1663 1657/1665 1262/1267 1260/1265
f 1657/1665 1656/1664 1658/1666 1659/1667
f 1657/1665 1659/1667 1264/1269 1262/1267
f 1659/1667 1658/1666 1660/1668 1661/1669
f 1659/1667 1661/1669 1266/1271 1264/1269
f 1661/1669 1660/1668 1662/1670 1663/1671
f 1661/1669 1663/1671 1268/1273 1266/1271
f 1663/1671 1662/1670 1664/1672 1665/1673
f 1663/1671 1665/1673 1270/1275 1268/1273
f 1665/1673 1664/1672 1666/1674 1667/1675
f 1665/1673 1667/1675 1272/1277 1270/1275
f 1667/1675 1666/1674 1668/1676 1669/1677
f 1667/1675 1669/1677 1274/1279 1272/1277
f 1669/1677 1668/1676 1670/1678 1671/1679
f 1669/1677 1671/1679 1276/1281 1274/1279
f 1671/1679 1670/1678 1672/1680 1673/1681
f 1671/1679 1673/1681 1278/1283 1276/1281
f 1673/1681 1672/1680 1674/1682 1675/1683
f 1673/1681 1675/1683 1280/1285 1278/1283
f 1675/1683 1674/1682 1676/1684 1677/1685
f 1675/1683 1677/1685 1282/1287 1280/1285
f 1677/1685 1676/1684 1678/1686 1679/1687
f 1677/1685 1679/1687 1284/1289 1282/1287
f 1679/1687 1678/1686 1680/1688 1681/1689
f 1679/1687 1681/1689 1286/1291 1284/1289
f 1681/1689 1680/1688 1682/1690 1683/1691
f 1681/1689 1683/1691 1288/1293 1286/1291
f 1683/1691 1682/1690 1684/1692 1685/1693
f 1683/1691 1685/1693 1290/1295 1288/1293
f 1685/1693 1684/1692 1686/1694 1687/1695
f 1685/1693 1687/1695 1292/1297 1290/1295
f 1687/1695 1686/1694 1688/1696 1689/1697
f 1687/1695 1689/1697 1294/1299 1292/1297
f 1689/1697 1688/1696 1690/1698 1691/1699
f 1689/1697 1691/1699 1296/1301 1294/1299
f 1691/1699 1690/1698 1692/1700 1693/1701
f 1691/1699 1693/1701 1298/1303 1296/1301
f 1693/1701 1692/1700 1694/1702 1695/1703
f 1693/1701 1695/1703 1300/1305 1298/1303
f 1695/1703 1694/1702 1696/1704 1697/1705
f 1695/1703 1697/1705 1302/1307 1300/1305
f 1697/1705 1696/1704 1698/1706 1699/1707
f 1697/1705 1699/1707 1304/1309 1302/1307
f 1699/1707 1698/1706 1700/1708 1701/1709
f 1699/1707 1701/1709 1306/1311 1304/1309
f 1701/1709 1700/1708 1702/1710 1703/1711
f 1701/1709 1703/1711 1308/1313 1306/1311
f 1703/1711 1702/1710 1704/1712 1705/1713
f 1703/1711 1705/1713 1310/1315 1308/1313
f 1705/1713 1704/1712 1706/1714 1315/1320
f 1705/1713 1315/1320 1312/1317 1310/1315
f 1706/1714 1707/1715 1708/1716 1318/1323
f 1706/1714 1318/1323 1316/1321 1315/1320
f 1706/1714 1704/1712 1709/1717 1707/1715
f 1709/1717 1710/1718 1711/1719 1707/1715
f 1709/1717 1704/1712 1702/1710 1712/1720
f 1709/1717 1712/1720 1713/1721 1710/1718
f 1713/1721 1714/1722 1715/1723 1710/1718
f 1713/1721 1712/1720 1716/1724 1717/1725
f 1713/1721 1717/1725 1718/1726 1714/1722
f 1718/1726 1719/1727 1720/1728 1714/1722
f 1718/1726 1717/1725 1721/1729 1722/1730
f 1718/1726 1722/1730 1723/1731 1719/1727
f 1723/1731 1724/1732 1725/1733 1719/1727
f 1723/1731 1722/1730 1726/1734 1727/1735
f 1723/1731 1727/1735 1728/1736 1724/1732
f 1728/1736 1729/1737 1730/1738 1724/1732
f 1728/1736 1727/1735 1731/1739 1732/1740
f 1728/1736 1732/1740 1733/1741 1729/1737
f 1733/1741 1734/1742 1735/1743 1729/1737
f 1733/1741 1732/1740 1736/1744 1737/1745
f 1733/1741 1737/1745 1738/1746 1734/1742
f 1738/1746 1739/1747 1740/1748 1734/1742
f 1738/1746 1737/1745 1741/1749 1742/1750
f 1738/1746 1742/1750 1743/1751 1739/1747
f 1743/1751 1744/1752 1745/1753 1739/1747
f 1743/1751 1742/1750 1746/1754 1747/1755
f 1743/1751 1747/1755 1748/1756 1744/1752
f 1748/1756 1749/1757 1750/1758 1744/1752
f 1748/1756 1747/1755 1751/1759 1752/1760
f 1748/1756 1752/1760 1753/1761 1749/1757
f 1753/1761 1754/1762 1755/1763 1749/1757
f 1753/1761 1752/1760 1756/1764 1757/1765
f 1753/1761 1757/1765 1758/1766 1754/1762
f 1758/1766 1759/1767 1760/1768 1754/1762
f 1758/1766 1757/1765 1761/1769 1762/1770
f 1758/1766 1762/1770 1763/1771 1759/1767
f 1763/1771 1764/1772 1765/1773 1759/1767
f 1763/1771 1762/1770 1766/1774 1767/1775
f 1763/1771 1767/1775 1768/1776 1764/1772
f 1768/1776 1769/1777 1770/1778 1764/1772
f 1768/1776 1767/1775 1771/1779 1772/1780
f 1768/1776 1772/1780 1773/1781 1769/1777
f 1773/1781 1774/1782 1775/1783 1769/1777
f 1773/1781 1772/1780 1776/1784 1777/1785
f 1773/1781 1777/1785 1778/1786 1774/1782
f 1778/1786 1779/1787 1780/1788 1774/1782
f 1778/1786 1777/1785 1781/1789 1782/1790
f 1778/1786 1782/1790 1783/1791 1779/1787
f 1783/1791 1784/1792 1785/1793 1779/1787
f 1783/1791 1782/1790 1786/1794 1787/1795
f 1783/1791 1787/1795 1788/1796 1784/1792
f 1788/1796 1789/1797 1790/1798 1784/1792
f 1788/1796 1787/1795 1791/1799 1792/1800
f 1788/1796 1792/1800 1793/1801 1789/1797
f 1793/1801 1794/1802 1795/1803 1789/1797
f 1793/1801 1792/1800 1796/1804 1797/1805
f 1793/1801 1797/1805 1798/1806 1794/1802
f 1798/1806 1799/1807 1800/1808 1794/1802
f 1798/1806 1797/1805 1801/1809 1802/1810
f 1798/1806 1802/1810 1803/1811 1799/1807
f 1803/1811 1804/1812 1805/1813 1799/1807
f 1803/1811 1802/1810 1806/1814 1807/1815
f 1803/1811 1807/1815 1808/1816 1804/1812
f 1808/1816 1809/1817 1810/1818 1804/1812
f 1808/1816 1807/1815 1811/1819 1812/1820
f 1808/1816 1812/1820 1813/1821 1809/1817
f 1813/1821 1814/1822 1815/1823 1809/1817
f 1813/1821 1812/1820 1816/1824 1817/1825
f 1813/1821 1817/1825 1818/1826 1814/1822
f 1818/1826 1819/1827 1820/1828 1814/1822
f 1818/1826 1817/1825 1821/1829 1822/1830
f 1818/1826 1822/1830 1823/1831 1819/1827
f 1823/1831 1824/1832 1825/1833 1819/1827
f 1823/1831 1822/1830 1826/1834 1827/1835
f 1823/1831 1827/1835 1828/1836 1824/1832
f 1828/1836 1829/1837 1830/1838 1824/1832
f 1828/1836 1827/1835 1831/1839 1832/1840
f 1828/1836 1832/1840 1833/1841 1829/1837
f 1833/1841 1834/1842 1835/1843 1829/1837
f 1833/1841 1832/1840 1836/1844 1837/1845
f 1833/1841 1837/1845 1838/1846 1834/1842
f 1838/1846 1839/1847 1840/1848 1834/1842
f 1838/1846 1837/1845 1841/1849 1842/1850
f 1838/1846 1842/1850 1843/1851 1839/1847
f 1843/1851 1844/1852 1845/1853 1839/1847
f 1843/1851 1842/1850 1846/1854 1847/1855
f 1843/1851 1847/1855 1848/1856 1844/1852
f 1848/1856 1849/1857 1850/1858 1844/1852
f 1848/1856 1847/1855 1851/1859 1852/1860
f 1848/1856 1852/1860 1853/1861 1849/1857
f 1853/1861 1854/1862 1855/1863 1849/1857
f 1853/1861 1852/1860 1511/1519 1509/1517
f 1853/1861 1509/1517 1507/1515 1854/1862
f 1855/1863 1856/1864 1857/1865 1858/1866
f 1855/1863 1858/1866 1850/1858 1849/1857
f 1855/1863 1854/1862 1859/1867 1856/1864
f 1859/1867 1860/1868 1861/1869 1856/1864
f 1859/1867 1854/1862 1507/1515 1505/1513
f 1859/1867 1505/1513 1503/1511 1860/1868
f 1861/1869 1862/1870 1863/1871 1864/1872
f 1861/1869 1864/1872 1857/1865 1856/1864
f 1861/1869 1860/1868 1865/1873 1862/1870
f 1865/1873 1866/1874 1867/1875 1862/1870
f 1865/1873 1860/1868 1503/1511 1501/1509
f 1865/1873 1501/1509 1499/1507 1866/1874
f 1867/1875 1868/1876 1869/1877 1870/1878
f 1867/1875 1870/1878 1863/1871 1862/1870
f 1867/1875 1866/1874 1871/1879 1868/1876
f 1871/1879 1872/1880 1873/1881 1868/1876
f 1871/1879 1866/1874 1499/1507 1497/1505
f 1871/1879 1497/1505 1496/1504 1872/1880
f 1873/1881 1874/1882 1875/1883 1876/1884
f 1873/1881 1876/1884 1869/1877 1868/1876
f 1873/1881 1872/1880 1877/1885 1874/1882
f 1877/1885 1878/1886 1879/1887 1874/1882
f 1877/1885 1872/1880 1496/1504 1495/1503
f 1877/1885 1495/1503 1880/1888 1878/1886
f 1880/1888 1881/1889 1882/1890 1878/1886
f 1880/1888 1495/1503 1493/1501 1492/1500
f 1880/1888 1492/1500 1883/1891 1881/1889
f 1883/1891 1884/1892 1885/1893 1881/1889
f 1883/1891 1492/1500 1490/1498 1489/1497
f 1883/1891 1489/1497 1886/1894 1884/1892
f 1886/1894 1887/1895 1888/1896 1884/1892
f 1886/1894 1489/1497 1487/1495 1486/1494
f 1886/1894 1486/1494 1889/1897 1887/1895
f 1889/1897 1890/1898 1891/1899 1887/1895
f 1889/1897 1486/1494 1484/1492 1483/1491
f 1889/1897 1483/1491 1892/1900 1890/1898
f 1892/1900 1893/1901 1894/1902 1890/1898
f 1892/1900 1483/1491 1481/1489 1895/1903
f 1892/1900 1895/1903 1896/1904 1893/1901
f 1896/1904 1897/1905 1898/1906 1893/1901
f 1896/1904 1895/1903 1899/1907 1900/1908
f 1896/1904 1900/1908 1901/1909 1897/1905
f 1901/1909 1902/1910 1903/1911 1897/1905
f 1901/1909 1900/1908 1904/1912 1905/1913
f 1901/1909 1905/1913 1906/1914 1902/1910
f 1906/1914 1907/1915 1908/1916 1902/1910
f 1906/1914 1905/1913 1909/1917 1910/1918
f 1906/1914 1910/1918 1911/1919 1907/1915
f 1911/1919 1456/1464 1912/1920 1907/1915
f 1911/1919 1910/1918 1913/1921 1459/1467
f 1911/1919 1459/1467 1457/1465 1456/1464
f 1913/1921 1910/1918 1909/1917 1914/1922
f 1913/1921 1914/1922 1468/1476 1462/1470
f 1913/1921 1462/1470 1460/1468 1459/1467
f 1914/1922 1909/1917 1915/1923 1471/1479
f 1914/1922 1471/1479 1469/1477 1468/1476
f 1915/1923 1909/1917 1905/1913 1904/1912
f 1915/1923 1904/1912 1916/1924 1474/1482
f 1915/1923 1474/1482 1472/1480 1471/1479
f 1916/1924 1904/1912 1900/1908 1899/1907
f 1916/1924 1899/1907 1479/1487 1477/1485
f 1916/1924 1477/1485 1475/1483 1474/1482
f 1912/1920 1453/1461 1917/1925 1918/1926
f 1912/1920 1918/1926 1908/1916 1907/1915
f 1912/1920 1456/1464 1454/1462 1453/1461
f 1918/1926 1917/1925 1919/1927 1920/1928
f 1918/1926 1920/1928 1921/1929 1908/1916
f 1921/1929 1920/1928 25/23 27/25
f 1921/1929 27/25 1922/1930 1903/1911
f 1921/1929 1903/1911 1902/1910 1908/1916
f 1922/1930 27/25 24/22 1923/1931
f 1922/1930 1923/1931 1924/1932 1898/1906
f 1922/1930 1898/1906 1897/1905 1903/1911
f 1924/1932 1923/1931 1925/1933 1926/1934
f 1924/1932 1926/1934 1927/1935 1894/1902
f 1924/1932 1894/1902 1893/1901 1898/1906
f 1927/1935 1926/1934 1928/1936 1929/1937
f 1927/1935 1929/1937 1930/1938 1891/1899
f 1927/1935 1891/1899 1890/1898 1894/1902
f 1930/1938 1929/1937 1931/1939 1932/1940
f 1930/1938 1932/1940 1933/1941 1888/1896
f 1930/1938 1888/1896 1887/1895 1891/1899
f 1933/1941 1932/1940 1934/1942 1935/1943
f 1933/1941 1935/1943 1936/1944 1885/1893
f 1933/1941 1885/1893 1884/1892 1888/1896
f 1936/1944 1935/1943 1937/1945 1938/1946
f 1936/1944 1938/1946 1939/1947 1882/1890
f 1936/1944 1882/1890 1881/1889 1885/1893
f 1939/1947 1938/1946 1940/1948 1941/1949
f 1939/1947 1941/1949 1942/1950 1879/1887
f 1939/1947 1879/1887 1878/1886 1882/1890
f 1942/1950 1941/1949 1943/1951 1944/1952
f 1942/1950 1944/1952 1945/1953 1875/1883
f 1942/1950 1875/1883 1874/1882 1879/1887
f 1945/1953 1944/1952 1946/1954 1947/1955
f 1945/1953 1947/1955 1948/1956 1949/1957
f 1945/1953 1949/1957 1876/1884 1875/1883
f 1949/1957 1948/1956 1950/1958 1951/1959
f 1949/1957 1951/1959 1869/1877 1876/1884
f 1951/1959 1950/1958 1952/1960 1953/1961
f 1951/1959 1953/1961 1870/1878 1869/1877
f 1953/1961 1952/1960 1954/1962 1955/1963
f 1953/1961 1955/1963 1863/1871 1870/1878
f 1955/1963 1954/1962 1956/1964 1957/1965
f 1955/1963 1957/1965 1864/1872 1863/1871
f 1957/1965 1956/1964 1958/1966 1959/1967
f 1957/1965 1959/1967 1857/1865 1864/1872
f 1959/1967 1958/1966 1960/1968 1961/1969
f 1959/1967 1961/1969 1858/1866 1857/1865
f 1961/1969 1960/1968 1962/1970 1963/1971
f 1961/1969 1963/1971 1850/1858 1858/1866
f 1963/1971 1962/1970 1964/1972 1845/1853
f 1963/1971 1845/1853 1844/1852 1850/1858
f 1964/1972 1962/1970 1965/1973 1966/1974
f 1964/1972 1966/1974 1967/1975 1840/1848
f 1964/1972 1840/1848 1839/1847 1845/1853
f 1967/1975 1966/1974 1968/1976 1969/1977
f 1967/1975 1969/1977 1970/1978 1835/1843
f 1967/1975 1835/1843 1834/1842 1840/1848
f 1970/1978 1969/1977 1971/1979 1972/1980
f 1970/1978 1972/1980 1973/1981 1830/1838
f 1970/1978 1830/1838 1829/1837 1835/1843
f 1973/1981 1972/1980 1974/1982 1975/1983
f 1973/1981 1975/1983 1976/1984 1825/1833
f 1973/1981 1825/1833 1824/1832 1830/1838
f 1976/1984 1975/1983 1977/1985 1978/1986
f 1976/1984 1978/1986 1979/1987 1820/1828
f 1976/1984 1820/1828 1819/1827 1825/1833
f 1979/1987 1978/1986 1980/1988 1981/1989
f 1979/1987 1981/1989 1982/1990 1815/1823
f 1979/1987 1815/1823 1814/1822 1820/1828
f 1982/1990 1981/1989 1983/1991 1984/1992
f 1982/1990 1984/1992 1985/1993 1810/1818
f 1982/1990 1810/1818 1809/1817 1815/1823
f 1985/1993 1984/1992 1986/1994 1987/1995
f 1985/1993 1987/1995 1988/1996 1805/1813
f 1985/1993 1805/1813 1804/1812 1810/1818
f 1988/1996 1987/1995 1989/1997 1990/1998
f 1988/1996 1990/1998 1991/1999 1800/1808
f 1988/1996 1800/1808 1799/1807 1805/1813
f 1991/1999 1990/1998 1992/2000 1993/2001
f 1991/1999 1993/2001 1994/2002 1795/1803
f 1991/1999 1795/1803 1794/1802 1800/1808
f 1994/2002 1993/2001 1995/2003 1996/2004
f 1994/2002 1996/2004 1997/2005 1790/1798
f 1994/2002 1790/1798 1789/1797 1795/1803
f 1997/2005 1996/2004 1998/2006 1999/2007
f 1997/2005 1999/2007 2000/2008 1785/1793
f 1997/2005 1785/1793 1784/1792 1790/1798
f 2000/2008 1999/2007 2001/2009 2002/2010
f 2000/2008 2002/2010 2003/2011 1780/1788
f 2000/2008 1780/1788 1779/1787 1785/1793
f 2003/2011 2002/2010 2004/2012 2005/2013
f 2003/2011 2005/2013 2006/2014 1775/1783
f 2003/2011 1775/1783 1774/1782 1780/1788
f 2006/2014 2005/2013 2007/2015 2008/2016
f 2006/2014 2008/2016 2009/2017 1770/1778
f 2006/2014 1770/1778 1769/1777 1775/1783
f 2009/2017 2008/2016 2010/2018 2011/2019
f 2009/2017 2011/2019 2012/2020 1765/1773
f 2009/2017 1765/1773 1764/1772 1770/1778
f 2012/2020 2011/2019 2013/2021 2014/2022
f 2012/2020 2014/2022 2015/2023 1760/1768
f 2012/2020 1760/1768 1759/1767 1765/1773
f 2015/2023 2014/2022 2016/2024 2017/2025
f 2015/2023 2017/2025 2018/2026 1755/1763
f 2015/2023 1755/1763 1754/1762 1760/1768
f 2018/2026 2017/2025 2019/2027 2020/2028
f 2018/2026 2020/2028 2021/2029 1750/1758
f 2018/2026 1750/1758 1749/1757 1755/1763
f 2021/2029 2020/2028 2022/2030 2023/2031
f 2021/2029 2023/2031 2024/2032 1745/1753
f 2021/2029 1745/1753 1744/1752 1750/1758
f 2024/2032 2023/2031 2025/2033 2026/2034
f 2024/2032 2026/2034 2027/2035 1740/1748
f 2024/2032 1740/1748 1739/1747 1745/1753
f 2027/2035 2026/2034 2028/2036 2029/2037
f 2027/2035 2029/2037 2030/2038 1735/1743
f 2027/2035 1735/1743 1734/1742 1740/1748
f 2030/2038 2029/2037 2031/2039 2032/2040
f 2030/2038 2032/2040 2033/2041 1730/1738
f 2030/2038 1730/1738 1729/1737 1735/1743
f 2033/2041 2032/2040 2034/2042 2035/2043
f 2033/2041 2035/2043 2036/2044 1725/1733
f 2033/2041 1725/1733 1724/1732 1730/1738
f 2036/2044 2035/2043 2037/2045 2038/2046
f 2036/2044 2038/2046 2039/2047 1720/1728
f 2036/2044 1720/1728 1719/1727 1725/1733
f 2039/2047 2038/2046 2040/2048 2041/2049
f 2039/2047 2041/2049 2042/2050 1715/1723
f 2039/2047 1715/1723 1714/1722 1720/1728
f 2042/2050 2041/2049 2043/2051 2044/2052
f 2042/2050 2044/2052 2045/2053 1711/1719
f 2042/2050 1711/1719 1710/1718 1715/1723
f 2045/2053 2046/2054 1321/1326 1708/1716
f 2045/2053 1708/1716 1707/1715 1711/1719
f 2045/2053 2044/2052 2047/2055 2046/2054
f 2047/2055 2048/2056 1324/1329 2046/2054
f 2047/2055 2044/2052 2043/2051 2049/2057
f 2047/2055 2049/2057 2050/2058 2048/2056
f 2050/2058 2051/2059 1327/1332 2048/2056
f 2050/2058 2049/2057 2052/2060 2053/2061
f 2050/2058 2053/2061 2054/2062 2051/2059
f 2054/2062 2055/2063 1330/1335 2051/2059
f 2054/2062 2053/2061 2056/2064 2057/2065
f 2054/2062 2057/2065 2058/2066 2055/2063
f 2058/2066 2059/2067 1333/1338 2055/2063
f 2058/2066 2057/2065 2060/2068 2061/2069
f 2058/2066 2061/2069 2062/2070 2059/2067
f 2062/2070 2063/2071 1336/1341 2059/2067
f 2062/2070 2061/2069 2064/2072 2065/2073
f 2062/2070 2065/2073 2066/2074 2063/2071
f 2066/2074 2067/2075 1339/1344 2063/2071
f 2066/2074 2065/2073 2068/2076 2069/2077
f 2066/2074 2069/2077 2070/2078 2067/2075
f 2070/2078 2071/2079 1342/1347 2067/2075
f 2070/2078 2069/2077 2072/2080 2073/2081
f 2070/2078 2073/2081 2074/2082 2071/2079
f 2074/2082 2075/2083 1345/1350 2071/2079
f 2074/2082 2073/2081 2076/2084 2077/2085
f 2074/2082 2077/2085 2078/2086 2075/2083
f 2078/2086 2079/2087 1348/1353 2075/2083
f 2078/2086 2077/2085 2080/2088 2081/2089
f 2078/2086 2081/2089 2082/2090 2079/2087
f 2082/2090 2083/2091 1351/1356 2079/2087
f 2082/2090 2081/2089 2084/2092 2085/2093
f 2082/2090 2085/2093 2086/2094 2083/2091
f 2086/2094 2087/2095 1354/1359 2083/2091
f 2086/2094 2085/2093 2088/2096 2089/2097
f 2086/2094 2089/2097 2090/2098 2087/2095
f 2090/2098 2091/2099 1357/1362 2087/2095
f 2090/2098 2089/2097 2092/2100 2093/2101
f 2090/2098 2093/2101 2094/2102 2091/2099
f 2094/2102 2095/2103 1360/1365 2091/2099
f 2094/2102 2093/2101 2096/2104 2097/2105
f 2094/2102 2097/2105 2098/2106 2095/2103
f 2098/2106 2099/2107 1363/1368 2095/2103
f 2098/2106 2097/2105 2100/2108 2101/2109
f 2098/2106 2101/2109 2102/2110 2099/2107
f 2102/2110 2103/2111 1366/1372 2099/2107
f 2102/2110 2101/2109 2104/2112 2105/2113
f 2102/2110 2105/2113 2106/2114 2103/2111
f 2106/2114 2107/2115 1369/1376 2103/2111
f 2106/2114 2105/2113 2108/2116 2109/2117
f 2106/2114 2109/2117 2110/2118 2107/2115
f 2110/2118 2111/2119 1372/2120 2107/2115
f 2110/2118 2109/2117 2112/2121 2113/2122
f 2110/2118 2113/2122 2114/2123 2111/2119
f 2114/2124 2115/2125 1375/1383 2111/2126
f 2114/2123 2113/2122 2116/2127 2117/2128
f 2114/2124 2117/2129 2118/2130 2115/2125
f 2118/2130 2119/2131 1378/1386 2115/2125
f 2118/2130 2117/2129 2120/2132 2121/2133
f 2118/2130 2121/2133 2122/2134 2119/2131
f 2122/2134 2123/2135 1381/1389 2119/2131
f 2122/2134 2121/2133 2124/2136 2125/2137
f 2122/2134 2125/2137 2126/2138 2123/2135
f 2126/2138 2127/2139 1384/1392 2123/2135
f 2126/2138 2125/2137 2128/2140 2129/2141
f 2126/2138 2129/2141 2130/2142 2127/2139
f 2130/2142 2131/2143 1387/1395 2127/2139
f 2130/2142 2129/2141 2132/2144 2133/2145
f 2130/2142 2133/2145 2134/2146 2131/2143
f 2134/2146 2135/2147 1390/1398 2131/2143
f 2134/2146 2133/2145 2136/2148 2137/2149
f 2134/2146 2137/2149 2138/2150 2135/2147
f 2138/2150 2139/2151 1393/1401 2135/2147
f 2138/2150 2137/2149 2140/2152 2141/2153
f 2138/2150 2141/2153 2142/2154 2139/2151
f 2142/2154 2143/2155 1396/1404 2139/2151
f 2142/2154 2141/2153 2144/2156 2145/2157
f 2142/2154 2145/2157 2146/2158 2143/2155
f 2146/2158 2147/2159 1399/1407 2143/2155
f 2146/2158 2145/2157 2148/2160 2149/2161
f 2146/2158 2149/2161 2150/2162 2147/2159
f 2150/2162 2151/2163 1402/1410 2147/2159
f 2150/2162 2149/2161 2152/2164 2153/2165
f 2150/2162 2153/2165 2154/2166 2151/2163
f 2154/2166 2155/2167 1405/1413 2151/2163
f 2154/2166 2153/2165 2156/2168 2157/2169
f 2154/2166 2157/2169 2158/2170 2155/2167
f 2158/2170 2159/2171 1408/1416 2155/2167
f 2158/2170 2157/2169 2160/2172 2161/2173
f 2158/2170 2161/2173 2162/2174 2159/2171
f 2162/2174 2163/2175 1411/1419 2159/2171
f 2162/2174 2161/2173 2164/2176 2165/2177
f 2162/2174 2165/2177 2166/2178 2163/2175
f 2166/2178 2167/2179 1414/1422 2163/2175
f 2166/2178 2165/2177 2168/2180 2169/2181
f 2166/2178 2169/2181 2170/2182 2167/2179
f 2170/2182 2171/2183 1417/1425 2167/2179
f 2170/2182 2169/2181 2172/2184 2173/2185
f 2170/2182 2173/2185 2174/2186 2171/2183
f 2174/2186 2175/2187 1420/1428 2171/2183
f 2174/2186 2173/2185 2176/2188 2177/2189
f 2174/2186 2177/2189 2178/2190 2175/2187
f 2178/2190 2179/2191 1423/1431 2175/2187
f 2178/2190 2177/2189 2180/2192 2181/2193
f 2178/2190 2181/2193 2182/2194 2179/2191
f 2182/2194 2183/2195 1426/1434 2179/2191
f 2182/2194 2181/2193 2184/2196 2185/2197
f 2182/2194 2185/2197 2186/2198 2183/2195
f 2186/2198 2187/2199 1429/1437 2183/2195
f 2186/2198 2185/2197 2188/2200 2189/2201
f 2186/2198 2189/2201 2190/2202 2187/2199
f 2190/2202 2191/2203 1432/1440 2187/2199
f 2190/2202 2189/2201 2192/2204 2193/2205
f 2190/2202 2193/2205 2194/2206 2191/2203
f 2194/2206 2195/2207 1435/1443 2191/2203
f 2194/2206 2193/2205 2196/2208 2197/2209
f 2194/2206 2197/2209 2198/2210 2195/2207
f 2198/2210 2199/2211 1438/1446 2195/2207
f 2198/2210 2197/2209 2200/2212 2201/2213
f 2198/2210 2201/2213 2202/2214 2199/2211
f 2202/2214 2203/2215 1441/1449 2199/2211
f 2202/2214 2201/2213 2204/2216 2205/2217
f 2202/2214 2205/2217 2206/2218 2203/2215
f 2206/2218 2207/2219 1444/1452 2203/2215
f 2206/2218 2205/2217 2208/2220 2209/2221
f 2206/2218 2209/2221 2210/2222 2207/2219
f 2210/2222 2211/2223 1447/1455 2207/2219
f 2210/2222 2209/2221 22/20 26/24
f 2210/2222 26/24 1919/1927 2211/2223
f 2211/2223 1450/1458 1448/1456 1447/1455
f 2211/2223 1919/1927 1917/1925 1450/1458
f 2209/2221 2208/2220 23/21 22/20
f 2208/2220 2205/2217 2204/2216 2212/2224
f 2208/2220 2212/2224 1925/1933 23/21
f 2212/2224 2204/2216 2213/2225 1928/1936
f 2212/2224 1928/1936 1926/1934 1925/1933
f 2213/2225 2204/2216 2201/2213 2200/2212
f 2213/2225 2200/2212 2214/2226 1931/1939
f 2213/2225 1931/1939 1929/1937 1928/1936
f 2214/2226 2200/2212 2197/2209 2196/2208
f 2214/2226 2196/2208 2215/2227 1934/1942
f 2214/2226 1934/1942 1932/1940 1931/1939
f 2215/2227 2196/2208 2193/2205 2192/2204
f 2215/2227 2192/2204 2216/2228 1937/1945
f 2215/2227 1937/1945 1935/1943 1934/1942
f 2216/2228 2192/2204 2189/2201 2188/2200
f 2216/2228 2188/2200 2217/2229 1940/1948
f 2216/2228 1940/1948 1938/1946 1937/1945
f 2217/2229 2188/2200 2185/2197 2184/2196
f 2217/2229 2184/2196 2218/2230 1943/1951
f 2217/2229 1943/1951 1941/1949 1940/1948
f 2218/2230 2184/2196 2181/2193 2180/2192
f 2218/2230 2180/2192 2219/2231 1946/1954
f 2218/2230 1946/1954 1944/1952 1943/1951
f 2219/2231 2180/2192 2177/2189 2176/2188
f 2219/2231 2176/2188 2220/2232 2221/2233
f 2219/2231 2221/2233 1947/1955 1946/1954
f 2221/2233 2220/2232 2222/2234 2223/2235
f 2221/2233 2223/2235 1948/1956 1947/1955
f 2223/2235 2222/2234 2224/2236 2225/2237
f 2223/2235 2225/2237 1950/1958 1948/1956
f 2225/2237 2224/2236 2226/2238 2227/2239
f 2225/2237 2227/2239 1952/1960 1950/1958
f 2227/2239 2226/2238 2228/2240 2229/2241
f 2227/2239 2229/2241 1954/1962 1952/1960
f 2229/2241 2228/2240 2230/2242 2231/2243
f 2229/2241 2231/2243 1956/1964 1954/1962
f 2231/2243 2230/2242 2232/2244 2233/2245
f 2231/2243 2233/2245 1958/1966 1956/1964
f 2233/2245 2232/2244 2234/2246 2235/2247
f 2233/2245 2235/2247 1960/1968 1958/1966
f 2235/2247 2234/2246 2236/2248 1965/1973
f 2235/2247 1965/1973 1962/1970 1960/1968
f 2236/2248 2234/2246 2237/2249 2238/2250
f 2236/2248 2238/2250 2239/2251 1968/1976
f 2236/2248 1968/1976 1966/1974 1965/1973
f 2239/2251 2238/2250 2240/2252 2241/2253
f 2239/2251 2241/2253 2242/2254 1971/1979
f 2239/2251 1971/1979 1969/1977 1968/1976
f 2242/2254 2241/2253 2243/2255 2244/2256
f 2242/2254 2244/2256 2245/2257 1974/1982
f 2242/2254 1974/1982 1972/1980 1971/1979
f 2245/2257 2244/2256 2246/2258 2247/2259
f 2245/2257 2247/2259 2248/2260 1977/1985
f 2245/2257 1977/1985 1975/1983 1974/1982
f 2248/2260 2247/2259 2249/2261 2250/2262
f 2248/2260 2250/2262 2251/2263 1980/1988
f 2248/2260 1980/1988 1978/1986 1977/1985
f 2251/2263 2250/2262 2252/2264 2253/2265
f 2251/2263 2253/2265 2254/2266 1983/1991
f 2251/2263 1983/1991 1981/1989 1980/1988
f 2254/2266 2253/2265 2255/2267 2256/2268
f 2254/2266 2256/2268 2257/2269 1986/1994
f 2254/2266 1986/1994 1984/1992 1983/1991
f 2257/2269 2256/2268 2258/2270 2259/2271
f 2257/2269 2259/2271 2260/2272 1989/1997
f 2257/2269 1989/1997 1987/1995 1986/1994
f 2260/2272 2259/2271 2261/2273 2262/2274
f 2260/2272 2262/2274 2263/2275 1992/2000
f 2260/2272 1992/2000 1990/1998 1989/1997
f 2263/2275 2262/2274 2264/2276 2265/2277
f 2263/2275 2265/2277 2266/2278 1995/2003
f 2263/2275 1995/2003 1993/2001 1992/2000
f 2266/2278 2265/2277 2267/2279 2268/2280
f 2266/2278 2268/2280 2269/2281 1998/2006
f 2266/2278 1998/2006 1996/2004 1995/2003
f 2269/2281 2268/2280 2270/2282 2271/2283
f 2269/2281 2271/2283 2272/2284 2001/2009
f 2269/2281 2001/2009 1999/2007 1998/2006
f 2272/2284 2271/2283 2273/2285 2274/2286
f 2272/2284 2274/2286 2275/2287 2004/2012
f 2272/2284 2004/2012 2002/2010 2001/2009
f 2275/2287 2274/2286 2276/2288 2277/2289
f 2275/2287 2277/2289 2278/2290 2007/2015
f 2275/2287 2007/2015 2005/2013 2004/2012
f 2278/2290 2277/2289 2279/2291 2280/2292
f 2278/2290 2280/2292 2281/2293 2010/2018
f 2278/2290 2010/2018 2008/2016 2007/2015
f 2281/2293 2280/2292 2282/2294 2283/2295
f 2281/2293 2283/2295 2284/2296 2013/2021
f 2281/2293 2013/2021 2011/2019 2010/2018
f 2284/2296 2283/2295 2285/2297 2286/2298
f 2284/2296 2286/2298 2287/2299 2016/2024
f 2284/2296 2016/2024 2014/2022 2013/2021
f 2287/2299 2286/2298 2288/2300 2289/2301
f 2287/2299 2289/2301 2290/2302 2019/2027
f 2287/2299 2019/2027 2017/2025 2016/2024
f 2290/2302 2289/2301 2291/2303 2292/2304
f 2290/2302 2292/2304 2293/2305 2022/2030
f 2290/2302 2022/2030 2020/2028 2019/2027
f 2293/2305 2292/2304 2294/2306 2295/2307
f 2293/2305 2295/2307 2296/2308 2025/2033
f 2293/2305 2025/2033 2023/2031 2022/2030
f 2296/2308 2295/2307 2297/2309 2298/2310
f 2296/2308 2298/2310 2299/2311 2028/2036
f 2296/2308 2028/2036 2026/2034 2025/2033
f 2299/2311 2298/2310 2300/2312 2301/2313
f 2299/2311 2301/2313 2302/2314 2031/2039
f 2299/2311 2031/2039 2029/2037 2028/2036
f 2302/2314 2301/2313 2303/2315 2304/2316
f 2302/2314 2304/2316 2305/2317 2034/2042
f 2302/2314 2034/2042 2032/2040 2031/2039
f 2305/2317 2304/2316 2306/2318 2307/2319
f 2305/2317 2307/2319 2308/2320 2037/2045
f 2305/2317 2037/2045 2035/2043 2034/2042
f 2308/2320 2307/2319 2309/2321 2310/2322
f 2308/2320 2310/2322 2311/2323 2040/2048
f 2308/2320 2040/2048 2038/2046 2037/2045
f 2311/2323 2310/2322 2312/2324 2052/2060
f 2311/2323 2052/2060 2049/2057 2043/2051
f 2311/2323 2043/2051 2041/2049 2040/2048
f 2312/2324 2056/2064 2053/2061 2052/2060
f 2312/2324 2310/2322 2309/2321 2313/2325
f 2312/2324 2313/2325 2314/2326 2056/2064
f 2314/2326 2060/2068 2057/2065 2056/2064
f 2314/2326 2313/2325 17/14 16/13
f 2314/2326 16/13 21/18 2060/2068
f 2313/2325 2309/2321 2315/2327 17/14
f 2315/2327 2316/2328 18/15 17/14
f 2315/2327 2309/2321 2307/2319 2306/2318
f 2315/2327 2306/2318 2317/2329 2316/2328
f 2317/2329 2318/2330 2319/2331 2316/2328
f 2317/2329 2306/2318 2304/2316 2303/2315
f 2317/2329 2303/2315 2320/2332 2318/2330
f 2320/2332 2321/2333 2322/2334 2318/2330
f 2320/2332 2303/2315 2301/2313 2300/2312
f 2320/2332 2300/2312 2323/2335 2321/2333
f 2323/2335 2324/2336 2325/2337 2321/2333
f 2323/2335 2300/2312 2298/2310 2297/2309
f 2323/2335 2297/2309 2326/2338 2324/2336
f 2326/2338 2327/2339 2328/2340 2324/2336
f 2326/2338 2297/2309 2295/2307 2294/2306
f 2326/2338 2294/2306 2329/2341 2327/2339
f 2329/2341 2330/2342 2331/2343 2327/2339
f 2329/2341 2294/2306 2292/2304 2291/2303
f 2329/2341 2291/2303 2332/2344 2330/2342
f 2332/2344 2333/2345 2334/2346 2330/2342
f 2332/2344 2291/2303 2289/2301 2288/2300
f 2332/2344 2288/2300 2335/2347 2333/2345
f 2335/2347 2336/2348 2337/2349 2333/2345
f 2335/2347 2288/2300 2286/2298 2285/2297
f 2335/2347 2285/2297 2338/2350 2336/2348
f 2338/2350 2339/2351 2340/2352 2336/2348
f 2338/2350 2285/2297 2283/2295 2282/2294
f 2338/2350 2282/2294 2341/2353 2339/2351
f 2341/2353 2342/2354 2343/2355 2339/2351
f 2341/2353 2282/2294 2280/2292 2279/2291
f 2341/2353 2279/2291 2344/2356 2342/2354
f 2344/2356 2345/2357 2346/2358 2342/2354
f 2344/2356 2279/2291 2277/2289 2276/2288
f 2344/2356 2276/2288 2347/2359 2345/2357
f 2347/2359 2348/2360 2349/2361 2345/2357
f 2347/2359 2276/2288 2274/2286 2273/2285
f 2347/2359 2273/2285 2350/2362 2348/2360
f 2350/2362 2351/2363 2352/2364 2348/2360
f 2350/2362 2273/2285 2271/2283 2270/2282
f 2350/2362 2270/2282 2353/2365 2351/2363
f 2353/2365 2354/2366 2355/2367 2351/2363
f 2353/2365 2270/2282 2268/2280 2267/2279
f 2353/2365 2267/2279 2356/2368 2354/2366
f 2356/2368 2357/2369 2358/2370 2354/2366
f 2356/2368 2267/2279 2265/2277 2264/2276
f 2356/2368 2264/2276 2359/2371 2357/2369
f 2359/2371 2360/2372 2361/2373 2357/2369
f 2359/2371 2264/2276 2262/2274 2261/2273
f 2359/2371 2261/2273 2362/2374 2360/2372
f 2362/2374 2363/2375 2364/2376 2360/2372
f 2362/2374 2261/2273 2259/2271 2258/2270
f 2362/2374 2258/2270 2365/2377 2363/2375
f 2365/2377 2366/2378 2367/2379 2363/2375
f 2365/2377 2258/2270 2256/2268 2255/2267
f 2365/2377 2255/2267 2368/2380 2366/2378
f 2368/2380 2369/2381 2370/2382 2366/2378
f 2368/2380 2255/2267 2253/2265 2252/2264
f 2368/2380 2252/2264 2371/2383 2369/2381
f 2371/2383 2372/2384 2373/2385 2369/2381
f 2371/2383 2252/2264 2250/2262 2249/2261
f 2371/2383 2249/2261 2374/2386 2372/2384
f 2374/2386 2375/2387 2376/2388 2372/2384
f 2374/2386 2249/2261 2247/2259 2246/2258
f 2374/2386 2246/2258 2377/2389 2375/2387
f 2377/2389 2378/2390 2379/2391 2375/2387
f 2377/2389 2246/2258 2244/2256 2243/2255
f 2377/2389 2243/2255 2380/2392 2378/2390
f 2380/2392 2381/2393 2382/2394 2378/2390
f 2380/2392 2243/2255 2241/2253 2240/2252
f 2380/2392 2240/2252 2383/2395 2381/2393
f 2383/2395 2384/2396 2385/2397 2381/2393
f 2383/2395 2240/2252 2238/2250 2237/2249
f 2383/2395 2237/2249 2386/2398 2384/2396
f 2386/2398 2387/2399 2388/2400 2384/2396
f 2386/2398 2237/2249 2234/2246 2232/2244
f 2386/2398 2232/2244 2230/2242 2387/2399
f 2388/2400 2389/2401 2390/2402 2391/2403
f 2388/2400 2391/2403 2385/2397 2384/2396
f 2388/2400 2387/2399 2392/2404 2389/2401
f 2392/2404 2393/2405 2394/2406 2389/2401
f 2392/2404 2387/2399 2230/2242 2228/2240
f 2392/2404 2228/2240 2226/2238 2393/2405
f 2394/2406 2395/2407 2164/2176 2396/2408
f 2394/2406 2396/2408 2390/2402 2389/2401
f 2394/2406 2393/2405 2397/2409 2395/2407
f 2397/2409 2398/2410 2168/2180 2395/2407
f 2397/2409 2393/2405 2226/2238 2224/2236
f 2397/2409 2224/2236 2222/2234 2398/2410
f 2398/2410 2172/2184 2169/2181 2168/2180
f 2398/2410 2222/2234 2220/2232 2172/2184
f 2396/2408 2164/2176 2161/2173 2160/2172
f 2396/2408 2160/2172 2399/2411 2390/2402
f 2399/2411 2160/2172 2157/2169 2156/2168
f 2399/2411 2156/2168 2400/2412 2401/2413
f 2399/2411 2401/2413 2391/2403 2390/2402
f 2401/2413 2400/2412 2402/2414 2403/2415
f 2401/2413 2403/2415 2385/2397 2391/2403
f 2403/2415 2402/2414 2404/2416 2382/2394
f 2403/2415 2382/2394 2381/2393 2385/2397
f 2404/2416 2402/2414 2405/2417 2406/2418
f 2404/2416 2406/2418 2407/2419 2379/2391
f 2404/2416 2379/2391 2378/2390 2382/2394
f 2407/2419 2406/2418 2408/2420 2409/2421
f 2407/2419 2409/2421 2410/2422 2376/2388
f 2407/2419 2376/2388 2375/2387 2379/2391
f 2410/2422 2409/2421 2411/2423 2412/2424
f 2410/2422 2412/2424 2413/2425 2373/2385
f 2410/2422 2373/2385 2372/2384 2376/2388
f 2413/2425 2412/2424 2414/2426 2415/2427
f 2413/2425 2415/2427 2416/2428 2370/2382
f 2413/2425 2370/2382 2369/2381 2373/2385
f 2416/2428 2415/2427 2417/2429 2418/2430
f 2416/2428 2418/2430 2419/2431 2367/2379
f 2416/2428 2367/2379 2366/2378 2370/2382
f 2419/2431 2418/2430 2420/2432 2421/2433
f 2419/2431 2421/2433 2422/2434 2364/2376
f 2419/2431 2364/2376 2363/2375 2367/2379
f 2422/2434 2421/2433 2423/2435 2424/2436
f 2422/2437 2424/2438 2425/2439 2361/2373
f 2422/2437 2361/2373 2360/2372 2364/2376
f 2425/2439 2424/2438 2426/2440 2427/2441
f 2425/2439 2427/2441 2428/2442 2358/2370
f 2425/2439 2358/2370 2357/2369 2361/2373
f 2428/2442 2427/2441 2429/2443 2430/2444
f 2428/2442 2430/2444 2431/2445 2355/2367
f 2428/2442 2355/2367 2354/2366 2358/2370
f 2431/2445 2430/2444 2432/2446 2433/2447
f 2431/2445 2433/2447 2434/2448 2352/2364
f 2431/2445 2352/2364 2351/2363 2355/2367
f 2434/2448 2433/2447 2435/2449 2436/2450
f 2434/2448 2436/2450 2437/2451 2349/2361
f 2434/2448 2349/2361 2348/2360 2352/2364
f 2437/2451 2436/2450 2438/2452 2439/2453
f 2437/2451 2439/2453 2440/2454 2346/2358
f 2437/2451 2346/2358 2345/2357 2349/2361
f 2440/2454 2439/2453 2441/2455 2442/2456
f 2440/2454 2442/2456 2443/2457 2343/2355
f 2440/2454 2343/2355 2342/2354 2346/2358
f 2443/2457 2442/2456 2444/2458 2445/2459
f 2443/2457 2445/2459 2446/2460 2340/2352
f 2443/2457 2340/2352 2339/2351 2343/2355
f 2446/2460 2445/2459 2447/2461 2448/2462
f 2446/2460 2448/2462 2449/2463 2337/2349
f 2446/2460 2337/2349 2336/2348 2340/2352
f 2449/2463 2448/2462 2450/2464 2451/2465
f 2449/2463 2451/2465 2452/2466 2334/2346
f 2449/2463 2334/2346 2333/2345 2337/2349
f 2452/2466 2451/2465 2453/2467 2454/2468
f 2452/2466 2454/2468 2455/2469 2331/2343
f 2452/2466 2331/2343 2330/2342 2334/2346
f 2455/2469 2454/2468 2456/2470 2457/2471
f 2455/2469 2457/2471 2458/2472 2328/2340
f 2455/2469 2328/2340 2327/2339 2331/2343
f 2458/2472 2457/2471 2459/2473 2460/2474
f 2458/2472 2460/2474 2461/2475 2325/2337
f 2458/2472 2325/2337 2324/2336 2328/2340
f 2461/2475 2460/2474 2462/2476 2463/2477
f 2461/2475 2463/2477 2464/2478 2322/2334
f 2461/2475 2322/2334 2321/2333 2325/2337
f 2464/2478 2463/2477 2465/2479 2466/2480
f 2464/2478 2466/2480 19/16 2319/2331
f 2464/2478 2319/2331 2318/2330 2322/2334
f 2466/2480 2465/2479 2068/2076 2467/2481
f 2466/2480 2467/2481 20/17 19/16
f 2467/2481 2068/2076 2065/2073 2064/2072
f 2467/2481 2064/2072 21/18 20/17
f 2465/2479 2072/2080 2069/2077 2068/2076
f 2465/2479 2463/2477 2462/2476 2072/2080
f 2462/2476 2076/2084 2073/2081 2072/2080
f 2462/2476 2460/2474 2459/2473 2076/2084
f 2459/2473 2080/2088 2077/2085 2076/2084
f 2459/2473 2457/2471 2456/2470 2080/2088
f 2456/2470 2084/2092 2081/2089 2080/2088
f 2456/2470 2454/2468 2453/2467 2084/2092
f 2453/2467 2088/2096 2085/2093 2084/2092
f 2453/2467 2451/2465 2450/2464 2088/2096
f 2450/2464 2092/2100 2089/2097 2088/2096
f 2450/2464 2448/2462 2447/2461 2092/2100
f 2447/2461 2096/2104 2093/2101 2092/2100
f 2447/2461 2445/2459 2444/2458 2096/2104
f 2444/2458 2100/2108 2097/2105 2096/2104
f 2444/2458 2442/2456 2441/2455 2100/2108
f 2441/2455 2104/2112 2101/2109 2100/2108
f 2441/2455 2439/2453 2438/2452 2104/2112
f 2438/2452 2108/2116 2105/2113 2104/2112
f 2438/2452 2436/2450 2435/2449 2108/2116
f 2435/2449 2112/2121 2109/2117 2108/2116
f 2435/2449 2433/2447 2432/2446 2112/2121
f 2432/2446 2116/2127 2113/2122 2112/2121
f 2432/2446 2430/2444 2429/2443 2116/2127
f 2429/2443 2120/2482 2117/2128 2116/2127
f 2429/2443 2427/2441 2426/2440 2120/2482
f 2426/2483 2124/2136 2121/2133 2120/2132
f 2426/2483 2424/2436 2423/2435 2124/2136
f 2423/2435 2128/2140 2125/2137 2124/2136
f 2423/2435 2421/2433 2420/2432 2128/2140
f 2420/2432 2132/2144 2129/2141 2128/2140
f 2420/2432 2418/2430 2417/2429 2132/2144
f 2417/2429 2136/2148 2133/2145 2132/2144
f 2417/2429 2415/2427 2414/2426 2136/2148
f 2414/2426 2140/2152 2137/2149 2136/2148
f 2414/2426 2412/2424 2411/2423 2140/2152
f 2411/2423 2144/2156 2141/2153 2140/2152
f 2411/2423 2409/2421 2408/2420 2144/2156
f 2408/2420 2148/2160 2145/2157 2144/2156
f 2408/2420 2406/2418 2405/2417 2148/2160
f 2405/2417 2152/2164 2149/2161 2148/2160
f 2405/2417 2402/2414 2400/2412 2152/2164
f 2400/2412 2156/2168 2153/2165 2152/2164
f 2395/2407 2168/2180 2165/2177 2164/2176
f 2319/2331 19/16 18/15 2316/2328
f 2220/2232 2176/2188 2173/2185 2172/2184
f 2207/2219 1447/1455 1445/1453 1444/1452
f 2203/2215 1444/1452 1442/1450 1441/1449
f 2199/2211 1441/1449 1439/1447 1438/1446
f 2195/2207 1438/1446 1436/1444 1435/1443
f 2191/2203 1435/1443 1433/1441 1432/1440
f 2187/2199 1432/1440 1430/1438 1429/1437
f 2183/2195 1429/1437 1427/1435 1426/1434
f 2179/2191 1426/1434 1424/1432 1423/1431
f 2175/2187 1423/1431 1421/1429 1420/1428
f 2171/2183 1420/1428 1418/1426 1417/1425
f 2167/2179 1417/1425 1415/1423 1414/1422
f 2163/2175 1414/1422 1412/1420 1411/1419
f 2159/2171 1411/1419 1409/1417 1408/1416
f 2155/2167 1408/1416 1406/1414 1405/1413
f 2151/2163 1405/1413 1403/1411 1402/1410
f 2147/2159 1402/1410 1400/1408 1399/1407
f 2143/2155 1399/1407 1397/1405 1396/1404
f 2139/2151 1396/1404 1394/1402 1393/1401
f 2135/2147 1393/1401 1391/1399 1390/1398
f 2131/2143 1390/1398 1388/1396 1387/1395
f 2127/2139 1387/1395 1385/1393 1384/1392
f 2123/2135 1384/1392 1382/1390 1381/1389
f 2119/2131 1381/1389 1379/1387 1378/1386
f 2115/2125 1378/1386 1376/1384 1375/1383
f 2111/2126 1375/1383 1373/1381 1372/1380
f 2107/2115 1372/2120 1370/1377 1369/1376
f 2103/2111 1369/1376 1367/1373 1366/1372
f 2099/2107 1366/1372 1364/1369 1363/1368
f 2095/2103 1363/1368 1361/1366 1360/1365
f 2091/2099 1360/1365 1358/1363 1357/1362
f 2087/2095 1357/1362 1355/1360 1354/1359
f 2083/2091 1354/1359 1352/1357 1351/1356
f 2079/2087 1351/1356 1349/1354 1348/1353
f 2075/2083 1348/1353 1346/1351 1345/1350
f 2071/2079 1345/1350 1343/1348 1342/1347
f 2067/2075 1342/1347 1340/1345 1339/1344
f 2064/2072 2061/2069 2060/2068 21/18
f 2063/2071 1339/1344 1337/1342 1336/1341
f 2059/2067 1336/1341 1334/1339 1333/1338
f 2055/2063 1333/1338 1331/1336 1330/1335
f 2051/2059 1330/1335 1328/1333 1327/1332
f 2048/2056 1327/1332 1325/1330 1324/1329
f 2046/2054 1324/1329 1322/1327 1321/1326
f 1925/1933 1923/1931 24/22 23/21
f 1920/1928 1919/1927 26/24 25/23
f 1917/1925 1453/1461 1451/1459 1450/1458
f 1899/1907 1895/1903 1481/1489 1479/1487
f 1852/1860 1851/1859 1513/1521 1511/1519
f 1851/1859 1847/1855 1846/1854 2468/2484
f 1851/1859 2468/2484 2469/2485 1513/1521
f 2469/2485 2468/2484 2470/2486 2471/2487
f 2469/2485 2471/2487 2472/2488 1516/1524
f 2469/2485 1516/1524 1514/1522 1513/1521
f 2472/2488 2471/2487 2473/2489 2474/2490
f 2472/2488 2474/2490 2475/2491 1519/1527
f 2472/2488 1519/1527 1517/1525 1516/1524
f 2475/2491 2474/2490 2476/2492 2477/2493
f 2475/2491 2477/2493 2478/2494 1522/1530
f 2475/2491 1522/1530 1520/1528 1519/1527
f 2478/2494 2477/2493 2479/2495 2480/2496
f 2478/2494 2480/2496 1527/1535 1525/1533
f 2478/2494 1525/1533 1523/1531 1522/1530
f 2480/2496 2479/2495 2481/2497 2482/2498
f 2480/2496 2482/2498 1529/1537 1527/1535
f 2482/2498 2481/2497 2483/2499 2484/2500
f 2482/2498 2484/2500 2485/2501 1529/1537
f 2485/2501 2484/2500 2486/2502 2487/2503
f 2485/2501 2487/2503 2488/2504 1532/1540
f 2485/2501 1532/1540 1530/1538 1529/1537
f 2488/2504 2487/2503 2489/2505 2490/2506
f 2488/2504 2490/2506 1538/1546 1536/1544
f 2488/2504 1536/1544 1533/1541 1532/1540
f 2490/2506 2489/2505 2491/2507 2492/2508
f 2490/2506 2492/2508 1540/1548 1538/1546
f 2492/2508 2491/2507 2493/2509 2494/2510
f 2492/2508 2494/2510 1542/1550 1540/1548
f 2494/2510 2493/2509 2495/2511 2496/2512
f 2494/2510 2496/2512 1544/1552 1542/1550
f 2496/2512 2495/2511 2497/2513 2498/2514
f 2496/2512 2498/2514 1546/1554 1544/1552
f 2498/2514 2497/2513 2499/2515 2500/2516
f 2498/2514 2500/2516 2501/2517 1546/1554
f 2501/2517 2500/2516 2502/2518 2503/2519
f 2501/2517 2503/2519 2504/2520 1549/1557
f 2501/2517 1549/1557 1547/1555 1546/1554
f 2504/2520 2503/2519 2505/2521 2506/2522
f 2504/2520 2506/2522 2507/2523 1552/1560
f 2504/2520 1552/1560 1550/1558 1549/1557
f 2507/2523 2506/2522 2508/2524 2509/2525
f 2507/2523 2509/2525 2510/2526 1555/1563
f 2507/2523 1555/1563 1553/1561 1552/1560
f 2510/2526 2509/2525 2511/2527 2512/2528
f 2510/2526 2512/2528 2513/2529 1558/1566
f 2510/2526 1558/1566 1556/1564 1555/1563
f 2513/2529 2512/2528 2514/2530 2515/2531
f 2513/2529 2515/2531 2516/2532 1561/1569
f 2513/2529 1561/1569 1559/1567 1558/1566
f 2516/2532 2515/2531 2517/2533 2518/2534
f 2516/2532 2518/2534 2519/2535 2520/2536
f 2516/2532 2520/2536 1562/1570 1561/1569
f 2520/2536 2519/2535 2521/2537 2522/2538
f 2520/2536 2522/2538 1563/1571 1562/1570
f 2522/2538 2521/2537 2523/2539 2524/2540
f 2522/2538 2524/2540 1565/1573 1563/1571
f 2524/2540 2523/2539 2525/2541 2526/2542
f 2524/2540 2526/2542 1567/1575 1565/1573
f 2526/2542 2525/2541 2527/2543 2528/2544
f 2526/2542 2528/2544 1569/1577 1567/1575
f 2528/2544 2527/2543 2529/2545 2530/2546
f 2528/2544 2530/2546 1571/1579 1569/1577
f 2530/2546 2529/2545 2531/2547 2532/2548
f 2530/2546 2532/2548 1573/1581 1571/1579
f 2532/2548 2531/2547 2533/2549 2534/2550
f 2532/2548 2534/2550 1575/1583 1573/1581
f 2534/2550 2533/2549 2535/2551 2536/2552
f 2534/2550 2536/2552 1577/1585 1575/1583
f 2536/2552 2535/2551 1585/1593 1583/1591
f 2536/2552 1583/1591 1579/1587 1577/1585
f 2535/2551 2533/2549 2537/2553 2538/2554
f 2535/2551 2538/2554 1587/1595 1585/1593
f 2538/2554 2537/2553 2539/2555 2540/2556
f 2538/2554 2540/2556 1589/1597 1587/1595
f 2540/2556 2539/2555 2541/2557 2542/2558
f 2540/2556 2542/2558 1591/1599 1589/1597
f 2542/2558 2541/2557 2543/2559 2544/2560
f 2542/2558 2544/2560 1593/1601 1591/1599
f 2544/2560 2543/2559 2545/2561 1599/1607
f 2544/2560 1599/1607 1595/1603 1593/1601
f 2545/2561 2543/2559 2546/2562 2547/2563
f 2545/2561 2547/2563 2548/2564 1602/1610
f 2545/2561 1602/1610 1600/1608 1599/1607
f 2548/2564 2547/2563 2549/2565 2550/2566
f 2548/2564 2550/2566 2551/2567 2552/2568
f 2548/2564 2552/2568 1603/1611 1602/1610
f 2552/2568 2551/2567 1610/1618 1608/1616
f 2552/2568 1608/1616 1604/1612 1603/1611
f 2551/2567 2550/2566 2553/2569 2554/2570
f 2551/2567 2554/2570 1612/1620 1610/1618
f 2554/2570 2553/2569 2555/2571 2556/2572
f 2554/2570 2556/2572 1614/1622 1612/1620
f 2556/2572 2555/2571 2557/2573 2558/2574
f 2556/2572 2558/2574 1616/1624 1614/1622
f 2558/2574 2557/2573 2559/2575 2560/2576
f 2558/2574 2560/2576 1618/1626 1616/1624
f 2560/2576 2559/2575 2561/2577 2562/2578
f 2560/2576 2562/2578 1620/1628 1618/1626
f 2562/2578 2561/2577 2563/2579 2564/2580
f 2562/2578 2564/2580 1622/1630 1620/1628
f 2564/2580 2563/2579 2565/2581 2566/2582
f 2564/2580 2566/2582 1624/1632 1622/1630
f 2566/2582 2565/2581 2567/2583 2568/2584
f 2566/2582 2568/2584 1626/1634 1624/1632
f 2568/2584 2567/2583 2569/2585 2570/2586
f 2568/2584 2570/2586 1628/1636 1626/1634
f 2570/2586 2569/2585 2571/2587 2572/2588
f 2570/2586 2572/2588 1630/1638 1628/1636
f 2572/2588 2571/2587 2573/2589 2574/2590
f 2572/2588 2574/2590 1632/1640 1630/1638
f 2574/2590 2573/2589 2575/2591 2576/2592
f 2574/2590 2576/2592 1634/1642 1632/1640
f 2576/2592 2575/2591 2577/2593 2578/2594
f 2576/2592 2578/2594 1636/1644 1634/1642
f 2578/2594 2577/2593 2579/2595 2580/2596
f 2578/2594 2580/2596 1638/1646 1636/1644
f 2580/2596 2579/2595 2581/2597 2582/2598
f 2580/2596 2582/2598 1640/1648 1638/1646
f 2582/2598 2581/2597 2583/2599 2584/2600
f 2582/2598 2584/2600 1642/1650 1640/1648
f 2584/2600 2583/2599 2585/2601 2586/2602
f 2584/2600 2586/2602 1644/1652 1642/1650
f 2586/2602 2585/2601 2587/2603 2588/2604
f 2586/2602 2588/2604 1646/1654 1644/1652
f 2588/2604 2587/2603 2589/2605 2590/2606
f 2588/2604 2590/2606 1648/1656 1646/1654
f 2590/2606 2589/2605 2591/2607 2592/2608
f 2590/2606 2592/2608 1650/1658 1648/1656
f 2592/2608 2591/2607 2593/2609 2594/2610
f 2592/2608 2594/2610 1652/1660 1650/1658
f 2594/2610 2593/2609 2595/2611 2596/2612
f 2594/2610 2596/2612 1654/1662 1652/1660
f 2596/2612 2595/2611 2597/2613 2598/2614
f 2596/2612 2598/2614 1656/1664 1654/1662
f 2598/2614 2597/2613 2599/2615 2600/2616
f 2598/2614 2600/2616 1658/1666 1656/1664
f 2600/2616 2599/2615 2601/2617 2602/2618
f 2600/2616 2602/2618 1660/1668 1658/1666
f 2602/2618 2601/2617 2603/2619 2604/2620
f 2602/2618 2604/2620 1662/1670 1660/1668
f 2604/2620 2603/2619 2605/2621 2606/2622
f 2604/2620 2606/2622 1664/1672 1662/1670
f 2606/2622 2605/2621 2607/2623 2608/2624
f 2606/2622 2608/2624 1666/1674 1664/1672
f 2608/2624 2607/2623 2609/2625 2610/2626
f 2608/2624 2610/2626 1668/1676 1666/1674
f 2610/2626 2609/2625 2611/2627 2612/2628
f 2610/2626 2612/2628 1670/1678 1668/1676
f 2612/2628 2611/2627 2613/2629 2614/2630
f 2612/2628 2614/2630 1672/1680 1670/1678
f 2614/2630 2613/2629 2615/2631 2616/2632
f 2614/2630 2616/2632 1674/1682 1672/1680
f 2616/2632 2615/2631 2617/2633 2618/2634
f 2616/2632 2618/2634 1676/1684 1674/1682
f 2618/2634 2617/2633 2619/2635 2620/2636
f 2618/2634 2620/2636 1678/1686 1676/1684
f 2620/2636 2619/2635 2621/2637 2622/2638
f 2620/2636 2622/2638 1680/1688 1678/1686
f 2622/2638 2621/2637 2623/2639 2624/2640
f 2622/2638 2624/2640 1682/1690 1680/1688
f 2624/2640 2623/2639 2625/2641 2626/2642
f 2624/2640 2626/2642 1684/1692 1682/1690
f 2626/2642 2625/2641 2627/2643 2628/2644
f 2626/2642 2628/2644 1686/1694 1684/1692
f 2628/2644 2627/2643 2629/2645 2630/2646
f 2628/2644 2630/2646 1688/1696 1686/1694
f 2630/2646 2629/2645 2631/2647 2632/2648
f 2630/2646 2632/2648 1690/1698 1688/1696
f 2632/2648 2631/2647 2633/2649 2634/2650
f 2632/2648 2634/2650 1692/1700 1690/1698
f 2634/2650 2633/2649 2635/2651 2636/2652
f 2634/2650 2636/2652 1694/1702 1692/1700
f 2636/2652 2635/2651 2637/2653 2638/2654
f 2636/2652 2638/2654 1696/1704 1694/1702
f 2638/2654 2637/2653 1721/1729 2639/2655
f 2638/2654 2639/2655 1698/1706 1696/1704
f 2639/2655 1721/1729 1717/1725 1716/1724
f 2639/2655 1716/1724 1700/1708 1698/1706
f 2637/2653 1726/1734 1722/1730 1721/1729
f 2637/2653 2635/2651 2640/2656 1726/1734
f 2640/2656 1731/1739 1727/1735 1726/1734
f 2640/2656 2635/2651 2633/2649 2641/2657
f 2640/2656 2641/2657 2642/2658 1731/1739
f 2642/2658 1736/1744 1732/1740 1731/1739
f 2642/2658 2641/2657 2643/2659 2644/2660
f 2642/2658 2644/2660 2645/2661 1736/1744
f 2645/2661 1741/1749 1737/1745 1736/1744
f 2645/2661 2644/2660 2646/2662 2647/2663
f 2645/2661 2647/2663 2648/2664 1741/1749
f 2648/2664 1746/1754 1742/1750 1741/1749
f 2648/2664 2647/2663 2649/2665 2650/2666
f 2648/2664 2650/2666 2651/2667 1746/1754
f 2651/2667 1751/1759 1747/1755 1746/1754
f 2651/2667 2650/2666 2652/2668 2653/2669
f 2651/2667 2653/2669 2654/2670 1751/1759
f 2654/2670 1756/1764 1752/1760 1751/1759
f 2654/2670 2653/2669 2655/2671 2656/2672
f 2654/2670 2656/2672 2657/2673 1756/1764
f 2657/2673 1761/1769 1757/1765 1756/1764
f 2657/2673 2656/2672 2658/2674 2659/2675
f 2657/2673 2659/2675 2660/2676 1761/1769
f 2660/2676 1766/1774 1762/1770 1761/1769
f 2660/2676 2659/2675 2661/2677 2662/2678
f 2660/2676 2662/2678 2663/2679 1766/1774
f 2663/2679 1771/1779 1767/1775 1766/1774
f 2663/2679 2662/2678 2664/2680 2665/2681
f 2663/2679 2665/2681 2666/2682 1771/1779
f 2666/2682 1776/1784 1772/1780 1771/1779
f 2666/2682 2665/2681 2667/2683 2668/2684
f 2666/2682 2668/2684 2669/2685 1776/1784
f 2669/2685 1781/1789 1777/1785 1776/1784
f 2669/2685 2668/2684 2670/2686 2671/2687
f 2669/2685 2671/2687 2672/2688 1781/1789
f 2672/2688 1786/1794 1782/1790 1781/1789
f 2672/2688 2671/2687 2673/2689 2674/2690
f 2672/2688 2674/2690 2675/2691 1786/1794
f 2675/2691 1791/1799 1787/1795 1786/1794
f 2675/2691 2674/2690 2676/2692 2677/2693
f 2675/2691 2677/2693 2678/2694 1791/1799
f 2678/2694 1796/1804 1792/1800 1791/1799
f 2678/2694 2677/2693 2679/2695 2680/2696
f 2678/2694 2680/2696 2681/2697 1796/1804
f 2681/2697 1801/1809 1797/1805 1796/1804
f 2681/2697 2680/2696 2682/2698 2683/2699
f 2681/2697 2683/2699 2684/2700 1801/1809
f 2684/2700 1806/1814 1802/1810 1801/1809
f 2684/2700 2683/2699 2685/2701 2686/2702
f 2684/2700 2686/2702 2687/2703 1806/1814
f 2687/2703 1811/1819 1807/1815 1806/1814
f 2687/2703 2686/2702 2688/2704 2689/2705
f 2687/2703 2689/2705 2690/2706 1811/1819
f 2690/2706 1816/1824 1812/1820 1811/1819
f 2690/2706 2689/2705 2691/2707 2692/2708
f 2690/2706 2692/2708 2693/2709 1816/1824
f 2693/2709 1821/1829 1817/1825 1816/1824
f 2693/2709 2692/2708 2694/2710 2695/2711
f 2693/2709 2695/2711 2696/2712 1821/1829
f 2696/2712 1826/1834 1822/1830 1821/1829
f 2696/2712 2695/2711 2697/2713 2698/2714
f 2696/2712 2698/2714 2699/2715 1826/1834
f 2699/2715 1831/1839 1827/1835 1826/1834
f 2699/2715 2698/2714 2700/2716 2701/2717
f 2699/2715 2701/2717 2702/2718 1831/1839
f 2702/2718 1836/1844 1832/1840 1831/1839
f 2702/2718 2701/2717 2703/2719 2704/2720
f 2702/2718 2704/2720 2705/2721 1836/1844
f 2705/2721 1841/1849 1837/1845 1836/1844
f 2705/2721 2704/2720 2706/2722 2707/2723
f 2705/2721 2707/2723 2708/2724 1841/1849
f 2708/2724 1846/1854 1842/1850 1841/1849
f 2708/2724 2707/2723 2709/2725 2470/2486
f 2708/2724 2470/2486 2468/2484 1846/1854
f 2709/2725 2707/2723 2706/2722 2710/2726
f 2709/2725 2710/2726 2711/2727 2473/2489
f 2709/2725 2473/2489 2471/2487 2470/2486
f 2711/2727 2710/2726 2712/2728 2713/2729
f 2711/2727 2713/2729 2714/2730 2476/2492
f 2711/2727 2476/2492 2474/2490 2473/2489
f 2714/2730 2713/2729 2715/2731 2716/2732
f 2714/2730 2716/2732 2481/2497 2479/2495
f 2714/2730 2479/2495 2477/2493 2476/2492
f 2716/2732 2715/2731 2717/2733 2718/2734
f 2716/2732 2718/2734 2483/2499 2481/2497
f 2718/2734 2717/2733 2719/2735 2720/2736
f 2718/2734 2720/2736 2721/2737 2483/2499
f 2721/2737 2720/2736 2722/2738 2723/2739
f 2721/2737 2723/2739 2724/2740 2486/2502
f 2721/2737 2486/2502 2484/2500 2483/2499
f 2724/2740 2723/2739 2725/2741 2726/2742
f 2724/2740 2726/2742 2491/2507 2489/2505
f 2724/2740 2489/2505 2487/2503 2486/2502
f 2726/2742 2725/2741 2727/2743 2728/2744
f 2726/2742 2728/2744 2493/2509 2491/2507
f 2728/2744 2727/2743 2729/2745 2730/2746
f 2728/2744 2730/2746 2495/2511 2493/2509
f 2730/2746 2729/2745 2731/2747 2732/2748
f 2730/2746 2732/2748 2497/2513 2495/2511
f 2732/2748 2731/2747 2733/2749 2734/2750
f 2732/2748 2734/2750 2499/2515 2497/2513
f 2734/2750 2733/2749 2735/2751 2736/2752
f 2734/2750 2736/2752 2737/2753 2499/2515
f 2737/2753 2736/2752 2738/2754 2739/2755
f 2737/2753 2739/2755 2740/2756 2502/2518
f 2737/2753 2502/2518 2500/2516 2499/2515
f 2740/2756 2739/2755 2741/2757 2742/2758
f 2740/2756 2742/2758 2743/2759 2505/2521
f 2740/2756 2505/2521 2503/2519 2502/2518
f 2743/2759 2742/2758 2744/2760 2745/2761
f 2743/2759 2745/2761 2746/2762 2508/2524
f 2743/2759 2508/2524 2506/2522 2505/2521
f 2746/2762 2745/2761 2747/2763 2748/2764
f 2746/2762 2748/2764 2749/2765 2511/2527
f 2746/2762 2511/2527 2509/2525 2508/2524
f 2749/2765 2748/2764 2750/2766 2751/2767
f 2749/2765 2751/2767 2752/2768 2514/2530
f 2749/2765 2514/2530 2512/2528 2511/2527
f 2752/2768 2751/2767 2753/2769 2754/2770
f 2752/2768 2754/2770 2755/2771 2517/2533
f 2752/2768 2517/2533 2515/2531 2514/2530
f 2755/2771 2754/2770 2756/2772 2757/2773
f 2755/2771 2757/2773 2758/2774 2759/2775
f 2755/2771 2759/2775 2518/2534 2517/2533
f 2759/2775 2758/2774 2760/2776 2761/2777
f 2759/2775 2761/2777 2519/2535 2518/2534
f 2761/2777 2760/2776 2762/2778 2763/2779
f 2761/2777 2763/2779 2521/2537 2519/2535
f 2763/2779 2762/2778 2764/2780 2765/2781
f 2763/2779 2765/2781 2523/2539 2521/2537
f 2765/2781 2764/2780 2766/2782 2767/2783
f 2765/2781 2767/2783 2525/2541 2523/2539
f 2767/2783 2766/2782 2768/2784 2769/2785
f 2767/2783 2769/2785 2527/2543 2525/2541
f 2769/2785 2768/2784 2770/2786 2771/2787
f 2769/2785 2771/2787 2529/2545 2527/2543
f 2771/2787 2770/2786 2772/2788 2773/2789
f 2771/2787 2773/2789 2531/2547 2529/2545
f 2773/2789 2772/2788 2539/2555 2537/2553
f 2773/2789 2537/2553 2533/2549 2531/2547
f 2772/2788 2770/2786 2774/2790 2775/2791
f 2772/2788 2775/2791 2541/2557 2539/2555
f 2775/2791 2774/2790 2776/2792 2546/2562
f 2775/2791 2546/2562 2543/2559 2541/2557
f 2776/2792 2774/2790 2777/2793 2778/2794
f 2776/2792 2778/2794 2779/2795 2549/2565
f 2776/2792 2549/2565 2547/2563 2546/2562
f 2779/2795 2778/2794 2780/2796 2781/2797
f 2779/2795 2781/2797 2555/2571 2553/2569
f 2779/2795 2553/2569 2550/2566 2549/2565
f 2781/2797 2780/2796 2782/2798 2783/2799
f 2781/2797 2783/2799 2557/2573 2555/2571
f 2783/2799 2782/2798 2784/2800 2785/2801
f 2783/2799 2785/2801 2559/2575 2557/2573
f 2785/2801 2784/2800 2786/2802 2787/2803
f 2785/2801 2787/2803 2561/2577 2559/2575
f 2787/2803 2786/2802 2788/2804 2789/2805
f 2787/2803 2789/2805 2563/2579 2561/2577
f 2789/2805 2788/2804 2790/2806 2791/2807
f 2789/2805 2791/2807 2565/2581 2563/2579
f 2791/2807 2790/2806 2792/2808 2793/2809
f 2791/2807 2793/2809 2567/2583 2565/2581
f 2793/2809 2792/2808 2794/2810 2795/2811
f 2793/2809 2795/2811 2569/2585 2567/2583
f 2795/2811 2794/2810 2796/2812 2797/2813
f 2795/2811 2797/2813 2571/2587 2569/2585
f 2797/2813 2796/2812 2798/2814 2799/2815
f 2797/2813 2799/2815 2573/2589 2571/2587
f 2799/2815 2798/2814 2800/2816 2801/2817
f 2799/2815 2801/2817 2575/2591 2573/2589
f 2801/2817 2800/2816 2802/2818 2803/2819
f 2801/2817 2803/2819 2577/2593 2575/2591
f 2803/2819 2802/2818 2804/2820 2805/2821
f 2803/2819 2805/2821 2579/2595 2577/2593
f 2805/2821 2804/2820 2806/2822 2807/2823
f 2805/2821 2807/2823 2581/2597 2579/2595
f 2807/2823 2806/2822 2808/2824 2809/2825
f 2807/2823 2809/2825 2583/2599 2581/2597
f 2809/2825 2808/2824 2810/2826 2811/2827
f 2809/2825 2811/2827 2585/2601 2583/2599
f 2811/2827 2810/2826 2812/2828 2813/2829
f 2811/2827 2813/2829 2587/2603 2585/2601
f 2813/2829 2812/2828 2814/2830 2815/2831
f 2813/2829 2815/2831 2589/2605 2587/2603
f 2815/2831 2814/2830 2816/2832 2817/2833
f 2815/2831 2817/2833 2591/2607 2589/2605
f 2817/2833 2816/2832 2818/2834 2819/2835
f 2817/2833 2819/2835 2593/2609 2591/2607
f 2819/2835 2818/2834 2820/2836 2821/2837
f 2819/2835 2821/2837 2595/2611 2593/2609
f 2821/2837 2820/2836 2822/2838 2823/2839
f 2821/2837 2823/2839 2597/2613 2595/2611
f 2823/2839 2822/2838 2824/2840 2825/2841
f 2823/2839 2825/2841 2599/2615 2597/2613
f 2825/2841 2824/2840 2826/2842 2827/2843
f 2825/2841 2827/2843 2601/2617 2599/2615
f 2827/2843 2826/2842 2828/2844 2829/2845
f 2827/2843 2829/2845 2603/2619 2601/2617
f 2829/2845 2828/2844 2830/2846 2831/2847
f 2829/2845 2831/2847 2605/2621 2603/2619
f 2831/2847 2830/2846 2832/2848 2833/2849
f 2831/2847 2833/2849 2607/2623 2605/2621
f 2833/2849 2832/2848 2834/2850 2835/2851
f 2833/2849 2835/2851 2609/2625 2607/2623
f 2835/2851 2834/2850 2836/2852 2837/2853
f 2835/2851 2837/2853 2611/2627 2609/2625
f 2837/2853 2836/2852 2838/2854 2839/2855
f 2837/2853 2839/2855 2613/2629 2611/2627
f 2839/2855 2838/2854 2840/2856 2841/2857
f 2839/2855 2841/2857 2615/2631 2613/2629
f 2841/2857 2840/2856 2842/2858 2843/2859
f 2841/2857 2843/2859 2617/2633 2615/2631
f 2843/2859 2842/2858 2844/2860 2845/2861
f 2843/2859 2845/2861 2619/2635 2617/2633
f 2845/2861 2844/2860 2846/2862 2847/2863
f 2845/2861 2847/2863 2621/2637 2619/2635
f 2847/2863 2846/2862 2848/2864 2849/2865
f 2847/2863 2849/2865 2623/2639 2621/2637
f 2849/2865 2848/2864 2850/2866 2851/2867
f 2849/2865 2851/2867 2625/2641 2623/2639
f 2851/2867 2850/2866 2852/2868 2853/2869
f 2851/2867 2853/2869 2627/2643 2625/2641
f 2853/2869 2852/2868 2646/2662 2854/2870
f 2853/2869 2854/2870 2629/2645 2627/2643
f 2854/2870 2646/2662 2644/2660 2643/2659
f 2854/2870 2643/2659 2631/2647 2629/2645
f 2852/2868 2649/2665 2647/2663 2646/2662
f 2852/2868 2850/2866 2855/2871 2649/2665
f 2855/2871 2652/2668 2650/2666 2649/2665
f 2855/2871 2850/2866 2848/2864 2856/2872
f 2855/2871 2856/2872 2857/2873 2652/2668
f 2857/2873 2655/2671 2653/2669 2652/2668
f 2857/2873 2856/2872 2858/2874 2859/2875
f 2857/2873 2859/2875 2860/2876 2655/2671
f 2860/2876 2658/2674 2656/2672 2655/2671
f 2860/2876 2859/2875 2861/2877 2862/2878
f 2860/2876 2862/2878 2863/2879 2658/2674
f 2863/2879 2661/2677 2659/2675 2658/2674
f 2863/2879 2862/2878 2864/2880 2865/2881
f 2863/2879 2865/2881 2866/2882 2661/2677
f 2866/2882 2664/2680 2662/2678 2661/2677
f 2866/2882 2865/2881 2867/2883 2868/2884
f 2866/2882 2868/2884 2869/2885 2664/2680
f 2869/2885 2667/2683 2665/2681 2664/2680
f 2869/2885 2868/2884 2870/2886 2871/2887
f 2869/2885 2871/2887 2872/2888 2667/2683
f 2872/2888 2670/2686 2668/2684 2667/2683
f 2872/2888 2871/2887 2873/2889 2874/2890
f 2872/2888 2874/2890 2875/2891 2670/2686
f 2875/2891 2673/2689 2671/2687 2670/2686
f 2875/2891 2874/2890 2876/2892 2877/2893
f 2875/2891 2877/2893 2878/2894 2673/2689
f 2878/2894 2676/2692 2674/2690 2673/2689
f 2878/2894 2877/2893 2879/2895 2880/2896
f 2878/2894 2880/2896 2881/2897 2676/2692
f 2881/2897 2679/2695 2677/2693 2676/2692
f 2881/2897 2880/2896 2882/2898 2883/2899
f 2881/2897 2883/2899 2884/2900 2679/2695
f 2884/2900 2682/2698 2680/2696 2679/2695
f 2884/2900 2883/2899 2885/2901 2886/2902
f 2884/2900 2886/2902 2887/2903 2682/2698
f 2887/2903 2685/2701 2683/2699 2682/2698
f 2887/2903 2886/2902 2888/2904 2889/2905
f 2887/2903 2889/2905 2890/2906 2685/2701
f 2890/2906 2688/2704 2686/2702 2685/2701
f 2890/2906 2889/2905 2891/2907 2892/2908
f 2890/2906 2892/2908 2893/2909 2688/2704
f 2893/2909 2691/2707 2689/2705 2688/2704
f 2893/2909 2892/2908 2894/2910 2895/2911
f 2893/2909 2895/2911 2896/2912 2691/2707
f 2896/2912 2694/2710 2692/2708 2691/2707
f 2896/2912 2895/2911 2897/2913 2898/2914
f 2896/2912 2898/2914 2899/2915 2694/2710
f 2899/2915 2697/2713 2695/2711 2694/2710
f 2899/2915 2898/2914 2900/2916 2901/2917
f 2899/2915 2901/2917 2902/2918 2697/2713
f 2902/2918 2700/2716 2698/2714 2697/2713
f 2902/2918 2901/2917 2903/2919 2904/2920
f 2902/2918 2904/2920 2905/2921 2700/2716
f 2905/2921 2703/2719 2701/2717 2700/2716
f 2905/2921 2904/2920 2906/2922 2907/2923
f 2905/2921 2907/2923 2908/2924 2703/2719
f 2908/2924 2706/2722 2704/2720 2703/2719
f 2908/2924 2907/2923 2909/2925 2712/2728
f 2908/2924 2712/2728 2710/2726 2706/2722
f 2909/2925 2907/2923 2906/2922 2910/2926
f 2909/2925 2910/2926 2717/2733 2715/2731
f 2909/2925 2715/2731 2713/2729 2712/2728
f 2910/2926 2906/2922 2911/2927 2912/2928
f 2910/2926 2912/2928 2719/2735 2717/2733
f 2912/2928 2911/2927 2913/2929 2914/2930
f 2912/2928 2914/2930 2915/2931 2719/2735
f 2915/2931 2914/2930 2916/2932 2917/2933
f 2915/2931 2917/2933 2918/2934 2722/2738
f 2915/2931 2722/2738 2720/2736 2719/2735
f 2918/2934 2917/2933 2919/2935 2920/2936
f 2918/2934 2920/2936 2727/2743 2725/2741
f 2918/2934 2725/2741 2723/2739 2722/2738
f 2920/2936 2919/2935 2921/2937 2922/2938
f 2920/2936 2922/2938 2729/2745 2727/2743
f 2922/2938 2921/2937 2923/2939 2924/2940
f 2922/2938 2924/2940 2731/2747 2729/2745
f 2924/2940 2923/2939 2925/2941 2926/2942
f 2924/2940 2926/2942 2733/2749 2731/2747
f 2926/2942 2925/2941 2927/2943 2928/2944
f 2926/2942 2928/2944 2735/2751 2733/2749
f 2928/2944 2927/2943 2929/2945 2930/2946
f 2928/2944 2930/2946 2931/2947 2735/2751
f 2931/2947 2930/2946 2932/2948 2933/2949
f 2931/2947 2933/2949 2934/2950 2738/2754
f 2931/2947 2738/2754 2736/2752 2735/2751
f 2934/2950 2933/2949 2935/2951 2936/2952
f 2934/2950 2936/2952 2937/2953 2741/2757
f 2934/2950 2741/2757 2739/2755 2738/2754
f 2937/2953 2936/2952 2938/2954 2939/2955
f 2937/2953 2939/2955 2940/2956 2744/2760
f 2937/2953 2744/2760 2742/2758 2741/2757
f 2940/2956 2939/2955 2941/2957 2942/2958
f 2940/2956 2942/2958 2943/2959 2747/2763
f 2940/2956 2747/2763 2745/2761 2744/2760
f 2943/2959 2942/2958 2944/2960 2945/2961
f 2943/2959 2945/2961 2946/2962 2750/2766
f 2943/2959 2750/2766 2748/2764 2747/2763
f 2946/2962 2945/2961 2947/2963 2948/2964
f 2946/2962 2948/2964 2949/2965 2753/2769
f 2946/2962 2753/2769 2751/2767 2750/2766
f 2949/2965 2948/2964 2950/2966 2951/2967
f 2949/2965 2951/2967 2952/2968 2756/2772
f 2949/2965 2756/2772 2754/2770 2753/2769
f 2952/2968 2951/2967 2794/2810 2792/2808
f 2952/2968 2792/2808 2790/2806 2953/2969
f 2952/2968 2953/2969 2757/2773 2756/2772
f 2953/2969 2790/2806 2788/2804 2954/2970
f 2953/2969 2954/2970 2758/2774 2757/2773
f 2954/2970 2788/2804 2786/2802 2955/2971
f 2954/2970 2955/2971 2760/2776 2758/2774
f 2955/2971 2786/2802 2784/2800 2956/2972
f 2955/2971 2956/2972 2762/2778 2760/2776
f 2956/2972 2784/2800 2782/2798 2957/2973
f 2956/2972 2957/2973 2764/2780 2762/2778
f 2957/2973 2782/2798 2780/2796 2958/2974
f 2957/2973 2958/2974 2766/2782 2764/2780
f 2958/2974 2780/2796 2778/2794 2777/2793
f 2958/2974 2777/2793 2768/2784 2766/2782
f 2951/2967 2950/2966 2796/2812 2794/2810
f 2950/2966 2948/2964 2947/2963 2959/2975
f 2950/2966 2959/2975 2798/2814 2796/2812
f 2959/2975 2947/2963 2960/2976 2961/2977
f 2959/2975 2961/2977 2800/2816 2798/2814
f 2961/2977 2960/2976 2962/2978 2963/2979
f 2961/2977 2963/2979 2802/2818 2800/2816
f 2963/2979 2962/2978 2964/2980 2965/2981
f 2963/2979 2965/2981 2804/2820 2802/2818
f 2965/2981 2964/2980 2966/2982 2967/2983
f 2965/2981 2967/2983 2806/2822 2804/2820
f 2967/2983 2966/2982 2968/2984 2969/2985
f 2967/2983 2969/2985 2808/2824 2806/2822
f 2969/2985 2968/2984 2970/2986 2971/2987
f 2969/2985 2971/2987 2810/2826 2808/2824
f 2971/2987 2970/2986 2972/2988 2973/2989
f 2971/2987 2973/2989 2812/2828 2810/2826
f 2973/2989 2972/2988 2974/2990 2975/2991
f 2973/2989 2975/2991 2814/2830 2812/2828
f 2975/2991 2974/2990 2976/2992 2977/2993
f 2975/2991 2977/2993 2816/2832 2814/2830
f 2977/2993 2976/2992 2978/2994 2979/2995
f 2977/2993 2979/2995 2818/2834 2816/2832
f 2979/2995 2978/2994 2980/2996 2981/2997
f 2979/2995 2981/2997 2820/2836 2818/2834
f 2981/2997 2980/2996 2982/2998 2983/2999
f 2981/2997 2983/2999 2822/2838 2820/2836
f 2983/2999 2982/2998 2984/3000 2985/3001
f 2983/2999 2985/3001 2824/2840 2822/2838
f 2985/3001 2984/3000 2986/3002 2987/3003
f 2985/3001 2987/3003 2826/2842 2824/2840
f 2987/3003 2986/3002 2988/3004 2989/3005
f 2987/3003 2989/3005 2828/2844 2826/2842
f 2989/3005 2988/3004 2990/3006 2991/3007
f 2989/3005 2991/3007 2830/2846 2828/2844
f 2991/3007 2990/3006 2992/3008 2993/3009
f 2991/3007 2993/3009 2832/2848 2830/2846
f 2993/3009 2992/3008 2994/3010 2995/3011
f 2993/3009 2995/3011 2834/2850 2832/2848
f 2995/3011 2994/3010 2996/3012 2997/3013
f 2995/3011 2997/3013 2836/2852 2834/2850
f 2997/3013 2996/3012 2998/3014 2999/3015
f 2997/3013 2999/3015 2838/2854 2836/2852
f 2999/3015 2998/3014 3000/3016 3001/3017
f 2999/3015 3001/3017 2840/2856 2838/2854
f 3001/3017 3000/3016 3002/3018 3003/3019
f 3001/3017 3003/3019 2842/2858 2840/2856
f 3003/3019 3002/3018 2861/2877 3004/3020
f 3003/3019 3004/3020 2844/2860 2842/2858
f 3004/3020 2861/2877 2859/2875 2858/2874
f 3004/3020 2858/2874 2846/2862 2844/2860
f 3002/3018 2864/2880 2862/2878 2861/2877
f 3002/3018 3000/3016 3005/3021 2864/2880
f 3005/3021 2867/2883 2865/2881 2864/2880
f 3005/3021 3000/3016 2998/3014 3006/3022
f 3005/3021 3006/3022 3007/3023 2867/2883
f 3007/3023 2870/2886 2868/2884 2867/2883
f 3007/3023 3006/3022 3008/3024 3009/3025
f 3007/3023 3009/3025 3010/3026 2870/2886
f 3010/3026 2873/2889 2871/2887 2870/2886
f 3010/3026 3009/3025 3011/3027 3012/3028
f 3010/3026 3012/3028 3013/3029 2873/2889
f 3013/3029 2876/2892 2874/2890 2873/2889
f 3013/3029 3012/3028 3014/3030 3015/3031
f 3013/3029 3015/3031 3016/3032 2876/2892
f 3016/3032 2879/2895 2877/2893 2876/2892
f 3016/3032 3015/3031 3017/3033 3018/3034
f 3016/3032 3018/3034 3019/3035 2879/2895
f 3019/3035 2882/2898 2880/2896 2879/2895
f 3019/3035 3018/3034 3020/3036 3021/3037
f 3019/3035 3021/3037 3022/3038 2882/2898
f 3022/3038 2885/2901 2883/2899 2882/2898
f 3022/3038 3021/3037 3023/3039 3024/3040
f 3022/3038 3024/3040 3025/3041 2885/2901
f 3025/3041 2888/2904 2886/2902 2885/2901
f 3025/3041 3024/3040 3026/3042 3027/3043
f 3025/3041 3027/3043 3028/3044 2888/2904
f 3028/3044 2891/2907 2889/2905 2888/2904
f 3028/3044 3027/3043 3029/3045 3030/3046
f 3028/3044 3030/3046 3031/3047 2891/2907
f 3031/3047 2894/2910 2892/2908 2891/2907
f 3031/3047 3030/3046 3032/3048 3033/3049
f 3031/3047 3033/3049 3034/3050 2894/2910
f 3034/3050 2897/2913 2895/2911 2894/2910
f 3034/3050 3033/3049 3035/3051 3036/3052
f 3034/3050 3036/3052 3037/3053 2897/2913
f 3037/3053 2900/2916 2898/2914 2897/2913
f 3037/3053 3036/3052 3038/3054 3039/3055
f 3037/3053 3039/3055 3040/3056 2900/2916
f 3040/3056 2903/2919 2901/2917 2900/2916
f 3040/3056 3039/3055 3041/3057 2913/2929
f 3040/3056 2913/2929 2911/2927 2903/2919
f 3041/3057 3039/3055 3038/3054 3042/3058
f 3041/3057 3042/3058 3043/3059 2916/2932
f 3041/3057 2916/2932 2914/2930 2913/2929
f 3043/3059 3042/3058 3044/3060 3045/3061
f 3043/3059 3045/3061 2921/2937 2919/2935
f 3043/3059 2919/2935 2917/2933 2916/2932
f 3045/3061 3044/3060 3046/3062 3047/3063
f 3045/3061 3047/3063 2923/2939 2921/2937
f 3047/3063 3046/3062 3048/3064 3049/3065
f 3047/3063 3049/3065 2925/2941 2923/2939
f 3049/3065 3048/3064 3050/3066 3051/3067
f 3049/3065 3051/3067 2927/2943 2925/2941
f 3051/3067 3050/3066 3052/3068 3053/3069
f 3051/3067 3053/3069 2929/2945 2927/2943
f 3053/3069 3052/3068 3054/3070 3055/3071
f 3053/3069 3055/3071 3056/3072 2929/2945
f 3056/3072 3055/3071 3057/3073 3058/3074
f 3056/3072 3058/3074 3059/3075 2932/2948
f 3056/3072 2932/2948 2930/2946 2929/2945
f 3059/3075 3058/3074 3060/3076 3061/3077
f 3059/3075 3061/3077 3062/3078 2935/2951
f 3059/3075 2935/2951 2933/2949 2932/2948
f 3062/3078 3061/3077 3063/3079 3064/3080
f 3062/3078 3064/3080 3065/3081 2938/2954
f 3062/3078 2938/2954 2936/2952 2935/2951
f 3065/3081 3064/3080 3066/3082 3067/3083
f 3065/3081 3067/3083 3068/3084 2941/2957
f 3065/3081 2941/2957 2939/2955 2938/2954
f 3068/3084 3067/3083 2964/2980 2962/2978
f 3068/3084 2962/2978 2960/2976 2944/2960
f 3068/3084 2944/2960 2942/2958 2941/2957
f 3067/3083 3066/3082 2966/2982 2964/2980
f 3066/3082 3064/3080 3063/3079 3069/3085
f 3066/3082 3069/3085 2968/2984 2966/2982
f 3069/3085 3063/3079 3070/3086 3071/3087
f 3069/3085 3071/3087 2970/2986 2968/2984
f 3071/3087 3070/3086 3072/3088 3073/3089
f 3071/3087 3073/3089 2972/2988 2970/2986
f 3073/3089 3072/3088 3074/3090 3075/3091
f 3073/3089 3075/3091 2974/2990 2972/2988
f 3075/3091 3074/3090 3076/3092 3077/3093
f 3075/3091 3077/3093 2976/2992 2974/2990
f 3077/3093 3076/3092 3078/3094 3079/3095
f 3077/3093 3079/3095 2978/2994 2976/2992
f 3079/3095 3078/3094 3080/3096 3081/3097
f 3079/3095 3081/3097 2980/2996 2978/2994
f 3081/3097 3080/3096 3082/3098 3083/3099
f 3081/3097 3083/3099 2982/2998 2980/2996
f 3083/3099 3082/3098 3084/3100 3085/3101
f 3083/3099 3085/3101 2984/3000 2982/2998
f 3085/3101 3084/3100 3086/3102 3087/3103
f 3085/3101 3087/3103 2986/3002 2984/3000
f 3087/3103 3086/3102 3088/3104 3089/3105
f 3087/3103 3089/3105 2988/3004 2986/3002
f 3089/3105 3088/3104 3090/3106 3091/3107
f 3089/3105 3091/3107 2990/3006 2988/3004
f 3091/3107 3090/3106 3092/3108 3093/3109
f 3091/3107 3093/3109 2992/3008 2990/3006
f 3093/3109 3092/3108 3011/3027 3094/3110
f 3093/3109 3094/3110 2994/3010 2992/3008
f 3094/3110 3011/3027 3009/3025 3008/3024
f 3094/3110 3008/3024 2996/3012 2994/3010
f 3092/3108 3014/3030 3012/3028 3011/3027
f 3092/3108 3090/3106 3095/3111 3014/3030
f 3095/3111 3017/3033 3015/3031 3014/3030
f 3095/3111 3090/3106 3088/3104 3096/3112
f 3095/3111 3096/3112 3097/3113 3017/3033
f 3097/3113 3020/3036 3018/3034 3017/3033
f 3097/3113 3096/3112 3098/3114 3099/3115
f 3097/3113 3099/3115 3100/3116 3020/3036
f 3100/3116 3023/3039 3021/3037 3020/3036
f 3100/3116 3099/3115 3101/3117 3102/3118
f 3100/3116 3102/3118 3103/3119 3023/3039
f 3103/3119 3026/3042 3024/3040 3023/3039
f 3103/3119 3102/3118 3104/3120 3105/3121
f 3103/3119 3105/3121 3106/3122 3026/3042
f 3106/3122 3029/3045 3027/3043 3026/3042
f 3106/3122 3105/3121 3107/3123 3108/3124
f 3106/3122 3108/3124 3109/3125 3029/3045
f 3109/3125 3032/3048 3030/3046 3029/3045
f 3109/3125 3108/3124 3110/3126 3111/3127
f 3109/3125 3111/3127 3112/3128 3032/3048
f 3112/3128 3035/3051 3033/3049 3032/3048
f 3112/3128 3111/3127 3113/3129 3114/3130
f 3112/3128 3114/3130 3115/3131 3035/3051
f 3115/3131 3038/3054 3036/3052 3035/3051
f 3115/3131 3114/3130 3046/3062 3044/3060
f 3115/3131 3044/3060 3042/3058 3038/3054
f 3114/3130 3113/3129 3048/3064 3046/3062
f 3113/3129 3111/3127 3110/3126 3116/3132
f 3113/3129 3116/3132 3050/3066 3048/3064
f 3116/3132 3110/3126 3117/3133 3118/3134
f 3116/3132 3118/3134 3052/3068 3050/3066
f 3118/3134 3117/3133 3119/3135 3120/3136
f 3118/3134 3120/3136 3054/3070 3052/3068
f 3120/3136 3119/3135 3121/3137 3122/3138
f 3120/3136 3122/3138 3123/3139 3054/3070
f 3123/3139 3122/3138 3124/3140 3125/3141
f 3123/3139 3125/3141 3126/3142 3057/3073
f 3123/3139 3057/3073 3055/3071 3054/3070
f 3126/3142 3125/3141 3074/3090 3072/3088
f 3126/3142 3072/3088 3070/3086 3060/3076
f 3126/3142 3060/3076 3058/3074 3057/3073
f 3125/3141 3124/3140 3076/3092 3074/3090
f 3124/3140 3122/3138 3121/3137 3127/3143
f 3124/3140 3127/3143 3078/3094 3076/3092
f 3127/3143 3121/3137 3128/3144 3129/3145
f 3127/3143 3129/3145 3080/3096 3078/3094
f 3129/3145 3128/3144 3130/3146 3131/3147
f 3129/3145 3131/3147 3082/3098 3080/3096
f 3131/3147 3130/3146 3101/3117 3132/3148
f 3131/3147 3132/3148 3084/3100 3082/3098
f 3132/3148 3101/3117 3099/3115 3098/3114
f 3132/3148 3098/3114 3086/3102 3084/3100
f 3130/3146 3104/3120 3102/3118 3101/3117
f 3130/3146 3128/3144 3133/3149 3104/3120
f 3133/3149 3107/3123 3105/3121 3104/3120
f 3133/3149 3128/3144 3121/3137 3119/3135
f 3133/3149 3119/3135 3117/3133 3107/3123
f 3117/3133 3110/3126 3108/3124 3107/3123
f 3098/3114 3096/3112 3088/3104 3086/3102
f 3070/3086 3063/3079 3061/3077 3060/3076
f 3008/3024 3006/3022 2998/3014 2996/3012
f 2960/2976 2947/2963 2945/2961 2944/2960
f 2911/2927 2906/2922 2904/2920 2903/2919
f 2858/2874 2856/2872 2848/2864 2846/2862
f 2777/2793 2774/2790 2770/2786 2768/2784
f 2643/2659 2641/2657 2633/2649 2631/2647
f 1716/1724 1712/1720 1702/1710 1700/1708
f 1708/1716 1321/1326 1319/1324 1318/1323
f 1468/1476 1465/1473 1463/1471 1462/1470
f 1208/1213 1206/1211 14/10 13/9
f 1184/1189 1177/1182 1175/1180 1174/1179
f 1067/1072 557/559 555/557 3134/3150
f 1067/1072 3134/3150 1062/1067 1061/1066
f 1067/1072 1066/1071 559/561 557/559
f 3134/3150 555/557 554/556 3135/3151
f 3134/3150 3135/3151 3136/3152 1062/1067
f 3136/3152 3135/3151 3137/3153 3138/3154
f 3136/3152 3138/3154 3139/3155 1057/1062
f 3136/3152 1057/1062 1056/1061 1062/1067
f 3139/3155 3138/3154 3140/3156 3141/3157
f 3139/3155 3141/3157 3142/3158 1052/1057
f 3139/3155 1052/1057 1051/1056 1057/1062
f 3142/3158 3141/3157 3143/3159 3144/3160
f 3142/3158 3144/3160 3145/3161 1047/1052
f 3142/3158 1047/1052 1046/1051 1052/1057
f 3145/3161 3144/3160 3146/3162 3147/3163
f 3145/3161 3147/3163 3148/3164 1042/1047
f 3145/3161 1042/1047 1041/1046 1047/1052
f 3148/3164 3147/3163 3149/3165 3150/3166
f 3148/3164 3150/3166 3151/3167 1037/1042
f 3148/3164 1037/1042 1036/1041 1042/1047
f 3151/3167 3150/3166 3152/3168 3153/3169
f 3151/3167 3153/3169 3154/3170 1032/1037
f 3151/3167 1032/1037 1031/1036 1037/1042
f 3154/3170 3153/3169 3155/3171 3156/3172
f 3154/3170 3156/3172 3157/3173 1027/1032
f 3154/3170 1027/1032 1026/1031 1032/1037
f 3157/3173 3156/3172 3158/3174 3159/3175
f 3157/3173 3159/3175 3160/3176 1022/1027
f 3157/3173 1022/1027 1021/1026 1027/1032
f 3160/3176 3159/3175 3161/3177 3162/3178
f 3160/3176 3162/3178 3163/3179 1017/1022
f 3160/3176 1017/1022 1016/1021 1022/1027
f 3163/3179 3162/3178 3164/3180 3165/3181
f 3163/3179 3165/3181 3166/3182 1012/1017
f 3163/3179 1012/1017 1011/1016 1017/1022
f 3166/3182 3165/3181 3167/3183 3168/3184
f 3166/3182 3168/3184 3169/3185 1007/1012
f 3166/3182 1007/1012 1006/1011 1012/1017
f 3169/3185 3168/3184 3170/3186 3171/3187
f 3169/3185 3171/3187 3172/3188 1002/1007
f 3169/3185 1002/1007 1001/1006 1007/1012
f 3172/3188 3171/3187 3173/3189 3174/3190
f 3172/3188 3174/3190 3175/3191 997/1002
f 3172/3188 997/1002 996/1001 1002/1007
f 3175/3191 3174/3190 3176/3192 3177/3193
f 3175/3191 3177/3193 3178/3194 992/997
f 3175/3191 992/997 991/996 997/1002
f 3178/3194 3177/3193 3179/3195 3180/3196
f 3178/3194 3180/3196 3181/3197 987/992
f 3178/3194 987/992 986/991 992/997
f 3181/3197 3180/3196 3182/3198 3183/3199
f 3181/3197 3183/3199 3184/3200 982/987
f 3181/3197 982/987 981/986 987/992
f 3184/3200 3183/3199 3185/3201 3186/3202
f 3184/3200 3186/3202 3187/3203 977/982
f 3184/3200 977/982 976/981 982/987
f 3187/3203 3186/3202 3188/3204 3189/3205
f 3187/3203 3189/3205 3190/3206 972/977
f 3187/3203 972/977 971/976 977/982
f 3190/3206 3189/3205 3191/3207 3192/3208
f 3190/3206 3192/3208 3193/3209 967/972
f 3190/3206 967/972 966/971 972/977
f 3193/3209 3192/3208 3194/3210 3195/3211
f 3193/3209 3195/3211 3196/3212 962/967
f 3193/3209 962/967 961/966 967/972
f 3196/3212 3195/3211 3197/3213 3198/3214
f 3196/3212 3198/3214 3199/3215 957/962
f 3196/3212 957/962 956/961 962/967
f 3199/3215 3198/3214 3200/3216 3201/3217
f 3199/3215 3201/3217 3202/3218 952/957
f 3199/3215 952/957 951/956 957/962
f 3202/3218 3201/3217 3203/3219 3204/3220
f 3202/3218 3204/3220 3205/3221 947/952
f 3202/3218 947/952 946/951 952/957
f 3205/3221 3204/3220 3206/3222 3207/3223
f 3205/3221 3207/3223 3208/3224 942/947
f 3205/3221 942/947 941/946 947/952
f 3208/3224 3207/3223 3209/3225 3210/3226
f 3208/3224 3210/3226 3211/3227 937/942
f 3208/3224 937/942 936/941 942/947
f 3211/3227 3210/3226 3212/3228 3213/3229
f 3211/3227 3213/3229 3214/3230 932/937
f 3211/3227 932/937 931/936 937/942
f 3214/3230 3213/3229 3215/3231 3216/3232
f 3214/3230 3216/3232 3217/3233 927/932
f 3214/3230 927/932 926/931 932/937
f 3217/3233 3216/3232 3218/3234 3219/3235
f 3217/3233 3219/3235 3220/3236 922/927
f 3217/3233 922/927 921/926 927/932
f 3220/3236 3219/3235 3221/3237 3222/3238
f 3220/3236 3222/3238 3223/3239 917/922
f 3220/3236 917/922 916/921 922/927
f 3223/3239 3222/3238 3224/3240 3225/3241
f 3223/3239 3225/3241 3226/3242 912/917
f 3223/3239 912/917 911/916 917/922
f 3226/3242 3225/3241 3227/3243 3228/3244
f 3226/3242 3228/3244 3229/3245 907/912
f 3226/3242 907/912 906/911 912/917
f 3229/3245 3228/3244 3230/3246 3231/3247
f 3229/3245 3231/3247 3232/3248 902/905
f 3229/3245 902/905 901/904 907/912
f 3232/3248 3231/3247 3233/3249 3234/3250
f 3232/3248 3234/3250 3235/3251 897/3252
f 3232/3248 897/3252 896/906 902/905
f 3235/3251 3234/3250 3236/3253 3237/3254
f 3235/3255 3237/3256 3238/3257 892/894
f 3235/3255 892/894 891/893 897/899
f 3238/3257 3237/3256 3239/3258 3240/3259
f 3238/3257 3240/3259 3241/3260 887/889
f 3238/3257 887/889 886/888 892/894
f 3241/3260 3240/3259 3242/3261 3243/3262
f 3241/3260 3243/3262 3244/3263 882/884
f 3241/3260 882/884 881/883 887/889
f 3244/3263 3243/3262 3245/3264 3246/3265
f 3244/3263 3246/3265 3247/3266 877/879
f 3244/3263 877/879 876/878 882/884
f 3247/3266 3246/3265 3248/3267 3249/3268
f 3247/3266 3249/3268 3250/3269 872/874
f 3247/3266 872/874 871/873 877/879
f 3250/3269 3249/3268 3251/3270 3252/3271
f 3250/3269 3252/3271 3253/3272 867/869
f 3250/3269 867/869 866/868 872/874
f 3253/3272 3252/3271 3254/3273 3255/3274
f 3253/3272 3255/3274 3256/3275 862/864
f 3253/3272 862/864 861/863 867/869
f 3256/3275 3255/3274 3257/3276 3258/3277
f 3256/3275 3258/3277 3259/3278 857/859
f 3256/3275 857/859 856/858 862/864
f 3259/3278 3258/3277 3260/3279 3261/3280
f 3259/3278 3261/3280 3262/3281 852/854
f 3259/3278 852/854 851/853 857/859
f 3262/3281 3261/3280 3263/3282 3264/3283
f 3262/3281 3264/3283 3265/3284 847/849
f 3262/3281 847/849 846/848 852/854
f 3265/3284 3264/3283 3266/3285 3267/3286
f 3265/3284 3267/3286 3268/3287 842/844
f 3265/3284 842/844 841/843 847/849
f 3268/3287 3267/3286 3269/3288 3270/3289
f 3268/3287 3270/3289 3271/3290 837/839
f 3268/3287 837/839 836/838 842/844
f 3271/3290 3270/3289 3272/3291 3273/3292
f 3271/3290 3273/3292 3274/3293 832/834
f 3271/3290 832/834 831/833 837/839
f 3274/3293 3273/3292 3275/3294 3276/3295
f 3274/3293 3276/3295 3277/3296 827/829
f 3274/3293 827/829 826/828 832/834
f 3277/3296 3276/3295 3278/3297 3279/3298
f 3277/3296 3279/3298 3280/3299 822/824
f 3277/3296 822/824 821/823 827/829
f 3280/3299 3279/3298 407/407 405/405
f 3280/3299 405/405 403/403 817/819
f 3280/3299 817/819 816/818 822/824
f 3279/3298 3278/3297 409/409 407/407
f 3278/3297 3281/3300 411/411 409/409
f 3278/3297 3276/3295 3275/3294 3281/3300
f 3281/3300 3282/3301 413/413 411/411
f 3281/3300 3275/3294 3283/3302 3282/3301
f 3283/3302 3284/3303 3285/3304 3282/3301
f 3283/3302 3275/3294 3273/3292 3272/3291
f 3283/3302 3272/3291 3286/3305 3284/3303
f 3286/3305 3287/3306 3288/3307 3284/3303
f 3286/3305 3272/3291 3270/3289 3269/3288
f 3286/3305 3269/3288 3289/3308 3287/3306
f 3289/3308 3290/3309 3291/3310 3287/3306
f 3289/3308 3269/3288 3267/3286 3266/3285
f 3289/3308 3266/3285 3292/3311 3290/3309
f 3292/3311 3293/3312 3294/3313 3290/3309
f 3292/3311 3266/3285 3264/3283 3263/3282
f 3292/3311 3263/3282 3295/3314 3293/3312
f 3295/3314 3296/3315 3297/3316 3293/3312
f 3295/3314 3263/3282 3261/3280 3260/3279
f 3295/3314 3260/3279 3298/3317 3296/3315
f 3298/3317 3299/3318 3300/3319 3296/3315
f 3298/3317 3260/3279 3258/3277 3257/3276
f 3298/3317 3257/3276 3301/3320 3299/3318
f 3301/3320 3302/3321 3303/3322 3299/3318
f 3301/3320 3257/3276 3255/3274 3254/3273
f 3301/3320 3254/3273 3304/3323 3302/3321
f 3304/3323 3305/3324 3306/3325 3302/3321
f 3304/3323 3254/3273 3252/3271 3251/3270
f 3304/3323 3251/3270 3307/3326 3305/3324
f 3307/3326 3308/3327 3309/3328 3305/3324
f 3307/3326 3251/3270 3249/3268 3248/3267
f 3307/3326 3248/3267 3310/3329 3308/3327
f 3310/3329 3311/3330 3312/3331 3308/3327
f 3310/3329 3248/3267 3246/3265 3245/3264
f 3310/3329 3245/3264 3313/3332 3311/3330
f 3313/3332 3314/3333 3315/3334 3311/3330
f 3313/3332 3245/3264 3243/3262 3242/3261
f 3313/3332 3242/3261 3316/3335 3314/3333
f 3316/3336 3317/3337 3318/3338 3314/3339
f 3316/3335 3242/3261 3240/3259 3239/3258
f 3316/3336 3239/3340 3319/3341 3317/3337
f 3319/3341 3320/3342 3321/3343 3317/3337
f 3319/3341 3239/3340 3237/3254 3236/3253
f 3319/3341 3236/3253 3322/3344 3320/3342
f 3322/3344 3323/3345 3324/3346 3320/3342
f 3322/3344 3236/3253 3234/3250 3233/3249
f 3322/3344 3233/3249 3325/3347 3323/3345
f 3325/3347 3326/3348 3327/3349 3323/3345
f 3325/3347 3233/3249 3231/3247 3230/3246
f 3325/3347 3230/3246 3328/3350 3326/3348
f 3328/3350 3329/3351 3330/3352 3326/3348
f 3328/3350 3230/3246 3228/3244 3227/3243
f 3328/3350 3227/3243 3331/3353 3329/3351
f 3331/3353 3332/3354 3333/3355 3329/3351
f 3331/3353 3227/3243 3225/3241 3224/3240
f 3331/3353 3224/3240 3334/3356 3332/3354
f 3334/3356 3335/3357 3336/3358 3332/3354
f 3334/3356 3224/3240 3222/3238 3221/3237
f 3334/3356 3221/3237 3337/3359 3335/3357
f 3337/3359 3338/3360 3339/3361 3335/3357
f 3337/3359 3221/3237 3219/3235 3218/3234
f 3337/3359 3218/3234 3340/3362 3338/3360
f 3340/3362 3341/3363 3342/3364 3338/3360
f 3340/3362 3218/3234 3216/3232 3215/3231
f 3340/3362 3215/3231 3343/3365 3341/3363
f 3343/3365 3344/3366 3345/3367 3341/3363
f 3343/3365 3215/3231 3213/3229 3212/3228
f 3343/3365 3212/3228 3346/3368 3344/3366
f 3346/3368 3347/3369 3348/3370 3344/3366
f 3346/3368 3212/3228 3210/3226 3209/3225
f 3346/3368 3209/3225 3349/3371 3347/3369
f 3349/3371 3350/3372 3351/3373 3347/3369
f 3349/3371 3209/3225 3207/3223 3206/3222
f 3349/3371 3206/3222 3352/3374 3350/3372
f 3352/3374 3353/3375 3354/3376 3350/3372
f 3352/3374 3206/3222 3204/3220 3203/3219
f 3352/3374 3203/3219 3355/3377 3353/3375
f 3355/3377 3356/3378 3357/3379 3353/3375
f 3355/3377 3203/3219 3201/3217 3200/3216
f 3355/3377 3200/3216 3358/3380 3356/3378
f 3358/3380 3359/3381 3360/3382 3356/3378
f 3358/3380 3200/3216 3198/3214 3197/3213
f 3358/3380 3197/3213 3361/3383 3359/3381
f 3361/3383 3362/3384 3363/3385 3359/3381
f 3361/3383 3197/3213 3195/3211 3194/3210
f 3361/3383 3194/3210 3364/3386 3362/3384
f 3364/3386 3365/3387 3366/3388 3362/3384
f 3364/3386 3194/3210 3192/3208 3191/3207
f 3364/3386 3191/3207 3367/3389 3365/3387
f 3367/3389 3368/3390 3369/3391 3365/3387
f 3367/3389 3191/3207 3189/3205 3188/3204
f 3367/3389 3188/3204 3370/3392 3368/3390
f 3370/3392 3371/3393 3372/3394 3368/3390
f 3370/3392 3188/3204 3186/3202 3185/3201
f 3370/3392 3185/3201 3373/3395 3371/3393
f 3373/3395 3374/3396 3375/3397 3371/3393
f 3373/3395 3185/3201 3183/3199 3182/3198
f 3373/3395 3182/3198 3376/3398 3374/3396
f 3376/3398 3377/3399 3378/3400 3374/3396
f 3376/3398 3182/3198 3180/3196 3179/3195
f 3376/3398 3179/3195 3379/3401 3377/3399
f 3379/3401 3380/3402 3381/3403 3377/3399
f 3379/3401 3179/3195 3177/3193 3176/3192
f 3379/3401 3176/3192 3382/3404 3380/3402
f 3382/3404 3383/3405 3384/3406 3380/3402
f 3382/3404 3176/3192 3174/3190 3173/3189
f 3382/3404 3173/3189 3385/3407 3383/3405
f 3385/3407 3386/3408 3387/3409 3383/3405
f 3385/3407 3173/3189 3171/3187 3170/3186
f 3385/3407 3170/3186 3388/3410 3386/3408
f 3388/3410 3389/3411 3390/3412 3386/3408
f 3388/3410 3170/3186 3168/3184 3167/3183
f 3388/3410 3167/3183 3391/3413 3389/3411
f 3391/3413 3392/3414 3393/3415 3389/3411
f 3391/3413 3167/3183 3165/3181 3164/3180
f 3391/3413 3164/3180 3394/3416 3392/3414
f 3394/3416 3395/3417 3396/3418 3392/3414
f 3394/3416 3164/3180 3162/3178 3161/3177
f 3394/3416 3161/3177 3397/3419 3395/3417
f 3397/3419 3398/3420 3399/3421 3395/3417
f 3397/3419 3161/3177 3159/3175 3158/3174
f 3397/3419 3158/3174 3400/3422 3398/3420
f 3400/3422 3401/3423 3402/3424 3398/3420
f 3400/3422 3158/3174 3156/3172 3155/3171
f 3400/3422 3155/3171 3403/3425 3401/3423
f 3403/3425 3404/3426 3405/3427 3401/3423
f 3403/3425 3155/3171 3153/3169 3152/3168
f 3403/3425 3152/3168 3406/3428 3404/3426
f 3406/3428 3407/3429 3408/3430 3404/3426
f 3406/3428 3152/3168 3150/3166 3149/3165
f 3406/3428 3149/3165 3409/3431 3407/3429
f 3409/3431 3410/3432 3411/3433 3407/3429
f 3409/3431 3149/3165 3147/3163 3146/3162
f 3409/3431 3146/3162 3412/3434 3410/3432
f 3412/3434 3413/3435 3414/3436 3410/3432
f 3412/3434 3146/3162 3144/3160 3143/3159
f 3412/3434 3143/3159 3415/3437 3413/3435
f 3415/3437 3416/3438 3417/3439 3413/3435
f 3415/3437 3143/3159 3141/3157 3140/3156
f 3415/3437 3140/3156 3418/3440 3416/3438
f 3418/3440 3419/3441 3420/3442 3416/3438
f 3418/3440 3140/3156 3138/3154 3137/3153
f 3418/3440 3137/3153 553/555 3419/3441
f 3420/3442 3421/3443 3422/3444 3423/3445
f 3420/3442 3423/3445 3417/3439 3416/3438
f 3420/3442 3419/3441 550/552 3421/3443
f 3423/3445 3422/3444 3424/3446 3425/3447
f 3423/3445 3425/3447 3426/3448 3417/3439
f 3426/3448 3425/3447 3427/3449 3428/3450
f 3426/3448 3428/3450 3429/3451 3414/3436
f 3426/3448 3414/3436 3413/3435 3417/3439
f 3429/3451 3428/3450 3430/3452 3431/3453
f 3429/3451 3431/3453 3432/3454 3411/3433
f 3429/3451 3411/3433 3410/3432 3414/3436
f 3432/3454 3431/3453 3433/3455 3434/3456
f 3432/3454 3434/3456 3435/3457 3408/3430
f 3432/3454 3408/3430 3407/3429 3411/3433
f 3435/3457 3434/3456 3436/3458 3437/3459
f 3435/3457 3437/3459 3438/3460 3405/3427
f 3435/3457 3405/3427 3404/3426 3408/3430
f 3438/3460 3437/3459 3439/3461 3440/3462
f 3438/3460 3440/3462 3441/3463 3402/3424
f 3438/3460 3402/3424 3401/3423 3405/3427
f 3441/3463 3440/3462 3442/3464 3443/3465
f 3441/3463 3443/3465 3444/3466 3399/3421
f 3441/3463 3399/3421 3398/3420 3402/3424
f 3444/3466 3443/3465 3445/3467 3446/3468
f 3444/3466 3446/3468 3447/3469 3396/3418
f 3444/3466 3396/3418 3395/3417 3399/3421
f 3447/3469 3446/3468 3448/3470 3449/3471
f 3447/3469 3449/3471 3450/3472 3393/3415
f 3447/3469 3393/3415 3392/3414 3396/3418
f 3450/3472 3449/3471 3451/3473 3452/3474
f 3450/3472 3452/3474 3453/3475 3390/3412
f 3450/3472 3390/3412 3389/3411 3393/3415
f 3453/3475 3452/3474 3454/3476 3455/3477
f 3453/3475 3455/3477 3456/3478 3387/3409
f 3453/3475 3387/3409 3386/3408 3390/3412
f 3456/3478 3455/3477 3457/3479 3458/3480
f 3456/3478 3458/3480 3459/3481 3384/3406
f 3456/3478 3384/3406 3383/3405 3387/3409
f 3459/3481 3458/3480 3460/3482 3461/3483
f 3459/3481 3461/3483 3462/3484 3381/3403
f 3459/3481 3381/3403 3380/3402 3384/3406
f 3462/3484 3461/3483 3463/3485 3464/3486
f 3462/3484 3464/3486 3465/3487 3378/3400
f 3462/3484 3378/3400 3377/3399 3381/3403
f 3465/3487 3464/3486 3466/3488 3467/3489
f 3465/3487 3467/3489 3468/3490 3375/3397
f 3465/3487 3375/3397 3374/3396 3378/3400
f 3468/3490 3467/3489 3469/3491 3470/3492
f 3468/3490 3470/3492 3471/3493 3372/3394
f 3468/3490 3372/3394 3371/3393 3375/3397
f 3471/3493 3470/3492 3472/3494 3473/3495
f 3471/3493 3473/3495 3474/3496 3369/3391
f 3471/3493 3369/3391 3368/3390 3372/3394
f 3474/3496 3473/3495 3475/3497 3476/3498
f 3474/3496 3476/3498 3477/3499 3366/3388
f 3474/3496 3366/3388 3365/3387 3369/3391
f 3477/3499 3476/3498 3478/3500 3479/3501
f 3477/3499 3479/3501 3480/3502 3363/3385
f 3477/3499 3363/3385 3362/3384 3366/3388
f 3480/3502 3479/3501 3481/3503 3482/3504
f 3480/3502 3482/3504 3483/3505 3360/3382
f 3480/3502 3360/3382 3359/3381 3363/3385
f 3483/3505 3482/3504 3484/3506 3485/3507
f 3483/3505 3485/3507 3486/3508 3357/3379
f 3483/3505 3357/3379 3356/3378 3360/3382
f 3486/3508 3485/3507 3487/3509 3488/3510
f 3486/3508 3488/3510 3489/3511 3354/3376
f 3486/3508 3354/3376 3353/3375 3357/3379
f 3489/3511 3488/3510 3490/3512 3491/3513
f 3489/3511 3491/3513 3492/3514 3351/3373
f 3489/3511 3351/3373 3350/3372 3354/3376
f 3492/3514 3491/3513 3493/3515 3494/3516
f 3492/3514 3494/3516 3495/3517 3348/3370
f 3492/3514 3348/3370 3347/3369 3351/3373
f 3495/3517 3494/3516 3496/3518 3497/3519
f 3495/3517 3497/3519 3498/3520 3345/3367
f 3495/3517 3345/3367 3344/3366 3348/3370
f 3498/3520 3497/3519 3499/3521 3500/3522
f 3498/3520 3500/3522 3501/3523 3342/3364
f 3498/3520 3342/3364 3341/3363 3345/3367
f 3501/3523 3500/3522 3502/3524 3503/3525
f 3501/3523 3503/3525 3504/3526 3339/3361
f 3501/3523 3339/3361 3338/3360 3342/3364
f 3504/3526 3503/3525 3505/3527 3506/3528
f 3504/3526 3506/3528 3507/3529 3336/3358
f 3504/3526 3336/3358 3335/3357 3339/3361
f 3507/3529 3506/3528 3508/3530 3509/3531
f 3507/3529 3509/3531 3510/3532 3333/3355
f 3507/3529 3333/3355 3332/3354 3336/3358
f 3510/3532 3509/3531 3511/3533 3512/3534
f 3510/3532 3512/3534 3513/3535 3330/3352
f 3510/3532 3330/3352 3329/3351 3333/3355
f 3513/3535 3512/3534 3514/3536 3515/3537
f 3513/3535 3515/3537 3516/3538 3327/3349
f 3513/3535 3327/3349 3326/3348 3330/3352
f 3516/3538 3515/3537 3517/3539 3518/3540
f 3516/3538 3518/3540 3519/3541 3324/3346
f 3516/3538 3324/3346 3323/3345 3327/3349
f 3519/3541 3518/3540 3520/3542 3521/3543
f 3519/3541 3521/3543 3522/3544 3321/3343
f 3519/3541 3321/3343 3320/3342 3324/3346
f 3522/3544 3521/3543 3523/3545 3524/3546
f 3522/3544 3524/3546 3525/3547 3318/3338
f 3522/3544 3318/3338 3317/3337 3321/3343
f 3525/3547 3524/3546 3526/3548 3527/3549
f 3525/3547 3527/3549 3528/3550 3315/3551
f 3525/3547 3315/3551 3314/3339 3318/3338
f 3528/3550 3527/3549 3529/3552 3530/3553
f 3528/3554 3530/3555 3531/3556 3312/3331
f 3528/3554 3312/3331 3311/3330 3315/3334
f 3531/3556 3530/3555 3532/3557 3533/3558
f 3531/3556 3533/3558 3534/3559 3309/3328
f 3531/3556 3309/3328 3308/3327 3312/3331
f 3534/3559 3533/3558 3535/3560 3536/3561
f 3534/3559 3536/3561 3537/3562 3306/3325
f 3534/3559 3306/3325 3305/3324 3309/3328
f 3537/3562 3536/3561 3538/3563 3539/3564
f 3537/3562 3539/3564 3540/3565 3303/3322
f 3537/3562 3303/3322 3302/3321 3306/3325
f 3540/3565 3539/3564 3541/3566 3542/3567
f 3540/3565 3542/3567 3543/3568 3300/3319
f 3540/3565 3300/3319 3299/3318 3303/3322
f 3543/3568 3542/3567 3544/3569 3545/3570
f 3543/3568 3545/3570 3546/3571 3297/3316
f 3543/3568 3297/3316 3296/3315 3300/3319
f 3546/3571 3545/3570 3547/3572 3548/3573
f 3546/3571 3548/3573 3549/3574 3294/3313
f 3546/3571 3294/3313 3293/3312 3297/3316
f 3549/3574 3548/3573 3550/3575 3551/3576
f 3549/3574 3551/3576 3552/3577 3291/3310
f 3549/3574 3291/3310 3290/3309 3294/3313
f 3552/3577 3551/3576 3553/3578 3554/3579
f 3552/3577 3554/3579 3555/3580 3288/3307
f 3552/3577 3288/3307 3287/3306 3291/3310
f 3555/3580 3554/3579 419/419 417/417
f 3555/3580 417/417 415/415 3285/3304
f 3555/3580 3285/3304 3284/3303 3288/3307
f 3554/3579 3553/3578 421/421 419/419
f 3553/3578 3556/3581 423/423 421/421
f 3553/3578 3551/3576 3550/3575 3556/3581
f 3556/3581 3557/3582 425/425 423/423
f 3556/3581 3550/3575 3558/3583 3557/3582
f 3558/3583 3559/3584 3560/3585 3557/3582
f 3558/3583 3550/3575 3548/3573 3547/3572
f 3558/3583 3547/3572 3561/3586 3559/3584
f 3561/3586 3562/3587 3563/3588 3559/3584
f 3561/3586 3547/3572 3545/3570 3544/3569
f 3561/3586 3544/3569 3564/3589 3562/3587
f 3564/3589 3565/3590 3566/3591 3562/3587
f 3564/3589 3544/3569 3542/3567 3541/3566
f 3564/3589 3541/3566 3567/3592 3565/3590
f 3567/3592 3568/3593 3569/3594 3565/3590
f 3567/3592 3541/3566 3539/3564 3538/3563
f 3567/3592 3538/3563 3570/3595 3568/3593
f 3570/3595 3571/3596 3572/3597 3568/3593
f 3570/3595 3538/3563 3536/3561 3535/3560
f 3570/3595 3535/3560 3573/3598 3571/3596
f 3573/3599 3574/3600 3575/3601 3571/3602
f 3573/3598 3535/3560 3533/3558 3532/3557
f 3573/3599 3532/3603 3576/3604 3574/3600
f 3576/3604 3577/3605 3578/3606 3574/3600
f 3576/3604 3532/3603 3530/3553 3529/3552
f 3576/3604 3529/3552 3579/3607 3577/3605
f 3579/3607 3580/3608 3581/3609 3577/3605
f 3579/3607 3529/3552 3527/3549 3526/3548
f 3579/3607 3526/3548 3582/3610 3580/3608
f 3582/3610 3583/3611 3584/3612 3580/3608
f 3582/3610 3526/3548 3524/3546 3523/3545
f 3582/3610 3523/3545 3585/3613 3583/3611
f 3585/3613 3586/3614 3587/3615 3583/3611
f 3585/3613 3523/3545 3521/3543 3520/3542
f 3585/3613 3520/3542 3588/3616 3586/3614
f 3588/3616 3589/3617 3590/3618 3586/3614
f 3588/3616 3520/3542 3518/3540 3517/3539
f 3588/3616 3517/3539 3591/3619 3589/3617
f 3591/3619 3592/3620 3593/3621 3589/3617
f 3591/3619 3517/3539 3515/3537 3514/3536
f 3591/3619 3514/3536 3594/3622 3592/3620
f 3594/3622 3595/3623 3596/3624 3592/3620
f 3594/3622 3514/3536 3512/3534 3511/3533
f 3594/3622 3511/3533 3597/3625 3595/3623
f 3597/3625 3598/3626 3599/3627 3595/3623
f 3597/3625 3511/3533 3509/3531 3508/3530
f 3597/3625 3508/3530 3600/3628 3598/3626
f 3600/3628 3601/3629 3602/3630 3598/3626
f 3600/3628 3508/3530 3506/3528 3505/3527
f 3600/3628 3505/3527 3603/3631 3601/3629
f 3603/3631 3604/3632 3605/3633 3601/3629
f 3603/3631 3505/3527 3503/3525 3502/3524
f 3603/3631 3502/3524 3606/3634 3604/3632
f 3606/3634 3607/3635 3608/3636 3604/3632
f 3606/3634 3502/3524 3500/3522 3499/3521
f 3606/3634 3499/3521 3609/3637 3607/3635
f 3609/3637 3610/3638 3611/3639 3607/3635
f 3609/3637 3499/3521 3497/3519 3496/3518
f 3609/3637 3496/3518 3612/3640 3610/3638
f 3612/3640 3613/3641 3614/3642 3610/3638
f 3612/3640 3496/3518 3494/3516 3493/3515
f 3612/3640 3493/3515 3615/3643 3613/3641
f 3615/3643 3616/3644 3617/3645 3613/3641
f 3615/3643 3493/3515 3491/3513 3490/3512
f 3615/3643 3490/3512 3618/3646 3616/3644
f 3618/3646 3619/3647 3620/3648 3616/3644
f 3618/3646 3490/3512 3488/3510 3487/3509
f 3618/3646 3487/3509 3621/3649 3619/3647
f 3621/3649 3622/3650 3623/3651 3619/3647
f 3621/3649 3487/3509 3485/3507 3484/3506
f 3621/3649 3484/3506 3624/3652 3622/3650
f 3624/3652 3625/3653 3626/3654 3622/3650
f 3624/3652 3484/3506 3482/3504 3481/3503
f 3624/3652 3481/3503 3627/3655 3625/3653
f 3627/3655 3628/3656 3629/3657 3625/3653
f 3627/3655 3481/3503 3479/3501 3478/3500
f 3627/3655 3478/3500 3630/3658 3628/3656
f 3630/3658 3631/3659 3632/3660 3628/3656
f 3630/3658 3478/3500 3476/3498 3475/3497
f 3630/3658 3475/3497 3633/3661 3631/3659
f 3633/3661 3634/3662 3635/3663 3631/3659
f 3633/3661 3475/3497 3473/3495 3472/3494
f 3633/3661 3472/3494 3636/3664 3634/3662
f 3636/3664 3637/3665 3638/3666 3634/3662
f 3636/3664 3472/3494 3470/3492 3469/3491
f 3636/3664 3469/3491 3639/3667 3637/3665
f 3639/3667 3640/3668 3641/3669 3637/3665
f 3639/3667 3469/3491 3467/3489 3466/3488
f 3639/3667 3466/3488 3642/3670 3640/3668
f 3642/3670 3643/3671 3644/3672 3640/3668
f 3642/3670 3466/3488 3464/3486 3463/3485
f 3642/3670 3463/3485 3645/3673 3643/3671
f 3645/3673 3646/3674 3647/3675 3643/3671
f 3645/3673 3463/3485 3461/3483 3460/3482
f 3645/3673 3460/3482 3648/3676 3646/3674
f 3648/3676 3649/3677 3650/3678 3646/3674
f 3648/3676 3460/3482 3458/3480 3457/3479
f 3648/3676 3457/3479 3651/3679 3649/3677
f 3651/3679 3652/3680 3653/3681 3649/3677
f 3651/3679 3457/3479 3455/3477 3454/3476
f 3651/3679 3454/3476 3654/3682 3652/3680
f 3654/3682 3655/3683 3656/3684 3652/3680
f 3654/3682 3454/3476 3452/3474 3451/3473
f 3654/3682 3451/3473 3657/3685 3655/3683
f 3657/3685 3658/3686 3659/3687 3655/3683
f 3657/3685 3451/3473 3449/3471 3448/3470
f 3657/3685 3448/3470 3660/3688 3658/3686
f 3660/3688 3661/3689 3662/3690 3658/3686
f 3660/3688 3448/3470 3446/3468 3445/3467
f 3660/3688 3445/3467 3663/3691 3661/3689
f 3663/3691 3664/3692 3665/3693 3661/3689
f 3663/3691 3445/3467 3443/3465 3442/3464
f 3663/3691 3442/3464 3666/3694 3664/3692
f 3666/3694 3667/3695 3668/3696 3664/3692
f 3666/3694 3442/3464 3440/3462 3439/3461
f 3666/3694 3439/3461 3669/3697 3667/3695
f 3669/3697 3670/3698 3671/3699 3667/3695
f 3669/3697 3439/3461 3437/3459 3436/3458
f 3669/3697 3436/3458 3672/3700 3670/3698
f 3672/3700 3673/3701 3674/3702 3670/3698
f 3672/3700 3436/3458 3434/3456 3433/3455
f 3672/3700 3433/3455 3675/3703 3673/3701
f 3675/3703 3676/3704 3677/3705 3673/3701
f 3675/3703 3433/3455 3431/3453 3430/3452
f 3675/3703 3430/3452 3678/3706 3676/3704
f 3678/3706 3679/3707 3680/3708 3676/3704
f 3678/3706 3430/3452 3428/3450 3427/3449
f 3678/3706 3427/3449 3681/3709 3679/3707
f 3681/3709 3682/3710 3683/3711 3679/3707
f 3681/3709 3427/3449 3425/3447 3424/3446
f 3681/3709 3424/3446 3684/3712 3682/3710
f 3684/3712 3685/3713 3686/3714 3682/3710
f 3684/3712 3424/3446 3422/3444 3687/3715
f 3684/3712 3687/3715 3688/3716 3685/3713
f 3688/3716 3689/3717 3690/3718 3685/3713
f 3688/3716 3687/3715 547/549 545/547
f 3688/3716 545/547 543/545 3689/3717
f 3690/3718 535/537 533/535 3691/3719
f 3690/3718 3691/3719 3686/3714 3685/3713
f 3690/3718 3689/3717 537/539 535/537
f 3691/3719 533/535 531/533 3692/3720
f 3691/3719 3692/3720 3693/3721 3686/3714
f 3693/3721 3692/3720 3694/3722 3695/3723
f 3693/3721 3695/3723 3696/3724 3683/3711
f 3693/3721 3683/3711 3682/3710 3686/3714
f 3696/3724 3695/3723 3697/3725 3698/3726
f 3696/3724 3698/3726 3699/3727 3680/3708
f 3696/3724 3680/3708 3679/3707 3683/3711
f 3699/3727 3698/3726 3700/3728 3701/3729
f 3699/3727 3701/3729 3702/3730 3677/3705
f 3699/3727 3677/3705 3676/3704 3680/3708
f 3702/3730 3701/3729 3703/3731 3704/3732
f 3702/3730 3704/3732 3705/3733 3674/3702
f 3702/3730 3674/3702 3673/3701 3677/3705
f 3705/3733 3704/3732 3706/3734 3707/3735
f 3705/3733 3707/3735 3708/3736 3671/3699
f 3705/3733 3671/3699 3670/3698 3674/3702
f 3708/3736 3707/3735 3709/3737 3710/3738
f 3708/3736 3710/3738 3711/3739 3668/3696
f 3708/3736 3668/3696 3667/3695 3671/3699
f 3711/3739 3710/3738 3712/3740 3713/3741
f 3711/3739 3713/3741 3714/3742 3665/3693
f 3711/3739 3665/3693 3664/3692 3668/3696
f 3714/3742 3713/3741 3715/3743 3716/3744
f 3714/3742 3716/3744 3717/3745 3662/3690
f 3714/3742 3662/3690 3661/3689 3665/3693
f 3717/3745 3716/3744 3718/3746 3719/3747
f 3717/3745 3719/3747 3720/3748 3659/3687
f 3717/3745 3659/3687 3658/3686 3662/3690
f 3720/3748 3719/3747 3721/3749 3722/3750
f 3720/3748 3722/3750 3723/3751 3656/3684
f 3720/3748 3656/3684 3655/3683 3659/3687
f 3723/3751 3722/3750 3724/3752 3725/3753
f 3723/3751 3725/3753 3726/3754 3653/3681
f 3723/3751 3653/3681 3652/3680 3656/3684
f 3726/3754 3725/3753 3727/3755 3728/3756
f 3726/3754 3728/3756 3729/3757 3650/3678
f 3726/3754 3650/3678 3649/3677 3653/3681
f 3729/3757 3728/3756 3730/3758 3731/3759
f 3729/3757 3731/3759 3732/3760 3647/3675
f 3729/3757 3647/3675 3646/3674 3650/3678
f 3732/3760 3731/3759 3733/3761 3734/3762
f 3732/3760 3734/3762 3735/3763 3644/3672
f 3732/3760 3644/3672 3643/3671 3647/3675
f 3735/3763 3734/3762 3736/3764 3737/3765
f 3735/3763 3737/3765 3738/3766 3641/3669
f 3735/3763 3641/3669 3640/3668 3644/3672
f 3738/3766 3737/3765 3739/3767 3740/3768
f 3738/3766 3740/3768 3741/3769 3638/3666
f 3738/3766 3638/3666 3637/3665 3641/3669
f 3741/3769 3740/3768 3742/3770 3743/3771
f 3741/3769 3743/3771 3744/3772 3635/3663
f 3741/3769 3635/3663 3634/3662 3638/3666
f 3744/3772 3743/3771 3745/3773 3746/3774
f 3744/3772 3746/3774 3747/3775 3632/3660
f 3744/3772 3632/3660 3631/3659 3635/3663
f 3747/3775 3746/3774 3748/3776 3749/3777
f 3747/3775 3749/3777 3750/3778 3629/3657
f 3747/3775 3629/3657 3628/3656 3632/3660
f 3750/3778 3749/3777 3751/3779 3752/3780
f 3750/3778 3752/3780 3753/3781 3626/3654
f 3750/3778 3626/3654 3625/3653 3629/3657
f 3753/3781 3752/3780 3754/3782 3755/3783
f 3753/3781 3755/3783 3756/3784 3623/3651
f 3753/3781 3623/3651 3622/3650 3626/3654
f 3756/3784 3755/3783 3757/3785 3758/3786
f 3756/3784 3758/3786 3759/3787 3620/3648
f 3756/3784 3620/3648 3619/3647 3623/3651
f 3759/3787 3758/3786 3760/3788 3761/3789
f 3759/3787 3761/3789 3762/3790 3617/3645
f 3759/3787 3617/3645 3616/3644 3620/3648
f 3762/3790 3761/3789 3763/3791 3764/3792
f 3762/3790 3764/3792 3765/3793 3614/3642
f 3762/3790 3614/3642 3613/3641 3617/3645
f 3765/3793 3764/3792 3766/3794 3767/3795
f 3765/3793 3767/3795 3768/3796 3611/3639
f 3765/3793 3611/3639 3610/3638 3614/3642
f 3768/3796 3767/3795 3769/3797 3770/3798
f 3768/3796 3770/3798 3771/3799 3608/3636
f 3768/3796 3608/3636 3607/3635 3611/3639
f 3771/3799 3770/3798 3772/3800 3773/3801
f 3771/3799 3773/3801 3774/3802 3605/3633
f 3771/3799 3605/3633 3604/3632 3608/3636
f 3774/3802 3773/3801 3775/3803 3776/3804
f 3774/3802 3776/3804 3777/3805 3602/3630
f 3774/3802 3602/3630 3601/3629 3605/3633
f 3777/3805 3776/3804 3778/3806 3779/3807
f 3777/3805 3779/3807 3780/3808 3599/3627
f 3777/3805 3599/3627 3598/3626 3602/3630
f 3780/3808 3779/3807 3781/3809 3782/3810
f 3780/3808 3782/3810 3783/3811 3596/3624
f 3780/3808 3596/3624 3595/3623 3599/3627
f 3783/3811 3782/3810 3784/3812 3785/3813
f 3783/3811 3785/3813 3786/3814 3593/3621
f 3783/3811 3593/3621 3592/3620 3596/3624
f 3786/3814 3785/3813 3787/3815 3788/3816
f 3786/3814 3788/3816 3789/3817 3590/3618
f 3786/3814 3590/3618 3589/3617 3593/3621
f 3789/3817 3788/3816 3790/3818 3791/3819
f 3789/3817 3791/3819 3792/3820 3587/3615
f 3789/3817 3587/3615 3586/3614 3590/3618
f 3792/3820 3791/3819 3793/3821 3794/3822
f 3792/3820 3794/3822 3795/3823 3584/3612
f 3792/3820 3584/3612 3583/3611 3587/3615
f 3795/3823 3794/3822 3796/3824 3797/3825
f 3795/3823 3797/3825 3798/3826 3581/3609
f 3795/3823 3581/3609 3580/3608 3584/3612
f 3798/3826 3797/3825 3799/3827 3800/3828
f 3798/3826 3800/3828 3801/3829 3578/3606
f 3798/3826 3578/3606 3577/3605 3581/3609
f 3801/3829 3800/3828 3802/3830 3803/3831
f 3801/3829 3803/3831 3804/3832 3575/3601
f 3801/3829 3575/3601 3574/3600 3578/3606
f 3804/3832 3803/3831 3805/3833 3806/3834
f 3804/3832 3806/3834 3807/3835 3572/3836
f 3804/3832 3572/3836 3571/3602 3575/3601
f 3807/3835 3806/3834 3808/3837 3809/3838
f 3807/3839 3809/3840 3810/3841 3569/3594
f 3807/3839 3569/3594 3568/3593 3572/3597
f 3810/3841 3809/3840 3811/3842 3812/3843
f 3810/3841 3812/3843 3813/3844 3566/3591
f 3810/3841 3566/3591 3565/3590 3569/3594
f 3813/3844 3812/3843 3814/3845 3815/3846
f 3813/3844 3815/3846 3816/3847 3563/3588
f 3813/3844 3563/3588 3562/3587 3566/3591
f 3816/3847 3815/3846 431/431 429/429
f 3816/3847 429/429 427/427 3560/3585
f 3816/3847 3560/3585 3559/3584 3563/3588
f 3815/3846 3814/3845 433/433 431/431
f 3814/3845 3817/3848 435/435 433/433
f 3814/3845 3812/3843 3811/3842 3817/3848
f 3817/3849 3818/3850 437/439 435/438
f 3817/3849 3811/3851 3819/3852 3818/3850
f 3819/3852 3820/3853 3821/3854 3818/3850
f 3819/3852 3811/3851 3809/3838 3808/3837
f 3819/3852 3808/3837 3822/3855 3820/3853
f 3822/3855 3823/3856 3824/3857 3820/3853
f 3822/3855 3808/3837 3806/3834 3805/3833
f 3822/3855 3805/3833 3825/3858 3823/3856
f 3825/3858 3826/3859 3827/3860 3823/3856
f 3825/3858 3805/3833 3803/3831 3802/3830
f 3825/3858 3802/3830 3828/3861 3826/3859
f 3828/3861 3829/3862 3830/3863 3826/3859
f 3828/3861 3802/3830 3800/3828 3799/3827
f 3828/3861 3799/3827 3831/3864 3829/3862
f 3831/3864 3832/3865 3833/3866 3829/3862
f 3831/3864 3799/3827 3797/3825 3796/3824
f 3831/3864 3796/3824 3834/3867 3832/3865
f 3834/3867 3835/3868 3836/3869 3832/3865
f 3834/3867 3796/3824 3794/3822 3793/3821
f 3834/3867 3793/3821 3837/3870 3835/3868
f 3837/3870 3838/3871 3839/3872 3835/3868
f 3837/3870 3793/3821 3791/3819 3790/3818
f 3837/3870 3790/3818 3840/3873 3838/3871
f 3840/3873 3841/3874 3842/3875 3838/3871
f 3840/3873 3790/3818 3788/3816 3787/3815
f 3840/3873 3787/3815 3843/3876 3841/3874
f 3843/3876 3844/3877 3845/3878 3841/3874
f 3843/3876 3787/3815 3785/3813 3784/3812
f 3843/3876 3784/3812 3846/3879 3844/3877
f 3846/3879 3847/3880 3848/3881 3844/3877
f 3846/3879 3784/3812 3782/3810 3781/3809
f 3846/3879 3781/3809 3849/3882 3847/3880
f 3849/3882 3850/3883 3851/3884 3847/3880
f 3849/3882 3781/3809 3779/3807 3778/3806
f 3849/3882 3778/3806 3852/3885 3850/3883
f 3852/3885 3853/3886 3854/3887 3850/3883
f 3852/3885 3778/3806 3776/3804 3775/3803
f 3852/3885 3775/3803 3855/3888 3853/3886
f 3855/3888 3856/3889 3857/3890 3853/3886
f 3855/3888 3775/3803 3773/3801 3772/3800
f 3855/3888 3772/3800 3858/3891 3856/3889
f 3858/3891 3859/3892 3860/3893 3856/3889
f 3858/3891 3772/3800 3770/3798 3769/3797
f 3858/3891 3769/3797 3861/3894 3859/3892
f 3861/3894 3862/3895 3863/3896 3859/3892
f 3861/3894 3769/3797 3767/3795 3766/3794
f 3861/3894 3766/3794 3864/3897 3862/3895
f 3864/3897 3865/3898 3866/3899 3862/3895
f 3864/3897 3766/3794 3764/3792 3763/3791
f 3864/3897 3763/3791 3867/3900 3865/3898
f 3867/3900 3868/3901 3869/3902 3865/3898
f 3867/3900 3763/3791 3761/3789 3760/3788
f 3867/3900 3760/3788 3870/3903 3868/3901
f 3870/3903 3871/3904 3872/3905 3868/3901
f 3870/3903 3760/3788 3758/3786 3757/3785
f 3870/3903 3757/3785 3873/3906 3871/3904
f 3873/3906 3874/3907 3875/3908 3871/3904
f 3873/3906 3757/3785 3755/3783 3754/3782
f 3873/3906 3754/3782 3876/3909 3874/3907
f 3876/3909 3877/3910 3878/3911 3874/3907
f 3876/3909 3754/3782 3752/3780 3751/3779
f 3876/3909 3751/3779 3879/3912 3877/3910
f 3879/3912 3880/3913 3881/3914 3877/3910
f 3879/3912 3751/3779 3749/3777 3748/3776
f 3879/3912 3748/3776 3882/3915 3880/3913
f 3882/3915 3883/3916 3884/3917 3880/3913
f 3882/3915 3748/3776 3746/3774 3745/3773
f 3882/3915 3745/3773 3885/3918 3883/3916
f 3885/3918 3886/3919 3887/3920 3883/3916
f 3885/3918 3745/3773 3743/3771 3742/3770
f 3885/3918 3742/3770 3888/3921 3886/3919
f 3888/3921 3889/3922 3890/3923 3886/3919
f 3888/3921 3742/3770 3740/3768 3739/3767
f 3888/3921 3739/3767 3891/3924 3889/3922
f 3891/3924 3892/3925 3893/3926 3889/3922
f 3891/3924 3739/3767 3737/3765 3736/3764
f 3891/3924 3736/3764 3894/3927 3892/3925
f 3894/3927 3895/3928 3896/3929 3892/3925
f 3894/3927 3736/3764 3734/3762 3733/3761
f 3894/3927 3733/3761 3897/3930 3895/3928
f 3897/3930 3898/3931 3899/3932 3895/3928
f 3897/3930 3733/3761 3731/3759 3730/3758
f 3897/3930 3730/3758 3900/3933 3898/3931
f 3900/3933 3901/3934 3902/3935 3898/3931
f 3900/3933 3730/3758 3728/3756 3727/3755
f 3900/3933 3727/3755 3903/3936 3901/3934
f 3903/3936 3904/3937 3905/3938 3901/3934
f 3903/3936 3727/3755 3725/3753 3724/3752
f 3903/3936 3724/3752 3906/3939 3904/3937
f 3906/3939 3907/3940 3908/3941 3904/3937
f 3906/3939 3724/3752 3722/3750 3721/3749
f 3906/3939 3721/3749 3909/3942 3907/3940
f 3909/3942 3910/3943 3911/3944 3907/3940
f 3909/3942 3721/3749 3719/3747 3718/3746
f 3909/3942 3718/3746 3912/3945 3910/3943
f 3912/3945 3913/3946 3914/3947 3910/3943
f 3912/3945 3718/3746 3716/3744 3715/3743
f 3912/3945 3715/3743 3915/3948 3913/3946
f 3915/3948 3916/3949 3917/3950 3913/3946
f 3915/3948 3715/3743 3713/3741 3712/3740
f 3915/3948 3712/3740 3918/3951 3916/3949
f 3918/3951 3919/3952 3920/3953 3916/3949
f 3918/3951 3712/3740 3710/3738 3709/3737
f 3918/3951 3709/3737 3921/3954 3919/3952
f 3921/3954 3922/3955 3923/3956 3919/3952
f 3921/3954 3709/3737 3707/3735 3706/3734
f 3921/3954 3706/3734 3924/3957 3922/3955
f 3924/3957 3925/3958 3926/3959 3922/3955
f 3924/3957 3706/3734 3704/3732 3703/3731
f 3924/3957 3703/3731 3927/3960 3925/3958
f 3927/3960 3928/3961 3929/3962 3925/3958
f 3927/3960 3703/3731 3701/3729 3700/3728
f 3927/3960 3700/3728 3930/3963 3928/3961
f 3930/3963 3931/3964 3932/3965 3928/3961
f 3930/3963 3700/3728 3698/3726 3697/3725
f 3930/3963 3697/3725 3933/3966 3931/3964
f 3933/3966 527/529 525/527 3931/3964
f 3933/3966 3697/3725 3695/3723 3694/3722
f 3933/3966 3694/3722 529/531 527/529
f 3932/3965 523/525 521/523 3934/3967
f 3932/3965 3934/3967 3929/3962 3928/3961
f 3932/3965 3931/3964 525/527 523/525
f 3934/3967 521/523 519/521 3935/3968
f 3934/3967 3935/3968 3936/3969 3929/3962
f 3936/3969 3935/3968 3937/3970 3938/3971
f 3936/3969 3938/3971 3939/3972 3926/3959
f 3936/3969 3926/3959 3925/3958 3929/3962
f 3939/3972 3938/3971 3940/3973 3941/3974
f 3939/3972 3941/3974 3942/3975 3923/3956
f 3939/3972 3923/3956 3922/3955 3926/3959
f 3942/3975 3941/3974 3943/3976 3944/3977
f 3942/3975 3944/3977 3945/3978 3920/3953
f 3942/3975 3920/3953 3919/3952 3923/3956
f 3945/3978 3944/3977 3946/3979 3947/3980
f 3945/3978 3947/3980 3948/3981 3917/3950
f 3945/3978 3917/3950 3916/3949 3920/3953
f 3948/3981 3947/3980 3949/3982 3950/3983
f 3948/3981 3950/3983 3951/3984 3914/3947
f 3948/3981 3914/3947 3913/3946 3917/3950
f 3951/3984 3950/3983 3952/3985 3953/3986
f 3951/3984 3953/3986 3954/3987 3911/3944
f 3951/3984 3911/3944 3910/3943 3914/3947
f 3954/3987 3953/3986 3955/3988 3956/3989
f 3954/3987 3956/3989 3957/3990 3908/3941
f 3954/3987 3908/3941 3907/3940 3911/3944
f 3957/3990 3956/3989 3958/3991 3959/3992
f 3957/3990 3959/3992 3960/3993 3905/3938
f 3957/3990 3905/3938 3904/3937 3908/3941
f 3960/3993 3959/3992 3961/3994 3962/3995
f 3960/3993 3962/3995 3963/3996 3902/3935
f 3960/3993 3902/3935 3901/3934 3905/3938
f 3963/3996 3962/3995 3964/3997 3965/3998
f 3963/3996 3965/3998 3966/3999 3899/3932
f 3963/3996 3899/3932 3898/3931 3902/3935
f 3966/3999 3965/3998 3967/4000 3968/4001
f 3966/3999 3968/4001 3969/4002 3896/3929
f 3966/3999 3896/3929 3895/3928 3899/3932
f 3969/4002 3968/4001 3970/4003 3971/4004
f 3969/4002 3971/4004 3972/4005 3893/3926
f 3969/4002 3893/3926 3892/3925 3896/3929
f 3972/4005 3971/4004 3973/4006 3974/4007
f 3972/4005 3974/4007 3975/4008 3890/3923
f 3972/4005 3890/3923 3889/3922 3893/3926
f 3975/4008 3974/4007 3976/4009 3977/4010
f 3975/4008 3977/4010 3978/4011 3887/3920
f 3975/4008 3887/3920 3886/3919 3890/3923
f 3978/4011 3977/4010 3979/4012 3980/4013
f 3978/4011 3980/4013 3981/4014 3884/3917
f 3978/4011 3884/3917 3883/3916 3887/3920
f 3981/4014 3980/4013 3982/4015 3983/4016
f 3981/4014 3983/4016 3984/4017 3881/3914
f 3981/4014 3881/3914 3880/3913 3884/3917
f 3984/4017 3983/4016 3985/4018 3986/4019
f 3984/4017 3986/4019 3987/4020 3878/3911
f 3984/4017 3878/3911 3877/3910 3881/3914
f 3987/4020 3986/4019 7/3 3988/4021
f 3987/4020 3988/4021 3989/4022 3875/3908
f 3987/4020 3875/3908 3874/3907 3878/3911
f 3989/4022 3988/4021 3990/4023 3991/4024
f 3989/4022 3991/4024 3992/4025 3872/3905
f 3989/4022 3872/3905 3871/3904 3875/3908
f 3992/4025 3991/4024 3993/4026 3994/4027
f 3992/4025 3994/4027 3995/4028 3869/3902
f 3992/4025 3869/3902 3868/3901 3872/3905
f 3995/4028 3994/4027 3996/4029 3997/4030
f 3995/4028 3997/4030 3998/4031 3866/3899
f 3995/4028 3866/3899 3865/3898 3869/3902
f 3998/4031 3997/4030 3999/4032 4000/4033
f 3998/4031 4000/4033 4001/4034 3863/3896
f 3998/4031 3863/3896 3862/3895 3866/3899
f 4001/4034 4000/4033 4002/4035 4003/4036
f 4001/4034 4003/4036 4004/4037 3860/3893
f 4001/4034 3860/3893 3859/3892 3863/3896
f 4004/4037 4003/4036 4005/4038 4006/4039
f 4004/4037 4006/4039 4007/4040 3857/3890
f 4004/4037 3857/3890 3856/3889 3860/3893
f 4007/4040 4006/4039 4008/4041 4009/4042
f 4007/4040 4009/4042 4010/4043 3854/3887
f 4007/4040 3854/3887 3853/3886 3857/3890
f 4010/4043 4009/4042 4011/4044 4012/4045
f 4010/4043 4012/4045 4013/4046 3851/3884
f 4010/4043 3851/3884 3850/3883 3854/3887
f 4013/4046 4012/4045 4014/4047 4015/4048
f 4013/4046 4015/4048 4016/4049 3848/3881
f 4013/4046 3848/3881 3847/3880 3851/3884
f 4016/4049 4015/4048 4017/4050 4018/4051
f 4016/4049 4018/4051 4019/4052 3845/3878
f 4016/4049 3845/3878 3844/3877 3848/3881
f 4019/4052 4018/4051 4020/4053 4021/4054
f 4019/4052 4021/4054 4022/4055 3842/3875
f 4019/4052 3842/3875 3841/3874 3845/3878
f 4022/4055 4021/4054 4023/4056 4024/4057
f 4022/4055 4024/4057 4025/4058 3839/3872
f 4022/4055 3839/3872 3838/3871 3842/3875
f 4025/4058 4024/4057 4026/4059 4027/4060
f 4025/4058 4027/4060 4028/4061 3836/3869
f 4025/4058 3836/3869 3835/3868 3839/3872
f 4028/4061 4027/4060 4029/4062 4030/4063
f 4028/4061 4030/4063 4031/4064 3833/3866
f 4028/4061 3833/3866 3832/3865 3836/3869
f 4031/4064 4030/4063 4032/4065 4033/4066
f 4031/4064 4033/4066 4034/4067 3830/3863
f 4031/4064 3830/3863 3829/3862 3833/3866
f 4034/4067 4033/4066 4035/4068 4036/4069
f 4034/4067 4036/4069 4037/4070 3827/3860
f 4034/4067 3827/3860 3826/3859 3830/3863
f 4037/4070 4036/4069 4038/4071 4039/4072
f 4037/4070 4039/4072 4040/4073 3824/3857
f 4037/4070 3824/3857 3823/3856 3827/3860
f 4040/4073 4039/4072 443/445 441/443
f 4040/4073 441/443 439/441 3821/3854
f 4040/4073 3821/3854 3820/3853 3824/3857
f 4039/4072 4038/4071 445/447 443/445
f 4038/4071 4041/4074 447/449 445/447
f 4038/4071 4036/4069 4035/4068 4041/4074
f 4041/4074 4042/4075 449/451 447/449
f 4041/4074 4035/4068 4043/4076 4042/4075
f 4043/4076 4044/4077 4045/4078 4042/4075
f 4043/4076 4035/4068 4033/4066 4032/4065
f 4043/4076 4032/4065 4046/4079 4044/4077
f 4046/4079 4047/4080 4048/4081 4044/4077
f 4046/4079 4032/4065 4030/4063 4029/4062
f 4046/4079 4029/4062 4049/4082 4047/4080
f 4049/4082 4050/4083 4051/4084 4047/4080
f 4049/4082 4029/4062 4027/4060 4026/4059
f 4049/4082 4026/4059 4052/4085 4050/4083
f 4052/4085 4053/4086 4054/4087 4050/4083
f 4052/4085 4026/4059 4024/4057 4023/4056
f 4052/4085 4023/4056 4055/4088 4053/4086
f 4055/4088 4056/4089 4057/4090 4053/4086
f 4055/4088 4023/4056 4021/4054 4020/4053
f 4055/4088 4020/4053 4058/4091 4056/4089
f 4058/4091 4059/4092 4060/4093 4056/4089
f 4058/4091 4020/4053 4018/4051 4017/4050
f 4058/4091 4017/4050 4061/4094 4059/4092
f 4061/4094 4062/4095 4063/4096 4059/4092
f 4061/4094 4017/4050 4015/4048 4014/4047
f 4061/4094 4014/4047 4064/4097 4062/4095
f 4064/4097 4065/4098 4066/4099 4062/4095
f 4064/4097 4014/4047 4012/4045 4011/4044
f 4064/4097 4011/4044 4067/4100 4065/4098
f 4067/4100 4068/4101 4069/4102 4065/4098
f 4067/4100 4011/4044 4009/4042 4008/4041
f 4067/4100 4008/4041 4070/4103 4068/4101
f 4070/4103 4071/4104 4072/4105 4068/4101
f 4070/4103 4008/4041 4006/4039 4005/4038
f 4070/4103 4005/4038 4073/4106 4071/4104
f 4073/4106 4074/4107 4075/4108 4071/4104
f 4073/4106 4005/4038 4003/4036 4002/4035
f 4073/4106 4002/4035 4076/4109 4074/4107
f 4076/4109 4077/4110 4078/4111 4074/4107
f 4076/4109 4002/4035 4000/4033 3999/4032
f 4076/4109 3999/4032 4079/4112 4077/4110
f 4079/4112 4080/4113 4081/4114 4077/4110
f 4079/4112 3999/4032 3997/4030 3996/4029
f 4079/4112 3996/4029 4082/4115 4080/4113
f 4082/4115 4083/4116 4084/4117 4080/4113
f 4082/4115 3996/4029 3994/4027 3993/4026
f 4082/4115 3993/4026 4085/4118 4083/4116
f 4085/4118 11/7 4086/4119 4083/4116
f 4085/4118 3993/4026 3991/4024 3990/4023
f 4085/4118 3990/4023 6/2 11/7
f 4086/4119 4087/4120 4084/4117 4083/4116
f 4086/4119 11/7 10/6 4088/4121
f 4086/4119 4088/4121 4089/4122 4087/4120
f 4089/4122 4090/4123 4091/4124 4087/4120
f 4089/4122 4088/4121 4092/4125 4093/4126
f 4089/4122 4093/4126 4094/4127 4090/4123
f 4094/4127 4095/4128 4096/4129 4090/4123
f 4094/4127 4093/4126 4097/4130 4098/4131
f 4094/4127 4098/4131 4099/4132 4095/4128
f 4099/4132 4100/4133 4101/4134 4095/4128
f 4099/4132 4098/4131 4102/4135 4103/4136
f 4099/4132 4103/4136 4104/4137 4100/4133
f 4104/4137 4105/4138 4106/4139 4100/4133
f 4104/4137 4103/4136 4107/4140 4108/4141
f 4104/4137 4108/4141 4109/4142 4105/4138
f 4109/4142 4110/4143 4111/4144 4105/4138
f 4109/4142 4108/4141 4112/4145 4113/4146
f 4109/4142 4113/4146 4114/4147 4110/4143
f 4114/4147 4115/4148 4116/4149 4110/4143
f 4114/4147 4113/4146 4117/4150 4118/4151
f 4114/4147 4118/4151 4119/4152 4115/4148
f 4119/4152 4120/4153 4121/4154 4115/4148
f 4119/4152 4118/4151 4122/4155 4123/4156
f 4119/4152 4123/4156 4124/4157 4120/4153
f 4124/4157 4125/4158 4126/4159 4120/4153
f 4124/4157 4123/4156 4127/4160 4128/4161
f 4124/4157 4128/4161 4129/4162 4125/4158
f 4129/4162 4130/4163 4131/4164 4125/4158
f 4129/4162 4128/4161 4132/4165 4133/4166
f 4129/4162 4133/4166 4134/4167 4130/4163
f 4134/4167 4135/4168 4136/4169 4130/4163
f 4134/4167 4133/4166 4137/4170 4138/4171
f 4134/4167 4138/4171 4139/4172 4135/4168
f 4139/4172 4140/4173 4141/4174 4135/4168
f 4139/4172 4138/4171 4142/4175 4143/4176
f 4139/4172 4143/4176 4144/4177 4140/4173
f 4144/4177 4145/4178 4146/4179 4140/4173
f 4144/4177 4143/4176 4147/4180 4148/4181
f 4144/4177 4148/4181 4149/4182 4145/4178
f 4149/4182 4150/4183 4151/4184 4145/4178
f 4149/4182 4148/4181 4152/4185 4153/4186
f 4149/4182 4153/4186 4154/4187 4150/4183
f 4154/4187 507/509 505/507 4150/4183
f 4154/4187 4153/4186 4155/4188 4156/4189
f 4154/4187 4156/4189 509/511 507/509
f 4156/4189 4155/4188 4157/4190 4158/4191
f 4156/4189 4158/4191 511/513 509/511
f 4158/4191 4157/4190 4159/4192 4160/4193
f 4158/4191 4160/4193 513/515 511/513
f 4160/4193 4159/4192 3940/3973 4161/4194
f 4160/4193 4161/4194 515/517 513/515
f 4161/4194 3940/3973 3938/3971 3937/3970
f 4161/4194 3937/3970 517/519 515/517
f 4159/4192 4157/4190 4162/4195 3943/3976
f 4159/4192 3943/3976 3941/3974 3940/3973
f 4162/4195 4157/4190 4155/4188 4163/4196
f 4162/4195 4163/4196 4164/4197 3946/3979
f 4162/4195 3946/3979 3944/3977 3943/3976
f 4164/4197 4163/4196 4152/4185 4165/4198
f 4164/4197 4165/4198 4166/4199 3949/3982
f 4164/4197 3949/3982 3947/3980 3946/3979
f 4166/4199 4165/4198 4147/4180 4167/4200
f 4166/4199 4167/4200 4168/4201 3952/3985
f 4166/4199 3952/3985 3950/3983 3949/3982
f 4168/4201 4167/4200 4142/4175 4169/4202
f 4168/4201 4169/4202 4170/4203 3955/3988
f 4168/4201 3955/3988 3953/3986 3952/3985
f 4170/4203 4169/4202 4137/4170 4171/4204
f 4170/4203 4171/4204 4172/4205 3958/3991
f 4170/4203 3958/3991 3956/3989 3955/3988
f 4172/4205 4171/4204 4132/4165 4173/4206
f 4172/4205 4173/4206 4174/4207 3961/3994
f 4172/4205 3961/3994 3959/3992 3958/3991
f 4174/4207 4173/4206 4127/4160 4175/4208
f 4174/4207 4175/4208 4176/4209 3964/3997
f 4174/4207 3964/3997 3962/3995 3961/3994
f 4176/4209 4175/4208 4122/4155 4177/4210
f 4176/4209 4177/4210 4178/4211 3967/4000
f 4176/4209 3967/4000 3965/3998 3964/3997
f 4178/4211 4177/4210 4117/4150 4179/4212
f 4178/4211 4179/4212 4180/4213 3970/4003
f 4178/4211 3970/4003 3968/4001 3967/4000
f 4180/4213 4179/4212 4112/4145 4181/4214
f 4180/4213 4181/4214 4182/4215 3973/4006
f 4180/4213 3973/4006 3971/4004 3970/4003
f 4182/4215 4181/4214 4107/4140 4183/4216
f 4182/4215 4183/4216 4184/4217 3976/4009
f 4182/4215 3976/4009 3974/4007 3973/4006
f 4184/4217 4183/4216 4102/4135 4185/4218
f 4184/4217 4185/4218 4186/4219 3979/4012
f 4184/4217 3979/4012 3977/4010 3976/4009
f 4186/4219 4185/4218 4097/4130 4187/4220
f 4186/4219 4187/4220 4188/4221 3982/4015
f 4186/4219 3982/4015 3980/4013 3979/4012
f 4188/4221 4187/4220 4092/4125 9/5
f 4188/4221 9/5 8/4 3985/4018
f 4188/4221 3985/4018 3983/4016 3982/4015
f 4187/4220 4097/4130 4093/4126 4092/4125
f 4185/4218 4102/4135 4098/4131 4097/4130
f 4183/4216 4107/4140 4103/4136 4102/4135
f 4181/4214 4112/4145 4108/4141 4107/4140
f 4179/4212 4117/4150 4113/4146 4112/4145
f 4177/4210 4122/4155 4118/4151 4117/4150
f 4175/4208 4127/4160 4123/4156 4122/4155
f 4173/4206 4132/4165 4128/4161 4127/4160
f 4171/4204 4137/4170 4133/4166 4132/4165
f 4169/4202 4142/4175 4138/4171 4137/4170
f 4167/4200 4147/4180 4143/4176 4142/4175
f 4165/4198 4152/4185 4148/4181 4147/4180
f 4163/4196 4155/4188 4153/4186 4152/4185
f 4151/4184 503/505 501/503 4189/4222
f 4151/4184 4189/4222 4146/4179 4145/4178
f 4151/4184 4150/4183 505/507 503/505
f 4189/4222 501/503 499/501 4190/4223
f 4189/4222 4190/4223 4191/4224 4146/4179
f 4191/4224 4190/4223 4192/4225 4193/4226
f 4191/4224 4193/4226 4194/4227 4141/4174
f 4191/4224 4141/4174 4140/4173 4146/4179
f 4194/4227 4193/4226 4195/4228 4196/4229
f 4194/4227 4196/4229 4197/4230 4136/4169
f 4194/4227 4136/4169 4135/4168 4141/4174
f 4197/4230 4196/4229 4198/4231 4199/4232
f 4197/4230 4199/4232 4200/4233 4131/4164
f 4197/4230 4131/4164 4130/4163 4136/4169
f 4200/4233 4199/4232 4201/4234 4202/4235
f 4200/4233 4202/4235 4203/4236 4126/4159
f 4200/4233 4126/4159 4125/4158 4131/4164
f 4203/4236 4202/4235 4204/4237 4205/4238
f 4203/4236 4205/4238 4206/4239 4121/4154
f 4203/4236 4121/4154 4120/4153 4126/4159
f 4206/4239 4205/4238 4207/4240 4208/4241
f 4206/4239 4208/4241 4209/4242 4116/4149
f 4206/4239 4116/4149 4115/4148 4121/4154
f 4209/4242 4208/4241 4210/4243 4211/4244
f 4209/4242 4211/4244 4212/4245 4111/4144
f 4209/4242 4111/4144 4110/4143 4116/4149
f 4212/4245 4211/4244 4213/4246 4214/4247
f 4212/4245 4214/4247 4215/4248 4106/4139
f 4212/4245 4106/4139 4105/4138 4111/4144
f 4215/4248 4214/4247 4216/4249 4217/4250
f 4215/4248 4217/4250 4218/4251 4101/4134
f 4215/4248 4101/4134 4100/4133 4106/4139
f 4218/4251 4217/4250 4219/4252 4220/4253
f 4218/4251 4220/4253 4221/4254 4096/4129
f 4218/4251 4096/4129 4095/4128 4101/4134
f 4221/4254 4220/4253 4222/4255 4223/4256
f 4221/4254 4223/4256 4224/4257 4091/4124
f 4221/4254 4091/4124 4090/4123 4096/4129
f 4224/4257 4223/4256 4225/4258 4081/4114
f 4224/4257 4081/4114 4080/4113 4084/4117
f 4224/4257 4084/4117 4087/4120 4091/4124
f 4225/4258 4226/4259 4227/4260 4078/4111
f 4225/4258 4078/4111 4077/4110 4081/4114
f 4225/4258 4223/4256 4222/4255 4226/4259
f 4227/4260 4226/4259 4228/4261 4229/4262
f 4227/4260 4229/4262 4230/4263 4075/4108
f 4227/4260 4075/4108 4074/4107 4078/4111
f 4230/4263 4229/4262 4231/4264 4232/4265
f 4230/4263 4232/4265 4233/4266 4072/4105
f 4230/4263 4072/4105 4071/4104 4075/4108
f 4233/4266 4232/4265 4234/4267 4235/4268
f 4233/4266 4235/4268 4236/4269 4069/4102
f 4233/4266 4069/4102 4068/4101 4072/4105
f 4236/4269 4235/4268 4237/4270 4238/4271
f 4236/4269 4238/4271 4239/4272 4066/4099
f 4236/4269 4066/4099 4065/4098 4069/4102
f 4239/4272 4238/4271 4240/4273 4241/4274
f 4239/4272 4241/4274 4242/4275 4063/4096
f 4239/4272 4063/4096 4062/4095 4066/4099
f 4242/4275 4241/4274 4243/4276 4244/4277
f 4242/4275 4244/4277 4245/4278 4060/4093
f 4242/4275 4060/4093 4059/4092 4063/4096
f 4245/4278 4244/4277 4246/4279 4247/4280
f 4245/4278 4247/4280 4248/4281 4057/4090
f 4245/4278 4057/4090 4056/4089 4060/4093
f 4248/4281 4247/4280 4249/4282 4250/4283
f 4248/4281 4250/4283 4251/4284 4054/4087
f 4248/4281 4054/4087 4053/4086 4057/4090
f 4251/4284 4250/4283 4252/4285 4253/4286
f 4251/4284 4253/4286 4254/4287 4051/4084
f 4251/4284 4051/4084 4050/4083 4054/4087
f 4254/4287 4253/4286 4255/4288 4256/4289
f 4254/4287 4256/4289 4257/4290 4048/4081
f 4254/4287 4048/4081 4047/4080 4051/4084
f 4257/4290 4256/4289 455/457 453/455
f 4257/4290 453/455 451/453 4045/4078
f 4257/4290 4045/4078 4044/4077 4048/4081
f 4256/4289 4255/4288 457/459 455/457
f 4255/4288 4258/4291 459/461 457/459
f 4255/4288 4253/4286 4252/4285 4258/4291
f 4258/4291 4259/4292 461/463 459/461
f 4258/4291 4252/4285 4260/4293 4259/4292
f 4260/4293 4261/4294 4262/4295 4259/4292
f 4260/4293 4252/4285 4250/4283 4249/4282
f 4260/4293 4249/4282 4263/4296 4261/4294
f 4263/4296 4264/4297 4265/4298 4261/4294
f 4263/4296 4249/4282 4247/4280 4246/4279
f 4263/4296 4246/4279 4266/4299 4264/4297
f 4266/4299 4267/4300 4268/4301 4264/4297
f 4266/4299 4246/4279 4244/4277 4243/4276
f 4266/4299 4243/4276 4269/4302 4267/4300
f 4269/4302 4270/4303 4271/4304 4267/4300
f 4269/4302 4243/4276 4241/4274 4240/4273
f 4269/4302 4240/4273 4272/4305 4270/4303
f 4272/4305 4273/4306 4274/4307 4270/4303
f 4272/4305 4240/4273 4238/4271 4237/4270
f 4272/4305 4237/4270 4275/4308 4273/4306
f 4275/4308 4276/4309 4277/4310 4273/4306
f 4275/4308 4237/4270 4235/4268 4234/4267
f 4275/4308 4234/4267 4278/4311 4276/4309
f 4278/4311 4234/4267 4232/4265 4231/4264
f 4278/4311 4231/4264 4279/4312 4280/4313
f 4278/4311 4280/4313 4281/4314 4276/4309
f 4281/4314 4282/4315 4277/4310 4276/4309
f 4281/4314 4280/4313 4283/4316 4284/4317
f 4281/4314 4284/4317 4285/4318 4282/4315
f 4285/4318 4286/4319 4287/4320 4282/4315
f 4285/4318 4284/4317 4288/4321 4289/4322
f 4285/4318 4289/4322 4290/4323 4286/4319
f 4290/4323 4291/4324 4292/4325 4286/4319
f 4290/4323 4289/4322 4293/4326 4294/4327
f 4290/4323 4294/4327 4295/4328 4291/4324
f 4295/4328 4296/4329 4297/4330 4291/4324
f 4295/4328 4294/4327 4298/4331 4299/4332
f 4295/4328 4299/4332 4300/4333 4296/4329
f 4300/4333 4301/4334 4302/4335 4296/4329
f 4300/4333 4299/4332 4303/4336 4304/4337
f 4300/4333 4304/4337 4305/4338 4301/4334
f 4305/4338 4306/4339 4307/4340 4301/4334
f 4305/4338 4304/4337 4308/4341 4309/4342
f 4305/4338 4309/4342 4310/4343 4306/4339
f 4310/4343 487/489 485/487 4306/4339
f 4310/4343 4309/4342 4311/4344 4312/4345
f 4310/4343 4312/4345 489/491 487/489
f 4312/4345 4311/4344 4313/4346 4314/4347
f 4312/4345 4314/4347 491/493 489/491
f 4314/4347 4313/4346 4315/4348 4316/4349
f 4314/4347 4316/4349 493/495 491/493
f 4316/4349 4315/4348 4195/4228 4317/4350
f 4316/4349 4317/4350 495/497 493/495
f 4317/4350 4195/4228 4193/4226 4192/4225
f 4317/4350 4192/4225 497/499 495/497
f 4315/4348 4313/4346 4318/4351 4198/4231
f 4315/4348 4198/4231 4196/4229 4195/4228
f 4318/4351 4313/4346 4311/4344 4319/4352
f 4318/4351 4319/4352 4320/4353 4201/4234
f 4318/4351 4201/4234 4199/4232 4198/4231
f 4320/4353 4319/4352 4308/4341 4321/4354
f 4320/4353 4321/4354 4322/4355 4204/4237
f 4320/4353 4204/4237 4202/4235 4201/4234
f 4322/4355 4321/4354 4303/4336 4323/4356
f 4322/4355 4323/4356 4324/4357 4207/4240
f 4322/4355 4207/4240 4205/4238 4204/4237
f 4324/4357 4323/4356 4298/4331 4325/4358
f 4324/4357 4325/4358 4326/4359 4210/4243
f 4324/4357 4210/4243 4208/4241 4207/4240
f 4326/4359 4325/4358 4293/4326 4327/4360
f 4326/4359 4327/4360 4328/4361 4213/4246
f 4326/4359 4213/4246 4211/4244 4210/4243
f 4328/4361 4327/4360 4288/4321 4329/4362
f 4328/4361 4329/4362 4330/4363 4216/4249
f 4328/4361 4216/4249 4214/4247 4213/4246
f 4330/4363 4329/4362 4283/4316 4331/4364
f 4330/4363 4331/4364 4332/4365 4219/4252
f 4330/4363 4219/4252 4217/4250 4216/4249
f 4332/4365 4331/4364 4279/4312 4228/4261
f 4332/4365 4228/4261 4226/4259 4222/4255
f 4332/4365 4222/4255 4220/4253 4219/4252
f 4331/4364 4283/4316 4280/4313 4279/4312
f 4329/4362 4288/4321 4284/4317 4283/4316
f 4327/4360 4293/4326 4289/4322 4288/4321
f 4325/4358 4298/4331 4294/4327 4293/4326
f 4323/4356 4303/4336 4299/4332 4298/4331
f 4321/4354 4308/4341 4304/4337 4303/4336
f 4319/4352 4311/4344 4309/4342 4308/4341
f 4307/4340 483/485 481/483 4333/4366
f 4307/4340 4333/4366 4302/4335 4301/4334
f 4307/4340 4306/4339 485/487 483/485
f 4333/4366 481/483 479/481 4334/4367
f 4333/4366 4334/4367 4335/4368 4302/4335
f 4335/4368 4334/4367 4336/4369 4337/4370
f 4335/4368 4337/4370 4338/4371 4297/4330
f 4335/4368 4297/4330 4296/4329 4302/4335
f 4338/4371 4337/4370 4339/4372 4340/4373
f 4338/4371 4340/4373 4341/4374 4292/4325
f 4338/4371 4292/4325 4291/4324 4297/4330
f 4341/4374 4340/4373 4342/4375 4343/4376
f 4341/4374 4343/4376 4344/4377 4287/4320
f 4341/4374 4287/4320 4286/4319 4292/4325
f 4344/4377 4343/4376 4345/4378 4274/4307
f 4344/4377 4274/4307 4273/4306 4277/4310
f 4344/4377 4277/4310 4282/4315 4287/4320
f 4345/4378 4346/4379 4347/4380 4271/4304
f 4345/4378 4271/4304 4270/4303 4274/4307
f 4345/4378 4343/4376 4342/4375 4346/4379
f 4347/4380 4346/4379 4348/4381 4349/4382
f 4347/4380 4349/4382 4350/4383 4268/4301
f 4347/4380 4268/4301 4267/4300 4271/4304
f 4350/4383 4349/4382 4351/4384 4352/4385
f 4350/4383 4352/4385 4353/4386 4265/4298
f 4350/4383 4265/4298 4264/4297 4268/4301
f 4353/4386 4352/4385 467/469 465/467
f 4353/4386 465/467 463/465 4262/4295
f 4353/4386 4262/4295 4261/4294 4265/4298
f 4352/4385 4351/4384 469/471 467/469
f 4351/4384 4354/4387 471/473 469/471
f 4351/4384 4349/4382 4348/4381 4354/4387
f 4354/4387 4348/4381 4355/4388 4356/4389
f 4354/4387 4356/4389 473/475 471/473
f 4356/4389 4355/4388 4339/4372 4357/4390
f 4356/4389 4357/4390 475/477 473/475
f 4357/4390 4339/4372 4337/4370 4336/4369
f 4357/4390 4336/4369 477/479 475/477
f 4355/4388 4348/4381 4346/4379 4342/4375
f 4355/4388 4342/4375 4340/4373 4339/4372
f 4336/4369 4334/4367 479/481 477/479
f 4279/4312 4231/4264 4229/4262 4228/4261
f 4262/4295 463/465 461/463 4259/4292
f 4192/4225 4190/4223 499/501 497/499
f 4092/4125 4088/4121 10/6 9/5
f 4045/4078 451/453 449/451 4042/4075
f 3990/4023 3988/4021 7/3 6/2
f 3986/4019 3985/4018 8/4 7/3
f 3937/3970 3935/3968 519/521 517/519
f 3821/3854 439/441 437/439 3818/3850
f 3694/3722 3692/3720 531/533 529/531
f 3689/3717 543/545 539/541 537/539
f 3687/3715 3422/3444 3421/3443 547/549
f 3560/3585 427/427 425/425 3557/3582
f 3421/3443 550/552 548/550 547/549
f 3419/3441 553/555 551/553 550/552
f 3285/3304 415/415 413/413 3282/3301
f 3137/3153 3135/3151 554/556 553/555
f 817/819 403/403 401/401 814/816
f 672/674 665/667 663/665 662/664
f 249/249 242/242 240/240 239/239
f 4358/4391 4365/4392 4364/4393 4363/4394
f 4358/4391 4367/4395 4366/4396 4365/4392
f 4358/4391 4363/4394 4368/4397 4367/4395
f 4369/4398 4372/4399 4371/4400 4370/4401
f 4359/4402 4375/4403 4374/4404 4373/4405
f 4359/4402 4377/4406 4376/4407 4375/4403
f 4359/4402 4373/4405 4378/4408 4377/4406
f 4360/4409 4381/4410 4380/4411 4379/4412
f 4360/4409 4379/4412 4383/4413 4382/4414
f 4360/4409 4382/4414 4384/4415 4381/4410
f 4361/4416 4387/4417 4386/4418 4385/4419
f 4361/4416 4385/4419 4389/4420 4388/4421
f 4361/4416 4388/4421 4390/4422 4387/4417
f 4362/4423 4393/4424 4392/4425 4391/4426
f 4362/4423 4391/4426 4395/4427 4394/4428
f 4362/4423 4394/4428 4397/4429 4396/4430
f 4397/4429 4399/4431 4398/4432 4396/4430
f 4397/4429 4401/4433 4400/4434 4399/4431
f 4397/4429 4394/4428 4402/4435 4401/4433
f 4402/4435 4404/4436 4403/4437 4401/4433
f 4402/4435 4406/4438 4405/4439 4404/4436
f 4402/4435 4394/4428 4395/4427 4406/4438
f 4406/4438 4408/4440 4407/4441 4405/4439
f 4406/4438 4395/4427 4409/4442 4408/4440
f 4409/4442 4411/4443 4410/4444 4408/4440
f 4409/4442 4413/4445 4412/4446 4411/4443
f 4409/4442 4395/4427 4391/4426 4413/4445
f 4413/4445 4415/4447 4414/4448 4412/4446
f 4413/4445 4391/4426 4392/4425 4415/4447
f 4415/4447 4417/4449 4416/4450 4414/4448
f 4415/4447 4392/4425 4418/4451 4417/4449
f 4418/4451 4392/4425 4393/4424 4419/4452
f 4418/4451 4421/4453 4420/4454 4417/4449
f 4418/4451 4419/4452 4422/4455 4421/4453
f 4422/4455 4419/4452 4424/4456 4423/4457
f 4422/4455 4426/4458 4425/4459 4421/4453
f 4422/4455 4423/4457 4427/4460 4426/4458
f 4427/4460 4423/4457 4429/4461 4428/4462
f 4427/4460 4431/4463 4430/4464 4426/4458
f 4427/4460 4428/4462 4432/4465 4431/4463
f 4432/4465 4428/4462 4434/4466 4433/4467
f 4432/4465 4436/4468 4435/4469 4431/4463
f 4432/4465 4433/4467 4437/4470 4436/4468
f 4437/4470 4433/4467 4439/4471 4438/4472
f 4437/4470 4441/4473 4440/4474 4436/4468
f 4437/4470 4438/4472 4442/4475 4441/4473
f 4442/4475 4438/4472 4444/4476 4443/4477
f 4442/4475 4446/4478 4445/4479 4441/4473
f 4442/4475 4443/4477 4447/4480 4446/4478
f 4447/4480 4443/4477 4449/4481 4448/4482
f 4447/4480 4451/4483 4450/4484 4446/4478
f 4447/4480 4448/4482 4452/4485 4451/4483
f 4452/4485 4448/4482 4454/4486 4453/4487
f 4452/4485 4456/4488 4455/4489 4451/4483
f 4452/4485 4453/4487 4457/4490 4456/4488
f 4457/4490 4453/4487 4459/4491 4458/4492
f 4457/4490 104/104 103/103 4456/4488
f 4457/4490 4458/4492 105/105 104/104
f 105/105 4458/4492 4460/4493 106/106
f 4460/4493 4463/4494 4462/4495 4461/4496
f 4460/4493 4458/4492 4459/4491 4463/4494
f 4460/4493 4461/4496 111/111 106/106
f 111/111 4461/4496 4464/4497 112/112
f 4464/4497 4467/4498 4466/4499 4465/4500
f 4464/4497 4461/4496 4462/4495 4467/4498
f 4464/4497 4465/4500 117/117 112/112
f 117/117 4465/4500 4468/4501 118/118
f 4468/4501 4471/4502 4470/4503 4469/4504
f 4468/4501 4465/4500 4466/4499 4471/4502
f 4468/4501 4469/4504 123/123 118/118
f 123/123 4469/4504 4472/4505 124/124
f 4472/4505 4475/4506 4474/4507 4473/4508
f 4472/4505 4469/4504 4470/4503 4475/4506
f 4472/4505 4473/4508 129/129 124/124
f 129/129 4473/4508 4476/4509 130/130
f 4476/4509 4477/4510 132/132 130/130
f 4476/4509 4479/4511 4478/4512 4477/4510
f 4476/4509 4473/4508 4474/4507 4479/4511
f 4479/4511 4481/4513 4480/4514 4478/4512
f 4479/4511 4474/4507 4482/4515 4481/4513
f 4482/4515 4484/4516 4483/4517 4481/4513
f 4482/4515 4486/4518 4485/4519 4484/4516
f 4482/4515 4474/4507 4475/4506 4486/4518
f 4486/4518 4488/4520 4487/4521 4485/4519
f 4486/4518 4475/4506 4470/4503 4488/4520
f 4488/4520 4490/4522 4489/4523 4487/4521
f 4488/4520 4470/4503 4471/4502 4490/4522
f 4490/4522 4492/4524 4491/4525 4489/4523
f 4490/4522 4471/4502 4466/4499 4492/4524
f 4492/4524 4494/4526 4493/4527 4491/4525
f 4492/4524 4466/4499 4467/4498 4494/4526
f 4494/4526 4496/4528 4495/4529 4493/4527
f 4494/4526 4467/4498 4462/4495 4496/4528
f 4496/4528 4498/4530 4497/4531 4495/4529
f 4496/4528 4462/4495 4463/4494 4498/4530
f 4498/4530 4500/4532 4499/4533 4497/4531
f 4498/4530 4463/4494 4459/4491 4500/4532
f 4500/4532 4454/4486 4501/4534 4499/4533
f 4500/4532 4459/4491 4453/4487 4454/4486
f 4501/4534 4503/4535 4502/4536 4499/4533
f 4501/4534 4449/4481 4504/4537 4503/4535
f 4501/4534 4454/4486 4448/4482 4449/4481
f 4504/4537 4506/4538 4505/4539 4503/4535
f 4504/4537 4444/4476 4507/4540 4506/4538
f 4504/4537 4449/4481 4443/4477 4444/4476
f 4507/4540 4509/4541 4508/4542 4506/4538
f 4507/4540 4439/4471 4510/4543 4509/4541
f 4507/4540 4444/4476 4438/4472 4439/4471
f 4510/4543 4512/4544 4511/4545 4509/4541
f 4510/4543 4434/4466 4513/4546 4512/4544
f 4510/4543 4439/4471 4433/4467 4434/4466
f 4513/4546 4515/4547 4514/4548 4512/4544
f 4513/4546 4429/4461 4516/4549 4515/4547
f 4513/4546 4434/4466 4428/4462 4429/4461
f 4516/4549 4518/4550 4517/4551 4515/4547
f 4516/4549 4424/4456 4519/4552 4518/4550
f 4516/4549 4429/4461 4423/4457 4424/4456
f 4519/4552 4521/4553 4520/4554 4518/4550
f 4519/4552 4393/4424 4362/4423 4521/4553
f 4519/4552 4424/4456 4419/4452 4393/4424
f 4521/4553 4523/4555 4522/4556 4520/4554
f 4521/4553 4362/4423 4396/4430 4523/4555
f 4523/4555 4525/4557 4524/4558 4522/4556
f 4523/4555 4396/4430 4398/4432 4525/4557
f 4525/4557 4527/4559 4526/4560 4524/4558
f 4525/4557 4398/4432 4528/4561 4527/4559
f 4528/4561 4530/4562 4529/4563 4527/4559
f 4528/4561 4532/4564 4531/4565 4530/4562
f 4528/4561 4398/4432 4399/4431 4532/4564
f 4532/4564 4534/4566 4533/4567 4531/4565
f 4532/4564 4399/4431 4400/4434 4534/4566
f 4534/4566 4536/4568 4535/4569 4533/4567
f 4534/4566 4400/4434 4537/4570 4536/4568
f 4537/4570 4539/4571 4538/4572 4536/4568
f 4537/4570 4403/4437 4540/4573 4539/4571
f 4537/4570 4400/4434 4401/4433 4403/4437
f 4540/4573 4542/4574 4541/4575 4539/4571
f 4540/4573 4544/4576 4543/4577 4542/4574
f 4540/4573 4403/4437 4404/4436 4544/4576
f 4544/4576 4546/4578 4545/4579 4543/4577
f 4544/4576 4404/4436 4405/4439 4546/4578
f 4546/4578 4548/4580 4547/4581 4545/4579
f 4546/4578 4405/4439 4407/4441 4548/4580
f 4548/4580 4550/4582 4549/4583 4547/4581
f 4548/4580 4407/4441 4551/4584 4550/4582
f 4551/4584 4553/4585 4552/4586 4550/4582
f 4551/4584 4410/4444 4554/4587 4553/4585
f 4551/4584 4407/4441 4408/4440 4410/4444
f 4554/4587 4556/4588 4555/4589 4553/4585
f 4554/4587 4558/4590 4557/4591 4556/4588
f 4554/4587 4410/4444 4411/4443 4558/4590
f 4558/4590 4560/4592 4559/4593 4557/4591
f 4558/4590 4411/4443 4412/4446 4560/4592
f 4560/4592 4562/4594 4561/4595 4559/4593
f 4560/4592 4412/4446 4414/4448 4562/4594
f 4562/4594 4564/4596 4563/4597 4561/4595
f 4562/4594 4414/4448 4416/4450 4564/4596
f 4564/4596 4566/4598 4565/4599 4563/4597
f 4564/4596 4416/4450 4567/4600 4566/4598
f 4567/4600 4416/4450 4417/4449 4420/4454
f 4567/4600 4569/4601 4568/4602 4566/4598
f 4567/4600 4420/4454 4570/4603 4569/4601
f 4570/4603 4420/4454 4421/4453 4425/4459
f 4570/4603 4572/4604 4571/4605 4569/4601
f 4570/4603 4425/4459 4573/4606 4572/4604
f 4573/4606 4425/4459 4426/4458 4430/4464
f 4573/4606 4575/4607 4574/4608 4572/4604
f 4573/4606 4430/4464 4576/4609 4575/4607
f 4576/4609 4430/4464 4431/4463 4435/4469
f 4576/4609 4578/4610 4577/4611 4575/4607
f 4576/4609 4435/4469 4579/4612 4578/4610
f 4579/4612 4435/4469 4436/4468 4440/4474
f 4579/4612 4581/4613 4580/4614 4578/4610
f 4579/4612 4440/4474 4582/4615 4581/4613
f 4582/4615 4440/4474 4441/4473 4445/4479
f 4582/4615 4584/4616 4583/4617 4581/4613
f 4582/4615 4445/4479 4585/4618 4584/4616
f 4585/4618 4445/4479 4446/4478 4450/4484
f 4585/4618 4587/4619 4586/4620 4584/4616
f 4585/4618 4450/4484 4588/4621 4587/4619
f 4588/4621 4450/4484 4451/4483 4455/4489
f 4588/4621 246/246 245/245 4587/4619
f 4588/4621 4455/4489 247/247 246/246
f 247/247 4455/4489 4456/4488 103/103
f 245/245 248/248 4586/4620 4587/4619
f 248/248 250/250 4589/4622 4586/4620
f 250/250 252/252 4590/4623 4589/4622
f 252/252 254/254 4591/4624 4590/4623
f 254/254 256/256 4592/4625 4591/4624
f 256/256 258/258 4593/4626 4592/4625
f 258/258 260/260 4594/4627 4593/4626
f 260/260 262/262 4595/4628 4594/4627
f 262/262 264/264 4596/4629 4595/4628
f 264/264 266/266 4597/4630 4596/4629
f 266/266 268/268 4598/4631 4597/4630
f 268/268 270/270 4599/4632 4598/4631
f 270/270 272/272 4600/4633 4599/4632
f 272/272 274/274 4601/4634 4600/4633
f 274/274 276/276 4602/4635 4601/4634
f 276/276 278/278 4603/4636 4602/4635
f 278/278 280/280 4604/4637 4603/4636
f 280/280 282/282 4605/4638 4604/4637
f 282/282 284/284 4606/4639 4605/4638
f 284/284 286/286 4607/4640 4606/4639
f 286/286 288/288 4608/4641 4607/4640
f 288/288 290/290 4609/4642 4608/4641
f 290/290 292/292 4610/4643 4609/4642
f 292/292 294/294 4611/4644 4610/4643
f 294/294 296/296 4612/4645 4611/4644
f 296/296 298/298 4613/4646 4612/4645
f 298/298 300/300 4614/4647 4613/4646
f 300/300 302/302 4615/4648 4614/4647
f 302/302 304/304 4616/4649 4615/4648
f 304/304 306/306 4617/4650 4616/4649
f 306/306 308/308 4618/4651 4617/4650
f 308/308 310/310 4619/4652 4618/4651
f 310/310 312/312 4620/4653 4619/4652
f 312/312 314/314 4621/4654 4620/4653
f 314/314 316/316 4622/4655 4621/4654
f 316/316 318/318 4623/4656 4622/4655
f 318/318 320/320 4624/4657 4623/4656
f 320/320 322/322 4625/4658 4624/4657
f 322/322 324/324 4626/4659 4625/4658
f 324/324 326/326 4627/4660 4626/4659
f 326/326 328/328 4628/4661 4627/4660
f 328/328 330/330 4629/4662 4628/4661
f 330/330 332/332 4630/4663 4629/4662
f 332/332 334/334 4631/4664 4630/4663
f 334/334 336/336 4632/4665 4631/4664
f 336/336 338/338 4633/4666 4632/4665
f 338/338 340/340 4634/4667 4633/4666
f 340/340 342/342 4635/4668 4634/4667
f 342/342 344/344 4636/4669 4635/4668
f 344/344 346/346 4637/4670 4636/4669
f 346/346 348/348 4638/4671 4637/4670
f 348/348 350/350 4639/4672 4638/4671
f 350/350 352/352 4640/4673 4639/4672
f 352/352 354/354 4641/4674 4640/4673
f 354/354 356/356 4642/4675 4641/4674
f 356/356 358/358 4643/4676 4642/4675
f 358/358 360/360 4644/4677 4643/4676
f 360/360 362/362 4645/4678 4644/4677
f 362/362 364/364 4646/4679 4645/4678
f 364/364 366/366 4647/4680 4646/4679
f 366/366 368/368 4648/4681 4647/4680
f 368/368 370/370 4649/4682 4648/4681
f 370/370 372/372 4650/4683 4649/4682
f 372/372 374/374 4651/4684 4650/4683
f 374/374 376/376 4652/4685 4651/4684
f 376/376 378/378 4653/4686 4652/4685
f 378/378 380/380 4654/4687 4653/4686
f 380/380 382/382 4655/4688 4654/4687
f 382/382 384/384 4656/4689 4655/4688
f 384/384 386/386 4657/4690 4656/4689
f 386/386 388/388 4658/4691 4657/4690
f 388/388 390/390 4659/4692 4658/4691
f 390/390 392/392 4660/4693 4659/4692
f 392/392 394/394 4661/4694 4660/4693
f 394/394 396/396 4662/4695 4661/4694
f 396/396 398/398 4663/4696 4662/4695
f 398/398 400/400 4664/4697 4663/4696
f 400/400 402/402 4665/4698 4664/4697
f 402/402 404/404 4666/4699 4665/4698
f 404/404 406/406 4667/4700 4666/4699
f 406/406 408/408 4668/4701 4667/4700
f 408/408 410/410 4669/4702 4668/4701
f 410/410 412/412 4670/4703 4669/4702
f 412/412 414/414 4671/4704 4670/4703
f 414/414 416/416 4672/4705 4671/4704
f 416/416 418/418 4673/4706 4672/4705
f 418/418 420/420 4674/4707 4673/4706
f 420/420 422/422 4675/4708 4674/4707
f 422/422 424/424 4676/4709 4675/4708
f 424/424 426/426 4677/4710 4676/4709
f 426/426 428/428 4678/4711 4677/4710
f 428/428 430/430 4679/4712 4678/4711
f 430/430 432/432 4680/4713 4679/4712
f 432/432 434/434 4681/4714 4680/4713
f 434/434 436/436 4682/4715 4681/4714
f 436/437 438/440 4683/4716 4682/4717
f 438/440 440/442 4684/4718 4683/4716
f 440/442 442/444 4685/4719 4684/4718
f 442/444 444/446 4686/4720 4685/4719
f 444/446 446/448 4687/4721 4686/4720
f 446/448 448/450 4688/4722 4687/4721
f 448/450 450/452 4689/4723 4688/4722
f 450/452 452/454 4690/4724 4689/4723
f 452/454 454/456 4691/4725 4690/4724
f 454/456 456/458 4692/4726 4691/4725
f 456/458 458/460 4693/4727 4692/4726
f 458/460 460/462 4694/4728 4693/4727
f 460/462 462/464 4695/4729 4694/4728
f 462/464 464/466 4696/4730 4695/4729
f 464/466 466/468 4697/4731 4696/4730
f 466/468 468/470 4698/4732 4697/4731
f 468/470 470/472 4699/4733 4698/4732
f 470/472 472/474 4700/4734 4699/4733
f 472/474 474/476 4701/4735 4700/4734
f 474/476 476/478 4702/4736 4701/4735
f 476/478 478/480 4703/4737 4702/4736
f 478/480 480/482 4704/4738 4703/4737
f 480/482 482/484 4705/4739 4704/4738
f 482/484 484/486 4706/4740 4705/4739
f 484/486 486/488 4707/4741 4706/4740
f 486/488 488/490 4708/4742 4707/4741
f 488/490 490/492 4709/4743 4708/4742
f 490/492 492/494 4710/4744 4709/4743
f 492/494 494/496 4711/4745 4710/4744
f 494/496 496/498 4712/4746 4711/4745
f 496/498 498/500 4713/4747 4712/4746
f 498/500 500/502 4714/4748 4713/4747
f 500/502 502/504 4715/4749 4714/4748
f 502/504 504/506 4716/4750 4715/4749
f 504/506 506/508 4717/4751 4716/4750
f 506/508 508/510 4718/4752 4717/4751
f 508/510 510/512 4719/4753 4718/4752
f 510/512 512/514 4720/4754 4719/4753
f 512/514 514/516 4721/4755 4720/4754
f 514/516 516/518 4722/4756 4721/4755
f 516/518 518/520 4723/4757 4722/4756
f 518/520 520/522 4724/4758 4723/4757
f 520/522 522/524 4725/4759 4724/4758
f 522/524 524/526 4726/4760 4725/4759
f 524/526 526/528 4727/4761 4726/4760
f 526/528 528/530 4728/4762 4727/4761
f 528/530 530/532 4729/4763 4728/4762
f 530/532 532/534 4730/4764 4729/4763
f 532/534 534/536 4731/4765 4730/4764
f 534/536 536/538 4732/4766 4731/4765
f 536/538 538/540 4733/4767 4732/4766
f 538/540 540/542 4734/4768 4733/4767
f 540/542 542/544 4735/4769 4734/4768
f 542/544 132/132 4477/4510 4735/4769
f 4735/4769 4737/4770 4736/4771 4734/4768
f 4735/4769 4477/4510 4478/4512 4737/4770
f 4737/4770 4739/4772 4738/4773 4736/4771
f 4737/4770 4478/4512 4480/4514 4739/4772
f 4739/4772 4741/4774 4740/4775 4738/4773
f 4739/4772 4480/4514 4742/4776 4741/4774
f 4742/4776 4744/4777 4743/4778 4741/4774
f 4742/4776 4483/4517 4745/4779 4744/4777
f 4742/4776 4480/4514 4481/4513 4483/4517
f 4745/4779 4747/4780 4746/4781 4744/4777
f 4745/4779 4749/4782 4748/4783 4747/4780
f 4745/4779 4483/4517 4484/4516 4749/4782
f 4749/4782 4751/4784 4750/4785 4748/4783
f 4749/4782 4484/4516 4485/4519 4751/4784
f 4751/4784 4753/4786 4752/4787 4750/4785
f 4751/4784 4485/4519 4487/4521 4753/4786
f 4753/4786 4755/4788 4754/4789 4752/4787
f 4753/4786 4487/4521 4489/4523 4755/4788
f 4755/4788 4757/4790 4756/4791 4754/4789
f 4755/4788 4489/4523 4491/4525 4757/4790
f 4757/4790 4759/4792 4758/4793 4756/4791
f 4757/4790 4491/4525 4493/4527 4759/4792
f 4759/4792 4761/4794 4760/4795 4758/4793
f 4759/4792 4493/4527 4495/4529 4761/4794
f 4761/4794 4763/4796 4762/4797 4760/4795
f 4761/4794 4495/4529 4497/4531 4763/4796
f 4763/4796 4502/4536 4764/4798 4762/4797
f 4763/4796 4497/4531 4499/4533 4502/4536
f 4764/4798 4766/4799 4765/4800 4762/4797
f 4764/4798 4505/4539 4767/4801 4766/4799
f 4764/4798 4502/4536 4503/4535 4505/4539
f 4767/4801 4769/4802 4768/4803 4766/4799
f 4767/4801 4508/4542 4770/4804 4769/4802
f 4767/4801 4505/4539 4506/4538 4508/4542
f 4770/4804 4772/4805 4771/4806 4769/4802
f 4770/4804 4511/4545 4773/4807 4772/4805
f 4770/4804 4508/4542 4509/4541 4511/4545
f 4773/4807 4775/4808 4774/4809 4772/4805
f 4773/4807 4514/4548 4776/4810 4775/4808
f 4773/4807 4511/4545 4512/4544 4514/4548
f 4776/4810 4778/4811 4777/4812 4775/4808
f 4776/4810 4517/4551 4779/4813 4778/4811
f 4776/4810 4514/4548 4515/4547 4517/4551
f 4779/4813 4781/4814 4780/4815 4778/4811
f 4779/4813 4520/4554 4522/4556 4781/4814
f 4779/4813 4517/4551 4518/4550 4520/4554
f 4781/4814 4783/4816 4782/4817 4780/4815
f 4781/4814 4522/4556 4524/4558 4783/4816
f 4783/4816 4785/4818 4784/4819 4782/4817
f 4783/4816 4524/4558 4526/4560 4785/4818
f 4785/4818 4787/4820 4786/4821 4784/4819
f 4785/4818 4526/4560 4788/4822 4787/4820
f 4788/4822 4790/4823 4789/4824 4787/4820
f 4788/4822 4529/4563 4791/4825 4790/4823
f 4788/4822 4526/4560 4527/4559 4529/4563
f 4791/4825 4793/4826 4792/4827 4790/4823
f 4791/4825 4795/4828 4794/4829 4793/4826
f 4791/4825 4529/4563 4530/4562 4795/4828
f 4795/4828 4797/4830 4796/4831 4794/4829
f 4795/4828 4530/4562 4531/4565 4797/4830
f 4797/4830 4799/4832 4798/4833 4796/4831
f 4797/4830 4531/4565 4533/4567 4799/4832
f 4799/4832 4801/4834 4800/4835 4798/4833
f 4799/4832 4533/4567 4535/4569 4801/4834
f 4801/4834 4803/4836 4802/4837 4800/4835
f 4801/4834 4535/4569 4804/4838 4803/4836
f 4804/4838 4806/4839 4805/4840 4803/4836
f 4804/4838 4538/4572 4807/4841 4806/4839
f 4804/4838 4535/4569 4536/4568 4538/4572
f 4807/4841 4809/4842 4808/4843 4806/4839
f 4807/4841 4541/4575 4810/4844 4809/4842
f 4807/4841 4538/4572 4539/4571 4541/4575
f 4810/4844 4812/4845 4811/4846 4809/4842
f 4810/4844 4814/4847 4813/4848 4812/4845
f 4810/4844 4541/4575 4542/4574 4814/4847
f 4814/4847 4816/4849 4815/4850 4813/4848
f 4814/4847 4542/4574 4543/4577 4816/4849
f 4816/4849 4818/4851 4817/4852 4815/4850
f 4816/4849 4543/4577 4545/4579 4818/4851
f 4818/4851 4820/4853 4819/4854 4817/4852
f 4818/4851 4545/4579 4547/4581 4820/4853
f 4820/4853 4822/4855 4821/4856 4819/4854
f 4820/4853 4547/4581 4549/4583 4822/4855
f 4822/4855 4824/4857 4823/4858 4821/4856
f 4822/4855 4549/4583 4825/4859 4824/4857
f 4825/4859 4827/4860 4826/4861 4824/4857
f 4825/4859 4552/4586 4828/4862 4827/4860
f 4825/4859 4549/4583 4550/4582 4552/4586
f 4828/4862 4830/4863 4829/4864 4827/4860
f 4828/4862 4555/4589 4831/4865 4830/4863
f 4828/4862 4552/4586 4553/4585 4555/4589
f 4831/4865 4833/4866 4832/4867 4830/4863
f 4831/4865 4835/4868 4834/4869 4833/4866
f 4831/4865 4555/4589 4556/4588 4835/4868
f 4835/4868 4837/4870 4836/4871 4834/4869
f 4835/4868 4556/4588 4557/4591 4837/4870
f 4837/4870 4839/4872 4838/4873 4836/4871
f 4837/4870 4557/4591 4559/4593 4839/4872
f 4839/4872 4841/4874 4840/4875 4838/4873
f 4839/4872 4559/4593 4561/4595 4841/4874
f 4841/4874 4843/4876 4842/4877 4840/4875
f 4841/4874 4561/4595 4563/4597 4843/4876
f 4843/4876 4845/4878 4844/4879 4842/4877
f 4843/4876 4563/4597 4565/4599 4845/4878
f 4845/4878 4847/4880 4846/4881 4844/4879
f 4845/4878 4565/4599 4848/4882 4847/4880
f 4848/4882 4565/4599 4566/4598 4568/4602
f 4848/4882 4850/4883 4849/4884 4847/4880
f 4848/4882 4568/4602 4851/4885 4850/4883
f 4851/4885 4568/4602 4569/4601 4571/4605
f 4851/4885 4853/4886 4852/4887 4850/4883
f 4851/4885 4571/4605 4854/4888 4853/4886
f 4854/4888 4571/4605 4572/4604 4574/4608
f 4854/4888 4856/4889 4855/4890 4853/4886
f 4854/4888 4574/4608 4857/4891 4856/4889
f 4857/4891 4574/4608 4575/4607 4577/4611
f 4857/4891 4859/4892 4858/4893 4856/4889
f 4857/4891 4577/4611 4860/4894 4859/4892
f 4860/4894 4577/4611 4578/4610 4580/4614
f 4860/4894 4862/4895 4861/4896 4859/4892
f 4860/4894 4580/4614 4863/4897 4862/4895
f 4863/4897 4580/4614 4581/4613 4583/4617
f 4863/4897 4590/4623 4591/4624 4862/4895
f 4863/4897 4583/4617 4589/4622 4590/4623
f 4862/4895 4591/4624 4592/4625 4861/4896
f 4861/4896 4864/4898 4858/4893 4859/4892
f 4861/4896 4592/4625 4593/4626 4864/4898
f 4864/4898 4866/4899 4865/4900 4858/4893
f 4864/4898 4593/4626 4594/4627 4866/4899
f 4866/4899 4868/4901 4867/4902 4865/4900
f 4866/4899 4594/4627 4595/4628 4868/4901
f 4868/4901 4870/4903 4869/4904 4867/4902
f 4868/4901 4595/4628 4596/4629 4870/4903
f 4870/4903 4872/4905 4871/4906 4869/4904
f 4870/4903 4596/4629 4597/4630 4872/4905
f 4872/4905 4874/4907 4873/4908 4871/4906
f 4872/4905 4597/4630 4598/4631 4874/4907
f 4874/4907 4876/4909 4875/4910 4873/4908
f 4874/4907 4598/4631 4599/4632 4876/4909
f 4876/4909 4878/4911 4877/4912 4875/4910
f 4876/4909 4599/4632 4600/4633 4878/4911
f 4878/4911 4880/4913 4879/4914 4877/4912
f 4878/4911 4600/4633 4601/4634 4880/4913
f 4880/4913 4882/4915 4881/4916 4879/4914
f 4880/4913 4601/4634 4602/4635 4882/4915
f 4882/4915 4884/4917 4883/4918 4881/4916
f 4882/4915 4602/4635 4603/4636 4884/4917
f 4884/4917 4886/4919 4885/4920 4883/4918
f 4884/4917 4603/4636 4604/4637 4886/4919
f 4886/4919 4888/4921 4887/4922 4885/4920
f 4886/4919 4604/4637 4605/4638 4888/4921
f 4888/4921 4890/4923 4889/4924 4887/4922
f 4888/4921 4605/4638 4606/4639 4890/4923
f 4890/4923 4892/4925 4891/4926 4889/4924
f 4890/4923 4606/4639 4607/4640 4892/4925
f 4892/4925 4894/4927 4893/4928 4891/4926
f 4892/4925 4607/4640 4608/4641 4894/4927
f 4894/4927 4896/4929 4895/4930 4893/4928
f 4894/4927 4608/4641 4609/4642 4896/4929
f 4896/4929 4898/4931 4897/4932 4895/4930
f 4896/4929 4609/4642 4610/4643 4898/4931
f 4898/4931 4900/4933 4899/4934 4897/4932
f 4898/4931 4610/4643 4611/4644 4900/4933
f 4900/4933 4902/4935 4901/4936 4899/4934
f 4900/4933 4611/4644 4612/4645 4902/4935
f 4902/4935 4904/4937 4903/4938 4901/4936
f 4902/4935 4612/4645 4613/4646 4904/4937
f 4904/4937 4906/4939 4905/4940 4903/4938
f 4904/4937 4613/4646 4614/4647 4906/4939
f 4906/4939 4908/4941 4907/4942 4905/4940
f 4906/4939 4614/4647 4615/4648 4908/4941
f 4908/4941 4910/4943 4909/4944 4907/4942
f 4908/4941 4615/4648 4616/4649 4910/4943
f 4910/4943 4912/4945 4911/4946 4909/4944
f 4910/4943 4616/4649 4617/4650 4912/4945
f 4912/4945 4914/4947 4913/4948 4911/4946
f 4912/4945 4617/4650 4618/4651 4914/4947
f 4914/4947 4916/4949 4915/4950 4913/4948
f 4914/4947 4618/4651 4619/4652 4916/4949
f 4916/4949 4918/4951 4917/4952 4915/4950
f 4916/4949 4619/4652 4620/4653 4918/4951
f 4918/4951 4920/4953 4919/4954 4917/4952
f 4918/4951 4620/4653 4621/4654 4920/4953
f 4920/4953 4922/4955 4921/4956 4919/4954
f 4920/4953 4621/4654 4622/4655 4922/4955
f 4922/4955 4924/4957 4923/4958 4921/4956
f 4922/4955 4622/4655 4623/4656 4924/4957
f 4924/4957 4926/4959 4925/4960 4923/4958
f 4924/4957 4623/4656 4624/4657 4926/4959
f 4926/4959 4928/4961 4927/4962 4925/4960
f 4926/4959 4624/4657 4625/4658 4928/4961
f 4928/4961 4930/4963 4929/4964 4927/4962
f 4928/4961 4625/4658 4626/4659 4930/4963
f 4930/4963 4932/4965 4931/4966 4929/4964
f 4930/4963 4626/4659 4627/4660 4932/4965
f 4932/4965 4934/4967 4933/4968 4931/4966
f 4932/4965 4627/4660 4628/4661 4934/4967
f 4934/4967 4936/4969 4935/4970 4933/4968
f 4934/4967 4628/4661 4629/4662 4936/4969
f 4936/4969 4938/4971 4937/4972 4935/4970
f 4936/4969 4629/4662 4630/4663 4938/4971
f 4938/4971 4940/4973 4939/4974 4937/4972
f 4938/4971 4630/4663 4631/4664 4940/4973
f 4940/4973 4942/4975 4941/4976 4939/4974
f 4940/4973 4631/4664 4632/4665 4942/4975
f 4942/4975 4944/4977 4943/4978 4941/4976
f 4942/4975 4632/4665 4633/4666 4944/4977
f 4944/4977 4946/4979 4945/4980 4943/4978
f 4944/4977 4633/4666 4634/4667 4946/4979
f 4946/4979 4948/4981 4947/4982 4945/4980
f 4946/4979 4634/4667 4635/4668 4948/4981
f 4948/4981 4950/4983 4949/4984 4947/4982
f 4948/4981 4635/4668 4636/4669 4950/4983
f 4950/4983 4952/4985 4951/4986 4949/4984
f 4950/4983 4636/4669 4637/4670 4952/4985
f 4952/4985 4954/4987 4953/4988 4951/4986
f 4952/4985 4637/4670 4638/4671 4954/4987
f 4954/4987 4956/4989 4955/4990 4953/4988
f 4954/4987 4638/4671 4639/4672 4956/4989
f 4956/4989 4958/4991 4957/4992 4955/4990
f 4956/4989 4639/4672 4640/4673 4958/4991
f 4958/4991 4960/4993 4959/4994 4957/4992
f 4958/4991 4640/4673 4641/4674 4960/4993
f 4960/4993 4962/4995 4961/4996 4959/4994
f 4960/4993 4641/4674 4642/4675 4962/4995
f 4962/4995 4964/4997 4963/4998 4961/4996
f 4962/4995 4642/4675 4643/4676 4964/4997
f 4964/4997 4966/4999 4965/5000 4963/4998
f 4964/4997 4643/4676 4644/4677 4966/4999
f 4966/4999 4968/5001 4967/5002 4965/5000
f 4966/4999 4644/4677 4645/4678 4968/5001
f 4968/5001 4970/5003 4969/5004 4967/5002
f 4968/5001 4645/4678 4646/4679 4970/5003
f 4970/5003 4972/5005 4971/5006 4969/5004
f 4970/5003 4646/4679 4647/4680 4972/5005
f 4972/5005 4974/5007 4973/5008 4971/5006
f 4972/5005 4647/4680 4648/4681 4974/5007
f 4974/5007 4976/5009 4975/5010 4973/5008
f 4974/5007 4648/4681 4649/4682 4976/5009
f 4976/5009 4978/5011 4977/5012 4975/5010
f 4976/5009 4649/4682 4650/4683 4978/5011
f 4978/5011 4980/5013 4979/5014 4977/5012
f 4978/5011 4650/4683 4651/4684 4980/5013
f 4980/5013 4982/5015 4981/5016 4979/5014
f 4980/5013 4651/4684 4652/4685 4982/5015
f 4982/5015 4984/5017 4983/5018 4981/5016
f 4982/5015 4652/4685 4653/4686 4984/5017
f 4984/5017 4986/5019 4985/5020 4983/5018
f 4984/5017 4653/4686 4654/4687 4986/5019
f 4986/5019 4988/5021 4987/5022 4985/5020
f 4986/5019 4654/4687 4655/4688 4988/5021
f 4988/5021 4990/5023 4989/5024 4987/5022
f 4988/5021 4655/4688 4656/4689 4990/5023
f 4990/5023 4992/5025 4991/5026 4989/5024
f 4990/5023 4656/4689 4657/4690 4992/5025
f 4992/5025 4994/5027 4993/5028 4991/5026
f 4992/5025 4657/4690 4658/4691 4994/5027
f 4994/5027 4996/5029 4995/5030 4993/5028
f 4994/5027 4658/4691 4659/4692 4996/5029
f 4996/5029 4998/5031 4997/5032 4995/5030
f 4996/5029 4659/4692 4660/4693 4998/5031
f 4998/5031 5000/5033 4999/5034 4997/5032
f 4998/5031 4660/4693 4661/4694 5000/5033
f 5000/5033 5002/5035 5001/5036 4999/5034
f 5000/5033 4661/4694 4662/4695 5002/5035
f 5002/5035 5004/5037 5003/5038 5001/5036
f 5002/5035 4662/4695 4663/4696 5004/5037
f 5004/5037 5006/5039 5005/5040 5003/5038
f 5004/5037 4663/4696 4664/4697 5006/5039
f 5006/5039 4664/4697 4665/4698 5007/5041
f 5006/5039 5007/5041 5008/5042 5005/5040
f 5008/5042 5007/5041 5010/5043 5009/5044
f 5008/5042 5012/5045 5011/5046 5005/5040
f 5008/5042 5009/5044 5013/5047 5012/5045
f 5013/5047 5009/5044 5015/5048 5014/5049
f 5013/5047 5017/5050 5016/5051 5012/5045
f 5013/5047 5014/5049 5018/5052 5017/5050
f 5018/5052 5014/5049 5020/5053 5019/5054
f 5018/5052 5022/5055 5021/5056 5017/5050
f 5018/5052 5019/5054 5023/5057 5022/5055
f 5023/5057 5019/5054 5025/5058 5024/5059
f 5023/5057 5027/5060 5026/5061 5022/5055
f 5023/5057 5024/5059 5028/5062 5027/5060
f 5028/5062 5024/5059 5030/5063 5029/5064
f 5028/5062 5032/5065 5031/5066 5027/5060
f 5028/5062 5029/5064 5033/5067 5032/5065
f 5033/5067 5029/5064 5035/5068 5034/5069
f 5033/5067 5037/5070 5036/5071 5032/5065
f 5033/5067 5034/5069 5038/5072 5037/5070
f 5038/5072 5034/5069 5040/5073 5039/5074
f 5038/5072 5042/5075 5041/5076 5037/5070
f 5038/5072 5039/5074 5043/5077 5042/5075
f 5043/5077 5039/5074 5045/5078 5044/5079
f 5043/5077 5047/5080 5046/5081 5042/5075
f 5043/5077 5044/5079 5048/5082 5047/5080
f 5048/5082 5044/5079 5050/5083 5049/5084
f 5048/5082 5052/5085 5051/5086 5047/5080
f 5048/5082 5049/5084 5053/5087 5052/5085
f 5053/5087 5049/5084 5055/5088 5054/5089
f 5053/5087 5057/5090 5056/5091 5052/5085
f 5053/5087 5054/5089 5058/5092 5057/5090
f 5058/5092 5054/5089 5060/5093 5059/5094
f 5058/5092 5062/5095 5061/5096 5057/5090
f 5058/5092 5059/5094 5063/5097 5062/5095
f 5063/5097 5059/5094 5065/5098 5064/5099
f 5063/5097 5067/5100 5066/5101 5062/5095
f 5063/5097 5064/5099 5068/5102 5067/5100
f 5068/5102 5064/5099 5070/5103 5069/5104
f 5068/5102 5072/5105 5071/5106 5067/5100
f 5068/5102 5069/5104 5073/5107 5072/5105
f 5073/5107 5069/5104 5075/5108 5074/5109
f 5073/5107 5077/5110 5076/5111 5072/5105
f 5073/5107 5074/5109 5078/5112 5077/5110
f 5078/5112 5074/5109 5080/5113 5079/5114
f 5078/5112 5082/5115 5081/5116 5077/5110
f 5078/5112 5079/5114 5083/5117 5082/5115
f 5083/5117 5079/5114 5085/5118 5084/5119
f 5083/5117 5087/5120 5086/5121 5082/5115
f 5083/5117 5084/5119 5088/5122 5087/5120
f 5088/5122 5084/5119 5090/5123 5089/5124
f 5088/5122 5092/5125 5091/5126 5087/5120
f 5088/5122 5089/5124 5093/5127 5092/5125
f 5093/5128 5089/5129 5095/5130 5094/5131
f 5093/5127 5097/5132 5096/5133 5092/5125
f 5093/5128 5094/5131 5098/5134 5097/5135
f 5098/5134 5094/5131 5100/5136 5099/5137
f 5098/5134 5102/5138 5101/5139 5097/5135
f 5098/5134 5099/5137 5103/5140 5102/5138
f 5103/5140 5099/5137 5105/5141 5104/5142
f 5103/5140 5107/5143 5106/5144 5102/5138
f 5103/5140 5104/5142 5108/5145 5107/5143
f 5108/5145 5104/5142 5110/5146 5109/5147
f 5108/5145 5112/5148 5111/5149 5107/5143
f 5108/5145 5109/5147 5113/5150 5112/5148
f 5113/5150 5109/5147 5115/5151 5114/5152
f 5113/5150 5117/5153 5116/5154 5112/5148
f 5113/5150 5114/5152 5118/5155 5117/5153
f 5118/5155 5114/5152 5120/5156 5119/5157
f 5118/5155 5122/5158 5121/5159 5117/5153
f 5118/5155 5119/5157 5123/5160 5122/5158
f 5123/5160 5119/5157 5125/5161 5124/5162
f 5123/5160 5127/5163 5126/5164 5122/5158
f 5123/5160 5124/5162 5128/5165 5127/5163
f 5128/5165 5124/5162 5130/5166 5129/5167
f 5128/5165 5132/5168 5131/5169 5127/5163
f 5128/5165 5129/5167 5133/5170 5132/5168
f 5133/5170 5129/5167 5135/5171 5134/5172
f 5133/5170 5137/5173 5136/5174 5132/5168
f 5133/5170 5134/5172 5138/5175 5137/5173
f 5138/5175 5134/5172 5140/5176 5139/5177
f 5138/5175 5142/5178 5141/5179 5137/5173
f 5138/5175 5139/5177 5143/5180 5142/5178
f 5143/5180 5139/5177 5145/5181 5144/5182
f 5143/5180 5147/5183 5146/5184 5142/5178
f 5143/5180 5144/5182 5148/5185 5147/5183
f 5148/5185 5144/5182 5150/5186 5149/5187
f 5148/5185 5152/5188 5151/5189 5147/5183
f 5148/5185 5149/5187 5153/5190 5152/5188
f 5153/5190 5149/5187 5155/5191 5154/5192
f 5153/5190 5157/5193 5156/5194 5152/5188
f 5153/5190 5154/5192 5158/5195 5157/5193
f 5158/5195 5154/5192 5160/5196 5159/5197
f 5158/5195 5162/5198 5161/5199 5157/5193
f 5158/5195 5159/5197 5163/5200 5162/5198
f 5163/5200 5159/5197 5165/5201 5164/5202
f 5163/5200 5167/5203 5166/5204 5162/5198
f 5163/5200 5164/5202 5168/5205 5167/5203
f 5168/5205 5164/5202 5170/5206 5169/5207
f 5168/5205 5172/5208 5171/5209 5167/5203
f 5168/5205 5169/5207 5173/5210 5172/5208
f 5173/5210 5169/5207 5175/5211 5174/5212
f 5173/5210 5177/5213 5176/5214 5172/5208
f 5173/5210 5174/5212 5178/5215 5177/5213
f 5178/5215 5174/5212 5180/5216 5179/5217
f 5178/5215 5182/5218 5181/5219 5177/5213
f 5178/5215 5179/5217 5183/5220 5182/5218
f 5183/5220 5179/5217 5185/5221 5184/5222
f 5183/5220 5187/5223 5186/5224 5182/5218
f 5183/5220 5184/5222 5188/5225 5187/5223
f 5188/5225 5184/5222 5190/5226 5189/5227
f 5188/5225 5192/5228 5191/5229 5187/5223
f 5188/5225 5189/5227 5193/5230 5192/5228
f 5193/5230 5189/5227 5195/5231 5194/5232
f 5193/5230 5197/5233 5196/5234 5192/5228
f 5193/5230 5194/5232 5198/5235 5197/5233
f 5198/5235 5194/5232 5200/5236 5199/5237
f 5198/5235 5202/5238 5201/5239 5197/5233
f 5198/5235 5199/5237 5203/5240 5202/5238
f 5203/5240 5199/5237 5205/5241 5204/5242
f 5203/5240 5207/5243 5206/5244 5202/5238
f 5203/5240 5204/5242 5208/5245 5207/5243
f 5208/5245 5204/5242 5210/5246 5209/5247
f 5208/5245 5212/5248 5211/5249 5207/5243
f 5208/5245 5209/5247 5213/5250 5212/5248
f 5213/5250 5209/5247 5215/5251 5214/5252
f 5213/5250 5217/5253 5216/5254 5212/5248
f 5213/5250 5214/5252 5218/5255 5217/5253
f 5218/5255 5214/5252 5220/5256 5219/5257
f 5218/5255 5222/5258 5221/5259 5217/5253
f 5218/5255 5219/5257 5223/5260 5222/5258
f 5223/5260 5219/5257 5225/5261 5224/5262
f 5223/5260 5227/5263 5226/5264 5222/5258
f 5223/5260 5224/5262 5228/5265 5227/5263
f 5228/5265 5224/5262 5230/5266 5229/5267
f 5228/5265 5232/5268 5231/5269 5227/5263
f 5228/5265 5229/5267 5233/5270 5232/5268
f 5233/5270 5229/5267 5235/5271 5234/5272
f 5233/5270 5237/5273 5236/5274 5232/5268
f 5233/5270 5234/5272 5238/5275 5237/5273
f 5238/5275 5234/5272 5240/5276 5239/5277
f 5238/5275 5242/5278 5241/5279 5237/5273
f 5238/5275 5239/5277 5243/5280 5242/5278
f 5243/5280 5239/5277 5245/5281 5244/5282
f 5243/5280 5247/5283 5246/5284 5242/5278
f 5243/5280 5244/5282 5248/5285 5247/5283
f 5248/5285 5244/5282 5250/5286 5249/5287
f 5248/5285 5252/5288 5251/5289 5247/5283
f 5248/5285 5249/5287 5253/5290 5252/5288
f 5253/5290 5249/5287 5255/5291 5254/5292
f 5253/5290 5257/5293 5256/5294 5252/5288
f 5253/5290 5254/5292 5258/5295 5257/5293
f 5258/5295 5254/5292 5260/5296 5259/5297
f 5258/5295 5262/5298 5261/5299 5257/5293
f 5258/5295 5259/5297 5263/5300 5262/5298
f 5263/5300 5265/5301 5264/5302 5262/5298
f 5263/5300 4754/4789 4756/4791 5265/5301
f 5263/5300 5259/5297 4752/4787 4754/4789
f 5265/5301 5267/5303 5266/5304 5264/5302
f 5265/5301 4756/4791 4758/4793 5267/5303
f 5267/5303 5269/5305 5268/5306 5266/5304
f 5267/5303 4758/4793 4760/4795 5269/5305
f 5269/5305 4765/4800 5270/5307 5268/5306
f 5269/5305 4760/4795 4762/4797 4765/4800
f 5270/5307 5272/5308 5271/5309 5268/5306
f 5270/5307 4768/4803 5273/5310 5272/5308
f 5270/5307 4765/4800 4766/4799 4768/4803
f 5273/5310 5275/5311 5274/5312 5272/5308
f 5273/5310 4771/4806 5276/5313 5275/5311
f 5273/5310 4768/4803 4769/4802 4771/4806
f 5276/5313 5278/5314 5277/5315 5275/5311
f 5276/5313 4774/4809 5279/5316 5278/5314
f 5276/5313 4771/4806 4772/4805 4774/4809
f 5279/5316 5281/5317 5280/5318 5278/5314
f 5279/5316 4777/4812 5282/5319 5281/5317
f 5279/5316 4774/4809 4775/4808 4777/4812
f 5282/5319 5284/5320 5283/5321 5281/5317
f 5282/5319 4780/4815 4782/4817 5284/5320
f 5282/5319 4777/4812 4778/4811 4780/4815
f 5284/5320 5286/5322 5285/5323 5283/5321
f 5284/5320 4782/4817 4784/4819 5286/5322
f 5286/5322 5288/5324 5287/5325 5285/5323
f 5286/5322 4784/4819 4786/4821 5288/5324
f 5288/5324 5290/5326 5289/5327 5287/5325
f 5288/5324 4786/4821 5291/5328 5290/5326
f 5291/5328 5293/5329 5292/5330 5290/5326
f 5291/5328 4789/4824 5294/5331 5293/5329
f 5291/5328 4786/4821 4787/4820 4789/4824
f 5294/5331 5296/5332 5295/5333 5293/5329
f 5294/5331 4792/4827 5297/5334 5296/5332
f 5294/5331 4789/4824 4790/4823 4792/4827
f 5297/5334 5299/5335 5298/5336 5296/5332
f 5297/5334 5301/5337 5300/5338 5299/5335
f 5297/5334 4792/4827 4793/4826 5301/5337
f 5301/5337 5303/5339 5302/5340 5300/5338
f 5301/5337 4793/4826 4794/4829 5303/5339
f 5303/5339 5305/5341 5304/5342 5302/5340
f 5303/5339 4794/4829 4796/4831 5305/5341
f 5305/5341 5307/5343 5306/5344 5304/5342
f 5305/5341 4796/4831 4798/4833 5307/5343
f 5307/5343 5309/5345 5308/5346 5306/5344
f 5307/5343 4798/4833 4800/4835 5309/5345
f 5309/5345 5311/5347 5310/5348 5308/5346
f 5309/5345 4800/4835 4802/4837 5311/5347
f 5311/5347 5313/5349 5312/5350 5310/5348
f 5311/5347 4802/4837 5314/5351 5313/5349
f 5314/5351 5316/5352 5315/5353 5313/5349
f 5314/5351 4805/4840 5317/5354 5316/5352
f 5314/5351 4802/4837 4803/4836 4805/4840
f 5317/5354 5319/5355 5318/5356 5316/5352
f 5317/5354 4808/4843 5320/5357 5319/5355
f 5317/5354 4805/4840 4806/4839 4808/4843
f 5320/5357 5322/5358 5321/5359 5319/5355
f 5320/5357 4811/4846 5323/5360 5322/5358
f 5320/5357 4808/4843 4809/4842 4811/4846
f 5323/5360 4387/4417 4390/4422 5322/5358
f 5323/5360 5324/5361 4386/4418 4387/4417
f 5323/5360 4811/4846 4812/4845 5324/5361
f 5324/5361 5326/5362 5325/5363 4386/4418
f 5324/5361 4812/4845 4813/4848 5326/5362
f 5326/5362 5328/5364 5327/5365 5325/5363
f 5326/5362 4813/4848 4815/4850 5328/5364
f 5328/5364 5330/5366 5329/5367 5327/5365
f 5328/5364 4815/4850 4817/4852 5330/5366
f 5330/5366 5332/5368 5331/5369 5329/5367
f 5330/5366 4817/4852 4819/4854 5332/5368
f 5332/5368 5334/5370 5333/5371 5331/5369
f 5332/5368 4819/4854 4821/4856 5334/5370
f 5334/5370 5336/5372 5335/5373 5333/5371
f 5334/5370 4821/4856 4823/4858 5336/5372
f 5336/5372 5338/5374 5337/5375 5335/5373
f 5336/5372 4823/4858 5339/5376 5338/5374
f 5339/5376 5341/5377 5340/5378 5338/5374
f 5339/5376 4826/4861 5342/5379 5341/5377
f 5339/5376 4823/4858 4824/4857 4826/4861
f 5342/5379 5344/5380 5343/5381 5341/5377
f 5342/5379 4829/4864 5345/5382 5344/5380
f 5342/5379 4826/4861 4827/4860 4829/4864
f 5345/5382 5347/5383 5346/5384 5344/5380
f 5345/5382 4832/4867 5348/5385 5347/5383
f 5345/5382 4829/4864 4830/4863 4832/4867
f 5348/5385 5350/5386 5349/5387 5347/5383
f 5348/5385 5352/5388 5351/5389 5350/5386
f 5348/5385 4832/4867 4833/4866 5352/5388
f 5352/5388 5354/5390 5353/5391 5351/5389
f 5352/5388 4833/4866 4834/4869 5354/5390
f 5354/5390 5356/5392 5355/5393 5353/5391
f 5354/5390 4834/4869 4836/4871 5356/5392
f 5356/5392 5358/5394 5357/5395 5355/5393
f 5356/5392 4836/4871 4838/4873 5358/5394
f 5358/5394 5360/5396 5359/5397 5357/5395
f 5358/5394 4838/4873 4840/4875 5360/5396
f 5360/5396 5362/5398 5361/5399 5359/5397
f 5360/5396 4840/4875 4842/4877 5362/5398
f 5362/5398 5364/5400 5363/5401 5361/5399
f 5362/5398 4842/4877 4844/4879 5364/5400
f 5364/5400 5366/5402 5365/5403 5363/5401
f 5364/5400 4844/4879 4846/4881 5366/5402
f 5366/5402 5368/5404 5367/5405 5365/5403
f 5366/5402 4846/4881 5369/5406 5368/5404
f 5369/5406 4846/4881 4847/4880 4849/4884
f 5369/5406 5371/5407 5370/5408 5368/5404
f 5369/5406 4849/4884 5372/5409 5371/5407
f 5372/5409 4849/4884 4850/4883 4852/4887
f 5372/5409 5374/5410 5373/5411 5371/5407
f 5372/5409 4852/4887 5375/5412 5374/5410
f 5375/5412 4852/4887 4853/4886 4855/4890
f 5375/5412 4867/4902 4869/4904 5374/5410
f 5375/5412 4855/4890 4865/4900 4867/4902
f 5374/5410 4869/4904 4871/4906 5373/5411
f 5373/5411 5376/5413 5370/5408 5371/5407
f 5373/5411 4871/4906 4873/4908 5376/5413
f 5376/5413 5378/5414 5377/5415 5370/5408
f 5376/5413 4873/4908 4875/4910 5378/5414
f 5378/5414 5380/5416 5379/5417 5377/5415
f 5378/5414 4875/4910 4877/4912 5380/5416
f 5380/5416 5382/5418 5381/5419 5379/5417
f 5380/5416 4877/4912 4879/4914 5382/5418
f 5382/5418 5384/5420 5383/5421 5381/5419
f 5382/5418 4879/4914 4881/4916 5384/5420
f 5384/5420 5386/5422 5385/5423 5383/5421
f 5384/5420 4881/4916 4883/4918 5386/5422
f 5386/5422 5388/5424 5387/5425 5385/5423
f 5386/5422 4883/4918 4885/4920 5388/5424
f 5388/5424 5390/5426 5389/5427 5387/5425
f 5388/5424 4885/4920 4887/4922 5390/5426
f 5390/5426 5392/5428 5391/5429 5389/5427
f 5390/5426 4887/4922 4889/4924 5392/5428
f 5392/5428 5394/5430 5393/5431 5391/5429
f 5392/5428 4889/4924 4891/4926 5394/5430
f 5394/5430 5396/5432 5395/5433 5393/5431
f 5394/5430 4891/4926 4893/4928 5396/5432
f 5396/5432 5398/5434 5397/5435 5395/5433
f 5396/5432 4893/4928 4895/4930 5398/5434
f 5398/5434 5400/5436 5399/5437 5397/5435
f 5398/5434 4895/4930 4897/4932 5400/5436
f 5400/5436 5402/5438 5401/5439 5399/5437
f 5400/5436 4897/4932 4899/4934 5402/5438
f 5402/5438 5404/5440 5403/5441 5401/5439
f 5402/5438 4899/4934 4901/4936 5404/5440
f 5404/5440 5406/5442 5405/5443 5403/5441
f 5404/5440 4901/4936 4903/4938 5406/5442
f 5406/5442 5408/5444 5407/5445 5405/5443
f 5406/5442 4903/4938 4905/4940 5408/5444
f 5408/5444 5410/5446 5409/5447 5407/5445
f 5408/5444 4905/4940 4907/4942 5410/5446
f 5410/5446 5412/5448 5411/5449 5409/5447
f 5410/5446 4907/4942 4909/4944 5412/5448
f 5412/5448 5414/5450 5413/5451 5411/5449
f 5412/5448 4909/4944 4911/4946 5414/5450
f 5414/5450 5416/5452 5415/5453 5413/5451
f 5414/5450 4911/4946 4913/4948 5416/5452
f 5416/5452 5418/5454 5417/5455 5415/5453
f 5416/5452 4913/4948 4915/4950 5418/5454
f 5418/5454 5420/5456 5419/5457 5417/5455
f 5418/5454 4915/4950 4917/4952 5420/5456
f 5420/5456 5422/5458 5421/5459 5419/5457
f 5420/5456 4917/4952 4919/4954 5422/5458
f 5422/5458 5424/5460 5423/5461 5421/5459
f 5422/5458 4919/4954 4921/4956 5424/5460
f 5424/5460 5426/5462 5425/5463 5423/5461
f 5424/5460 4921/4956 4923/4958 5426/5462
f 5426/5462 5428/5464 5427/5465 5425/5463
f 5426/5462 4923/4958 4925/4960 5428/5464
f 5428/5464 5430/5466 5429/5467 5427/5465
f 5428/5464 4925/4960 4927/4962 5430/5466
f 5430/5466 5432/5468 5431/5469 5429/5467
f 5430/5466 4927/4962 4929/4964 5432/5468
f 5432/5468 5434/5470 5433/5471 5431/5469
f 5432/5468 4929/4964 4931/4966 5434/5470
f 5434/5470 5436/5472 5435/5473 5433/5471
f 5434/5470 4931/4966 4933/4968 5436/5472
f 5436/5472 5438/5474 5437/5475 5435/5473
f 5436/5472 4933/4968 4935/4970 5438/5474
f 5438/5474 5440/5476 5439/5477 5437/5475
f 5438/5474 4935/4970 4937/4972 5440/5476
f 5440/5476 5442/5478 5441/5479 5439/5477
f 5440/5476 4937/4972 4939/4974 5442/5478
f 5442/5478 5444/5480 5443/5481 5441/5479
f 5442/5478 4939/4974 4941/4976 5444/5480
f 5444/5480 5446/5482 5445/5483 5443/5481
f 5444/5480 4941/4976 4943/4978 5446/5482
f 5446/5482 5448/5484 5447/5485 5445/5483
f 5446/5482 4943/4978 4945/4980 5448/5484
f 5448/5484 5450/5486 5449/5487 5447/5485
f 5448/5484 4945/4980 4947/4982 5450/5486
f 5450/5486 5452/5488 5451/5489 5449/5487
f 5450/5486 4947/4982 4949/4984 5452/5488
f 5452/5488 5454/5490 5453/5491 5451/5489
f 5452/5488 4949/4984 4951/4986 5454/5490
f 5454/5490 5456/5492 5455/5493 5453/5491
f 5454/5490 4951/4986 4953/4988 5456/5492
f 5456/5492 5458/5494 5457/5495 5455/5493
f 5456/5492 4953/4988 4955/4990 5458/5494
f 5458/5494 5460/5496 5459/5497 5457/5495
f 5458/5494 4955/4990 4957/4992 5460/5496
f 5460/5496 5462/5498 5461/5499 5459/5497
f 5460/5496 4957/4992 4959/4994 5462/5498
f 5462/5498 5464/5500 5463/5501 5461/5499
f 5462/5498 4959/4994 4961/4996 5464/5500
f 5464/5500 5466/5502 5465/5503 5463/5501
f 5464/5500 4961/4996 4963/4998 5466/5502
f 5466/5502 5468/5504 5467/5505 5465/5503
f 5466/5502 4963/4998 4965/5000 5468/5504
f 5468/5504 5470/5506 5469/5507 5467/5505
f 5468/5504 4965/5000 4967/5002 5470/5506
f 5470/5506 5472/5508 5471/5509 5469/5507
f 5470/5506 4967/5002 4969/5004 5472/5508
f 5472/5508 5474/5510 5473/5511 5471/5509
f 5472/5508 4969/5004 4971/5006 5474/5510
f 5474/5510 5476/5512 5475/5513 5473/5511
f 5474/5510 4971/5006 4973/5008 5476/5512
f 5476/5512 5478/5514 5477/5515 5475/5513
f 5476/5512 4973/5008 4975/5010 5478/5514
f 5478/5514 5480/5516 5479/5517 5477/5515
f 5478/5514 4975/5010 4977/5012 5480/5516
f 5480/5516 5482/5518 5481/5519 5479/5517
f 5480/5516 4977/5012 4979/5014 5482/5518
f 5482/5518 5484/5520 5483/5521 5481/5519
f 5482/5518 4979/5014 4981/5016 5484/5520
f 5484/5520 5486/5522 5485/5523 5483/5521
f 5484/5520 4981/5016 4983/5018 5486/5522
f 5486/5522 5488/5524 5487/5525 5485/5523
f 5486/5522 4983/5018 4985/5020 5488/5524
f 5488/5524 5490/5526 5489/5527 5487/5525
f 5488/5524 4985/5020 4987/5022 5490/5526
f 5490/5526 5492/5528 5491/5529 5489/5527
f 5490/5526 4987/5022 4989/5024 5492/5528
f 5492/5528 5494/5530 5493/5531 5491/5529
f 5492/5528 4989/5024 4991/5026 5494/5530
f 5494/5530 5496/5532 5495/5533 5493/5531
f 5494/5530 4991/5026 4993/5028 5496/5532
f 5496/5532 5498/5534 5497/5535 5495/5533
f 5496/5532 4993/5028 4995/5030 5498/5534
f 5498/5534 5500/5536 5499/5537 5497/5535
f 5498/5534 4995/5030 4997/5032 5500/5536
f 5500/5536 5502/5538 5501/5539 5499/5537
f 5500/5536 4997/5032 4999/5034 5502/5538
f 5502/5538 5504/5540 5503/5541 5501/5539
f 5502/5538 4999/5034 5001/5036 5504/5540
f 5504/5540 5506/5542 5505/5543 5503/5541
f 5504/5540 5001/5036 5003/5038 5506/5542
f 5506/5542 5011/5046 5507/5544 5505/5543
f 5506/5542 5003/5038 5005/5040 5011/5046
f 5507/5544 5011/5046 5012/5045 5016/5051
f 5507/5544 5509/5545 5508/5546 5505/5543
f 5507/5544 5016/5051 5510/5547 5509/5545
f 5510/5547 5016/5051 5017/5050 5021/5056
f 5510/5547 5512/5548 5511/5549 5509/5545
f 5510/5547 5021/5056 5513/5550 5512/5548
f 5513/5550 5021/5056 5022/5055 5026/5061
f 5513/5550 5515/5551 5514/5552 5512/5548
f 5513/5550 5026/5061 5516/5553 5515/5551
f 5516/5553 5026/5061 5027/5060 5031/5066
f 5516/5553 5518/5554 5517/5555 5515/5551
f 5516/5553 5031/5066 5519/5556 5518/5554
f 5519/5556 5031/5066 5032/5065 5036/5071
f 5519/5556 5521/5557 5520/5558 5518/5554
f 5519/5556 5036/5071 5522/5559 5521/5557
f 5522/5559 5036/5071 5037/5070 5041/5076
f 5522/5559 5524/5560 5523/5561 5521/5557
f 5522/5559 5041/5076 5525/5562 5524/5560
f 5525/5562 5041/5076 5042/5075 5046/5081
f 5525/5562 5527/5563 5526/5564 5524/5560
f 5525/5562 5046/5081 5528/5565 5527/5563
f 5528/5565 5046/5081 5047/5080 5051/5086
f 5528/5565 5530/5566 5529/5567 5527/5563
f 5528/5565 5051/5086 5531/5568 5530/5566
f 5531/5568 5051/5086 5052/5085 5056/5091
f 5531/5568 5533/5569 5532/5570 5530/5566
f 5531/5568 5056/5091 5534/5571 5533/5569
f 5534/5571 5056/5091 5057/5090 5061/5096
f 5534/5571 5536/5572 5535/5573 5533/5569
f 5534/5571 5061/5096 5537/5574 5536/5572
f 5537/5574 5061/5096 5062/5095 5066/5101
f 5537/5574 5539/5575 5538/5576 5536/5572
f 5537/5574 5066/5101 5540/5577 5539/5575
f 5540/5577 5066/5101 5067/5100 5071/5106
f 5540/5577 5542/5578 5541/5579 5539/5575
f 5540/5577 5071/5106 5543/5580 5542/5578
f 5543/5580 5071/5106 5072/5105 5076/5111
f 5543/5580 5545/5581 5544/5582 5542/5578
f 5543/5580 5076/5111 5546/5583 5545/5581
f 5546/5583 5076/5111 5077/5110 5081/5116
f 5546/5583 5548/5584 5547/5585 5545/5581
f 5546/5583 5081/5116 5549/5586 5548/5584
f 5549/5586 5081/5116 5082/5115 5086/5121
f 5549/5586 5551/5587 5550/5588 5548/5584
f 5549/5586 5086/5121 5552/5589 5551/5587
f 5552/5589 5086/5121 5087/5120 5091/5126
f 5552/5589 5554/5590 5553/5591 5551/5587
f 5552/5589 5091/5126 5555/5592 5554/5590
f 5555/5592 5091/5126 5092/5125 5096/5133
f 5555/5592 5557/5593 5556/5594 5554/5590
f 5555/5592 5096/5133 5558/5595 5557/5593
f 5558/5595 5096/5133 5097/5132 5101/5596
f 5558/5595 5560/5597 5559/5598 5557/5593
f 5558/5595 5101/5596 5561/5599 5560/5597
f 5561/5600 5101/5139 5102/5138 5106/5144
f 5561/5599 5563/5601 5562/5602 5560/5597
f 5561/5600 5106/5144 5564/5603 5563/5604
f 5564/5603 5106/5144 5107/5143 5111/5149
f 5564/5603 5566/5605 5565/5606 5563/5604
f 5564/5603 5111/5149 5567/5607 5566/5605
f 5567/5607 5111/5149 5112/5148 5116/5154
f 5567/5607 5569/5608 5568/5609 5566/5605
f 5567/5607 5116/5154 5570/5610 5569/5608
f 5570/5610 5116/5154 5117/5153 5121/5159
f 5570/5610 5572/5611 5571/5612 5569/5608
f 5570/5610 5121/5159 5573/5613 5572/5611
f 5573/5613 5121/5159 5122/5158 5126/5164
f 5573/5613 5575/5614 5574/5615 5572/5611
f 5573/5613 5126/5164 5576/5616 5575/5614
f 5576/5616 5126/5164 5127/5163 5131/5169
f 5576/5616 5578/5617 5577/5618 5575/5614
f 5576/5616 5131/5169 5579/5619 5578/5617
f 5579/5619 5131/5169 5132/5168 5136/5174
f 5579/5619 5581/5620 5580/5621 5578/5617
f 5579/5619 5136/5174 5582/5622 5581/5620
f 5582/5622 5136/5174 5137/5173 5141/5179
f 5582/5622 5584/5623 5583/5624 5581/5620
f 5582/5622 5141/5179 5585/5625 5584/5623
f 5585/5625 5141/5179 5142/5178 5146/5184
f 5585/5625 5587/5626 5586/5627 5584/5623
f 5585/5625 5146/5184 5588/5628 5587/5626
f 5588/5628 5146/5184 5147/5183 5151/5189
f 5588/5628 5590/5629 5589/5630 5587/5626
f 5588/5628 5151/5189 5591/5631 5590/5629
f 5591/5631 5151/5189 5152/5188 5156/5194
f 5591/5631 5593/5632 5592/5633 5590/5629
f 5591/5631 5156/5194 5594/5634 5593/5632
f 5594/5634 5156/5194 5157/5193 5161/5199
f 5594/5634 5596/5635 5595/5636 5593/5632
f 5594/5634 5161/5199 5597/5637 5596/5635
f 5597/5637 5161/5199 5162/5198 5166/5204
f 5597/5637 5599/5638 5598/5639 5596/5635
f 5597/5637 5166/5204 5600/5640 5599/5638
f 5600/5640 5166/5204 5167/5203 5171/5209
f 5600/5640 5602/5641 5601/5642 5599/5638
f 5600/5640 5171/5209 5603/5643 5602/5641
f 5603/5643 5171/5209 5172/5208 5176/5214
f 5603/5643 5605/5644 5604/5645 5602/5641
f 5603/5643 5176/5214 5606/5646 5605/5644
f 5606/5646 5176/5214 5177/5213 5181/5219
f 5606/5646 5608/5647 5607/5648 5605/5644
f 5606/5646 5181/5219 5609/5649 5608/5647
f 5609/5649 5181/5219 5182/5218 5186/5224
f 5609/5649 5611/5650 5610/5651 5608/5647
f 5609/5649 5186/5224 5612/5652 5611/5650
f 5612/5652 5186/5224 5187/5223 5191/5229
f 5612/5652 5614/5653 5613/5654 5611/5650
f 5612/5652 5191/5229 5615/5655 5614/5653
f 5615/5655 5191/5229 5192/5228 5196/5234
f 5615/5655 5617/5656 5616/5657 5614/5653
f 5615/5655 5196/5234 5618/5658 5617/5656
f 5618/5658 5196/5234 5197/5233 5201/5239
f 5618/5658 5620/5659 5619/5660 5617/5656
f 5618/5658 5201/5239 5621/5661 5620/5659
f 5621/5661 5201/5239 5202/5238 5206/5244
f 5621/5661 5623/5662 5622/5663 5620/5659
f 5621/5661 5206/5244 5624/5664 5623/5662
f 5624/5664 5206/5244 5207/5243 5211/5249
f 5624/5664 5626/5665 5625/5666 5623/5662
f 5624/5664 5211/5249 5627/5667 5626/5665
f 5627/5667 5211/5249 5212/5248 5216/5254
f 5627/5667 5629/5668 5628/5669 5626/5665
f 5627/5667 5216/5254 5630/5670 5629/5668
f 5630/5670 5216/5254 5217/5253 5221/5259
f 5630/5670 5632/5671 5631/5672 5629/5668
f 5630/5670 5221/5259 5633/5673 5632/5671
f 5633/5673 5221/5259 5222/5258 5226/5264
f 5633/5673 5635/5674 5634/5675 5632/5671
f 5633/5673 5226/5264 5636/5676 5635/5674
f 5636/5676 5226/5264 5227/5263 5231/5269
f 5636/5676 5638/5677 5637/5678 5635/5674
f 5636/5676 5231/5269 5639/5679 5638/5677
f 5639/5679 5231/5269 5232/5268 5236/5274
f 5639/5679 5641/5680 5640/5681 5638/5677
f 5639/5679 5236/5274 5642/5682 5641/5680
f 5642/5682 5236/5274 5237/5273 5241/5279
f 5642/5682 5644/5683 5643/5684 5641/5680
f 5642/5682 5241/5279 5645/5685 5644/5683
f 5645/5685 5241/5279 5242/5278 5246/5284
f 5645/5685 5647/5686 5646/5687 5644/5683
f 5645/5685 5246/5284 5648/5688 5647/5686
f 5648/5688 5246/5284 5247/5283 5251/5289
f 5648/5688 5650/5689 5649/5690 5647/5686
f 5648/5688 5251/5289 5651/5691 5650/5689
f 5651/5691 5653/5692 5652/5693 5650/5689
f 5651/5691 5256/5294 5654/5694 5653/5692
f 5651/5691 5251/5289 5252/5288 5256/5294
f 5654/5694 5656/5695 5655/5696 5653/5692
f 5654/5694 5261/5299 5657/5697 5656/5695
f 5654/5694 5256/5294 5257/5293 5261/5299
f 5657/5697 5659/5698 5658/5699 5656/5695
f 5657/5697 5264/5302 5266/5304 5659/5698
f 5657/5697 5261/5299 5262/5298 5264/5302
f 5659/5698 5271/5309 5660/5700 5658/5699
f 5659/5698 5266/5304 5268/5306 5271/5309
f 5660/5700 5662/5701 5661/5702 5658/5699
f 5660/5700 5274/5312 5663/5703 5662/5701
f 5660/5700 5271/5309 5272/5308 5274/5312
f 5663/5703 5665/5704 5664/5705 5662/5701
f 5663/5703 5277/5315 5666/5706 5665/5704
f 5663/5703 5274/5312 5275/5311 5277/5315
f 5666/5706 5668/5707 5667/5708 5665/5704
f 5666/5706 5280/5318 5669/5709 5668/5707
f 5666/5706 5277/5315 5278/5314 5280/5318
f 5669/5709 5671/5710 5670/5711 5668/5707
f 5669/5709 5283/5321 5285/5323 5671/5710
f 5669/5709 5280/5318 5281/5317 5283/5321
f 5671/5710 5673/5712 5672/5713 5670/5711
f 5671/5710 5285/5323 5287/5325 5673/5712
f 5673/5712 5675/5714 5674/5715 5672/5713
f 5673/5712 5287/5325 5289/5327 5675/5714
f 5675/5714 5677/5716 5676/5717 5674/5715
f 5675/5714 5289/5327 5678/5718 5677/5716
f 5678/5718 5680/5719 5679/5720 5677/5716
f 5678/5718 5292/5330 5681/5721 5680/5719
f 5678/5718 5289/5327 5290/5326 5292/5330
f 5681/5721 5683/5722 5682/5723 5680/5719
f 5681/5721 5295/5333 5684/5724 5683/5722
f 5681/5721 5292/5330 5293/5329 5295/5333
f 5684/5724 5686/5725 5685/5726 5683/5722
f 5684/5724 5298/5336 5687/5727 5686/5725
f 5684/5724 5295/5333 5296/5332 5298/5336
f 5687/5727 5689/5728 5688/5729 5686/5725
f 5687/5727 5691/5730 5690/5731 5689/5728
f 5687/5727 5298/5336 5299/5335 5691/5730
f 5691/5730 5693/5732 5692/5733 5690/5731
f 5691/5730 5299/5335 5300/5338 5693/5732
f 5693/5732 5695/5734 5694/5735 5692/5733
f 5693/5732 5300/5338 5302/5340 5695/5734
f 5695/5734 5697/5736 5696/5737 5694/5735
f 5695/5734 5302/5340 5304/5342 5697/5736
f 5697/5736 5699/5738 5698/5739 5696/5737
f 5697/5736 5304/5342 5306/5344 5699/5738
f 5699/5738 5701/5740 5700/5741 5698/5739
f 5699/5738 5306/5344 5308/5346 5701/5740
f 5701/5740 5703/5742 5702/5743 5700/5741
f 5701/5740 5308/5346 5310/5348 5703/5742
f 5703/5742 5705/5744 5704/5745 5702/5743
f 5703/5742 5310/5348 5312/5350 5705/5744
f 5705/5744 5707/5746 5706/5747 5704/5745
f 5705/5744 5312/5350 5708/5748 5707/5746
f 5708/5748 5710/5749 5709/5750 5707/5746
f 5708/5748 5315/5353 5711/5751 5710/5749
f 5708/5748 5312/5350 5313/5349 5315/5353
f 5711/5751 5713/5752 5712/5753 5710/5749
f 5711/5751 5318/5356 5714/5754 5713/5752
f 5711/5751 5315/5353 5316/5352 5318/5356
f 5714/5754 5716/5755 5715/5756 5713/5752
f 5714/5754 5321/5359 5717/5757 5716/5755
f 5714/5754 5318/5356 5319/5355 5321/5359
f 5717/5757 5719/5758 5718/5759 5716/5755
f 5717/5757 4390/4422 4388/4421 5719/5758
f 5717/5757 5321/5359 5322/5358 4390/4422
f 5719/5758 5721/5760 5720/5761 5718/5759
f 5719/5758 4388/4421 4389/4420 5721/5760
f 5721/5760 5723/5762 5722/5763 5720/5761
f 5721/5760 4389/4420 5724/5764 5723/5762
f 5724/5764 5726/5765 5725/5766 5723/5762
f 5724/5764 5728/5767 5727/5768 5726/5765
f 5724/5764 4389/4420 4385/4419 5728/5767
f 5728/5767 5325/5363 5327/5365 5727/5768
f 5728/5767 4385/4419 4386/4418 5325/5363
f 5727/5768 5730/5769 5729/5770 5726/5765
f 5727/5768 5327/5365 5329/5367 5730/5769
f 5730/5769 5732/5771 5731/5772 5729/5770
f 5730/5769 5329/5367 5331/5369 5732/5771
f 5732/5771 5734/5773 5733/5774 5731/5772
f 5732/5771 5331/5369 5333/5371 5734/5773
f 5734/5773 5736/5775 5735/5776 5733/5774
f 5734/5773 5333/5371 5335/5373 5736/5775
f 5736/5775 5738/5777 5737/5778 5735/5776
f 5736/5775 5335/5373 5337/5375 5738/5777
f 5738/5777 5740/5779 5739/5780 5737/5778
f 5738/5777 5337/5375 5741/5781 5740/5779
f 5741/5781 5743/5782 5742/5783 5740/5779
f 5741/5781 5340/5378 5744/5784 5743/5782
f 5741/5781 5337/5375 5338/5374 5340/5378
f 5744/5784 5746/5785 5745/5786 5743/5782
f 5744/5784 5343/5381 5747/5787 5746/5785
f 5744/5784 5340/5378 5341/5377 5343/5381
f 5747/5787 5749/5788 5748/5789 5746/5785
f 5747/5787 5346/5384 5750/5790 5749/5788
f 5747/5787 5343/5381 5344/5380 5346/5384
f 5750/5790 5752/5791 5751/5792 5749/5788
f 5750/5790 5349/5387 5753/5793 5752/5791
f 5750/5790 5346/5384 5347/5383 5349/5387
f 5753/5793 5755/5794 5754/5795 5752/5791
f 5753/5793 5757/5796 5756/5797 5755/5794
f 5753/5793 5349/5387 5350/5386 5757/5796
f 5757/5796 5759/5798 5758/5799 5756/5797
f 5757/5796 5350/5386 5351/5389 5759/5798
f 5759/5798 5761/5800 5760/5801 5758/5799
f 5759/5798 5351/5389 5353/5391 5761/5800
f 5761/5800 5763/5802 5762/5803 5760/5801
f 5761/5800 5353/5391 5355/5393 5763/5802
f 5763/5802 5765/5804 5764/5805 5762/5803
f 5763/5802 5355/5393 5357/5395 5765/5804
f 5765/5804 5767/5806 5766/5807 5764/5805
f 5765/5804 5357/5395 5359/5397 5767/5806
f 5767/5806 5769/5808 5768/5809 5766/5807
f 5767/5806 5359/5397 5361/5399 5769/5808
f 5769/5808 5771/5810 5770/5811 5768/5809
f 5769/5808 5361/5399 5363/5401 5771/5810
f 5771/5810 5773/5812 5772/5813 5770/5811
f 5771/5810 5363/5401 5365/5403 5773/5812
f 5773/5812 5775/5814 5774/5815 5772/5813
f 5773/5812 5365/5403 5367/5405 5775/5814
f 5775/5814 5379/5417 5381/5419 5774/5815
f 5775/5814 5367/5405 5377/5415 5379/5417
f 5774/5815 5777/5816 5776/5817 5772/5813
f 5774/5815 5381/5419 5383/5421 5777/5816
f 5777/5816 5779/5818 5778/5819 5776/5817
f 5777/5816 5383/5421 5385/5423 5779/5818
f 5779/5818 5781/5820 5780/5821 5778/5819
f 5779/5818 5385/5423 5387/5425 5781/5820
f 5781/5820 5783/5822 5782/5823 5780/5821
f 5781/5820 5387/5425 5389/5427 5783/5822
f 5783/5822 5785/5824 5784/5825 5782/5823
f 5783/5822 5389/5427 5391/5429 5785/5824
f 5785/5824 5787/5826 5786/5827 5784/5825
f 5785/5824 5391/5429 5393/5431 5787/5826
f 5787/5826 5789/5828 5788/5829 5786/5827
f 5787/5826 5393/5431 5395/5433 5789/5828
f 5789/5828 5791/5830 5790/5831 5788/5829
f 5789/5828 5395/5433 5397/5435 5791/5830
f 5791/5830 4371/4400 4372/4399 5790/5831
f 5791/5830 5397/5435 5399/5437 4371/4400
f 5790/5831 5793/5832 5792/5833 5788/5829
f 5790/5831 4372/4399 5794/5834 5793/5832
f 5794/5834 5796/5835 5795/5836 5793/5832
f 5794/5834 5798/5837 5797/5838 5796/5835
f 5794/5834 4372/4399 4369/4398 5798/5837
f 5798/5837 5800/5839 5799/5840 5797/5838
f 5798/5837 4369/4398 4370/4401 5800/5839
f 5800/5839 5403/5441 5405/5443 5799/5840
f 5800/5839 4370/4401 5401/5439 5403/5441
f 5799/5840 5802/5841 5801/5842 5797/5838
f 5799/5840 5405/5443 5407/5445 5802/5841
f 5802/5841 5804/5843 5803/5844 5801/5842
f 5802/5841 5407/5445 5409/5447 5804/5843
f 5804/5843 5806/5845 5805/5846 5803/5844
f 5804/5843 5409/5447 5411/5449 5806/5845
f 5806/5845 5808/5847 5807/5848 5805/5846
f 5806/5845 5411/5449 5413/5451 5808/5847
f 5808/5847 5810/5849 5809/5850 5807/5848
f 5808/5847 5413/5451 5415/5453 5810/5849
f 5810/5849 5812/5851 5811/5852 5809/5850
f 5810/5849 5415/5453 5417/5455 5812/5851
f 5812/5851 5814/5853 5813/5854 5811/5852
f 5812/5851 5417/5455 5419/5457 5814/5853
f 5814/5853 5816/5855 5815/5856 5813/5854
f 5814/5853 5419/5457 5421/5459 5816/5855
f 5816/5855 5818/5857 5817/5858 5815/5856
f 5816/5855 5421/5459 5423/5461 5818/5857
f 5818/5857 5820/5859 5819/5860 5817/5858
f 5818/5857 5423/5461 5425/5463 5820/5859
f 5820/5859 5822/5861 5821/5862 5819/5860
f 5820/5859 5425/5463 5427/5465 5822/5861
f 5822/5861 5824/5863 5823/5864 5821/5862
f 5822/5861 5427/5465 5429/5467 5824/5863
f 5824/5863 5826/5865 5825/5866 5823/5864
f 5824/5863 5429/5467 5431/5469 5826/5865
f 5826/5865 5828/5867 5827/5868 5825/5866
f 5826/5865 5431/5469 5433/5471 5828/5867
f 5828/5867 5830/5869 5829/5870 5827/5868
f 5828/5867 5433/5471 5435/5473 5830/5869
f 5830/5869 5832/5871 5831/5872 5829/5870
f 5830/5869 5435/5473 5437/5475 5832/5871
f 5832/5871 5834/5873 5833/5874 5831/5872
f 5832/5871 5437/5475 5439/5477 5834/5873
f 5834/5873 5836/5875 5835/5876 5833/5874
f 5834/5873 5439/5477 5441/5479 5836/5875
f 5836/5875 5838/5877 5837/5878 5835/5876
f 5836/5875 5441/5479 5443/5481 5838/5877
f 5838/5877 5840/5879 5839/5880 5837/5878
f 5838/5877 5443/5481 5445/5483 5840/5879
f 5840/5879 5842/5881 5841/5882 5839/5880
f 5840/5879 5445/5483 5447/5485 5842/5881
f 5842/5881 5844/5883 5843/5884 5841/5882
f 5842/5881 5447/5485 5449/5487 5844/5883
f 5844/5883 5846/5885 5845/5886 5843/5884
f 5844/5883 5449/5487 5451/5489 5846/5885
f 5846/5885 5848/5887 5847/5888 5845/5886
f 5846/5885 5451/5489 5453/5491 5848/5887
f 5848/5887 5850/5889 5849/5890 5847/5888
f 5848/5887 5453/5491 5455/5493 5850/5889
f 5850/5889 5852/5891 5851/5892 5849/5890
f 5850/5889 5455/5493 5457/5495 5852/5891
f 5852/5891 5854/5893 5853/5894 5851/5892
f 5852/5891 5457/5495 5459/5497 5854/5893
f 5854/5893 5856/5895 5855/5896 5853/5894
f 5854/5893 5459/5497 5461/5499 5856/5895
f 5856/5895 5858/5897 5857/5898 5855/5896
f 5856/5895 5461/5499 5463/5501 5858/5897
f 5858/5897 5860/5899 5859/5900 5857/5898
f 5858/5897 5463/5501 5465/5503 5860/5899
f 5860/5899 5862/5901 5861/5902 5859/5900
f 5860/5899 5465/5503 5467/5505 5862/5901
f 5862/5901 5864/5903 5863/5904 5861/5902
f 5862/5901 5467/5505 5469/5507 5864/5903
f 5864/5903 5866/5905 5865/5906 5863/5904
f 5864/5903 5469/5507 5471/5509 5866/5905
f 5866/5905 5868/5907 5867/5908 5865/5906
f 5866/5905 5471/5509 5473/5511 5868/5907
f 5868/5907 5870/5909 5869/5910 5867/5908
f 5868/5907 5473/5511 5475/5513 5870/5909
f 5870/5909 5872/5911 5871/5912 5869/5910
f 5870/5909 5475/5513 5477/5515 5872/5911
f 5872/5911 5874/5913 5873/5914 5871/5912
f 5872/5911 5477/5515 5479/5517 5874/5913
f 5874/5913 5876/5915 5875/5916 5873/5914
f 5874/5913 5479/5517 5481/5519 5876/5915
f 5876/5915 5878/5917 5877/5918 5875/5916
f 5876/5915 5481/5519 5483/5521 5878/5917
f 5878/5917 5880/5919 5879/5920 5877/5918
f 5878/5917 5483/5521 5485/5523 5880/5919
f 5880/5919 5882/5921 5881/5922 5879/5920
f 5880/5919 5485/5523 5487/5525 5882/5921
f 5882/5921 5884/5923 5883/5924 5881/5922
f 5882/5921 5487/5525 5489/5527 5884/5923
f 5884/5923 5886/5925 5885/5926 5883/5924
f 5884/5923 5489/5527 5491/5529 5886/5925
f 5886/5925 5888/5927 5887/5928 5885/5926
f 5886/5925 5491/5529 5493/5531 5888/5927
f 5888/5927 5890/5929 5889/5930 5887/5928
f 5888/5927 5493/5531 5495/5533 5890/5929
f 5890/5929 5892/5931 5891/5932 5889/5930
f 5890/5929 5495/5533 5497/5535 5892/5931
f 5892/5931 5894/5933 5893/5934 5891/5932
f 5892/5931 5497/5535 5499/5537 5894/5933
f 5894/5933 5896/5935 5895/5936 5893/5934
f 5894/5933 5499/5537 5501/5539 5896/5935
f 5896/5935 5898/5937 5897/5938 5895/5936
f 5896/5935 5501/5539 5503/5541 5898/5937
f 5898/5937 5508/5546 5899/5939 5897/5938
f 5898/5937 5503/5541 5505/5543 5508/5546
f 5899/5939 5511/5549 5901/5940 5900/5941
f 5899/5939 5508/5546 5509/5545 5511/5549
f 5899/5939 5900/5941 5902/5942 5897/5938
f 5902/5942 5900/5941 5904/5943 5903/5944
f 5902/5942 5905/5945 5895/5936 5897/5938
f 5902/5942 5903/5944 5906/5946 5905/5945
f 5906/5946 5903/5944 5908/5947 5907/5948
f 5906/5946 5910/5949 5909/5950 5905/5945
f 5906/5946 5907/5948 5911/5951 5910/5949
f 5911/5951 5907/5948 5913/5952 5912/5953
f 5911/5951 5915/5954 5914/5955 5910/5949
f 5911/5951 5912/5953 5916/5956 5915/5954
f 5916/5956 5912/5953 5918/5957 5917/5958
f 5916/5956 5920/5959 5919/5960 5915/5954
f 5916/5956 5917/5958 5921/5961 5920/5959
f 5921/5961 5917/5958 5923/5962 5922/5963
f 5921/5961 5925/5964 5924/5965 5920/5959
f 5921/5961 5922/5963 5926/5966 5925/5964
f 5926/5966 5922/5963 5928/5967 5927/5968
f 5926/5966 5930/5969 5929/5970 5925/5964
f 5926/5966 5927/5968 5931/5971 5930/5969
f 5931/5971 5927/5968 5933/5972 5932/5973
f 5931/5971 5935/5974 5934/5975 5930/5969
f 5931/5971 5932/5973 5936/5976 5935/5974
f 5936/5976 5932/5973 5938/5977 5937/5978
f 5936/5976 5940/5979 5939/5980 5935/5974
f 5936/5976 5937/5978 5941/5981 5940/5979
f 5941/5981 5937/5978 5943/5982 5942/5983
f 5941/5981 5945/5984 5944/5985 5940/5979
f 5941/5981 5942/5983 5946/5986 5945/5984
f 5946/5986 5942/5983 5948/5987 5947/5988
f 5946/5986 5950/5989 5949/5990 5945/5984
f 5946/5986 5947/5988 5951/5991 5950/5989
f 5951/5991 5947/5988 5953/5992 5952/5993
f 5951/5991 5955/5994 5954/5995 5950/5989
f 5951/5991 5952/5993 5956/5996 5955/5994
f 5956/5996 5952/5993 5958/5997 5957/5998
f 5956/5996 5960/5999 5959/6000 5955/5994
f 5956/5996 5957/5998 5961/6001 5960/5999
f 5961/6001 5957/5998 5963/6002 5962/6003
f 5961/6001 5965/6004 5964/6005 5960/5999
f 5961/6001 5962/6003 5966/6006 5965/6004
f 5966/6006 5962/6003 5968/6007 5967/6008
f 5966/6006 5970/6009 5969/6010 5965/6004
f 5966/6006 5967/6008 5971/6011 5970/6009
f 5971/6011 5967/6008 5973/6012 5972/6013
f 5971/6011 5975/6014 5974/6015 5970/6009
f 5971/6011 5972/6013 5976/6016 5975/6014
f 5976/6016 5972/6013 5978/6017 5977/6018
f 5976/6016 5980/6019 5979/6020 5975/6014
f 5976/6016 5977/6018 5981/6021 5980/6019
f 5981/6021 5977/6018 5983/6022 5982/6023
f 5981/6021 5985/6024 5984/6025 5980/6019
f 5981/6021 5982/6023 5986/6026 5985/6024
f 5986/6026 5982/6023 5988/6027 5987/6028
f 5986/6026 5990/6029 5989/6030 5985/6024
f 5986/6026 5987/6028 5991/6031 5990/6029
f 5991/6031 5987/6028 5993/6032 5992/6033
f 5991/6031 5995/6034 5994/6035 5990/6029
f 5991/6031 5992/6033 5996/6036 5995/6034
f 5996/6036 5992/6033 5998/6037 5997/6038
f 5996/6036 6000/6039 5999/6040 5995/6034
f 5996/6036 5997/6038 6001/6041 6000/6039
f 6001/6041 5997/6038 6003/6042 6002/6043
f 6001/6041 6005/6044 6004/6045 6000/6039
f 6001/6041 6002/6043 6006/6046 6005/6044
f 6006/6046 6002/6043 6008/6047 6007/6048
f 6006/6046 6010/6049 6009/6050 6005/6044
f 6006/6046 6007/6048 6011/6051 6010/6049
f 6011/6051 6007/6048 6013/6052 6012/6053
f 6011/6051 6015/6054 6014/6055 6010/6049
f 6011/6051 6012/6053 6016/6056 6015/6054
f 6016/6056 6012/6053 6018/6057 6017/6058
f 6016/6056 6020/6059 6019/6060 6015/6054
f 6016/6056 6017/6058 6021/6061 6020/6059
f 6021/6061 6017/6058 6023/6062 6022/6063
f 6021/6061 6025/6064 6024/6065 6020/6059
f 6021/6061 6022/6063 6026/6066 6025/6064
f 6026/6066 6022/6063 6028/6067 6027/6068
f 6026/6066 6030/6069 6029/6070 6025/6064
f 6026/6066 6027/6068 6031/6071 6030/6069
f 6031/6071 6027/6068 6033/6072 6032/6073
f 6031/6071 6035/6074 6034/6075 6030/6069
f 6031/6071 6032/6073 6036/6076 6035/6074
f 6036/6076 6032/6073 6038/6077 6037/6078
f 6036/6076 6040/6079 6039/6080 6035/6074
f 6036/6076 6037/6078 6041/6081 6040/6079
f 6041/6081 6037/6078 6043/6082 6042/6083
f 6041/6081 6045/6084 6044/6085 6040/6079
f 6041/6081 6042/6083 6046/6086 6045/6084
f 6046/6086 6042/6083 6048/6087 6047/6088
f 6046/6086 5702/5743 5704/5745 6045/6084
f 6046/6086 6047/6088 5700/5741 5702/5743
f 6048/6087 6051/6089 6050/6090 6049/6091
f 6048/6087 6042/6083 6043/6082 6051/6089
f 6048/6087 6049/6091 6052/6092 6047/6088
f 6052/6092 6049/6091 6054/6093 6053/6094
f 6052/6092 5698/5739 5700/5741 6047/6088
f 6052/6092 6053/6094 5696/5737 5698/5739
f 6054/6093 6057/6095 6056/6096 6055/6097
f 6054/6093 6049/6091 6050/6090 6057/6095
f 6054/6093 6055/6097 6058/6098 6053/6094
f 6058/6098 6055/6097 6060/6099 6059/6100
f 6058/6098 5694/5735 5696/5737 6053/6094
f 6058/6098 6059/6100 5692/5733 5694/5735
f 6060/6099 6063/6101 6062/6102 6061/6103
f 6060/6099 6055/6097 6056/6096 6063/6101
f 6060/6099 6061/6103 6064/6104 6059/6100
f 6064/6104 6061/6103 6066/6105 6065/6106
f 6064/6104 5690/5731 5692/5733 6059/6100
f 6064/6104 6065/6106 5689/5728 5690/5731
f 6066/6105 6069/6107 6068/6108 6067/6109
f 6066/6105 6061/6103 6062/6102 6069/6107
f 6066/6105 6067/6109 6070/6110 6065/6106
f 6070/6110 6067/6109 6072/6111 6071/6112
f 6070/6110 5688/5729 5689/5728 6065/6106
f 6070/6110 6071/6112 6073/6113 5688/5729
f 6073/6113 6071/6112 6075/6114 6074/6115
f 6073/6113 5685/5726 5686/5725 5688/5729
f 6073/6113 6074/6115 6076/6116 5685/5726
f 6076/6116 6074/6115 6078/6117 6077/6118
f 6076/6116 5682/5723 5683/5722 5685/5726
f 6076/6116 6077/6118 6079/6119 5682/5723
f 6079/6119 6077/6118 6081/6120 6080/6121
f 6079/6119 5679/5720 5680/5719 5682/5723
f 6079/6119 6080/6121 6082/6122 5679/5720
f 6082/6122 6080/6121 6084/6123 6083/6124
f 6082/6122 5676/5717 5677/5716 5679/5720
f 6082/6122 6083/6124 6085/6125 5676/5717
f 6085/6125 6083/6124 6087/6126 6086/6127
f 6085/6125 6088/6128 5674/5715 5676/5717
f 6085/6125 6086/6127 6089/6129 6088/6128
f 6089/6129 6086/6127 6091/6130 6090/6131
f 6089/6129 6093/6132 6092/6133 6088/6128
f 6089/6129 6090/6131 6094/6134 6093/6132
f 6094/6134 6090/6131 6096/6135 6095/6136
f 6094/6134 6098/6137 6097/6138 6093/6132
f 6094/6134 6095/6136 6099/6139 6098/6137
f 6099/6139 6095/6136 6101/6140 6100/6141
f 6099/6139 6103/6142 6102/6143 6098/6137
f 6099/6139 6100/6141 6104/6144 6103/6142
f 6104/6144 6100/6141 6105/6145 5649/5690
f 6104/6144 5652/5693 6106/6146 6103/6142
f 6104/6144 5649/5690 5650/5689 5652/5693
f 6106/6146 6107/6147 6102/6143 6103/6142
f 6106/6146 5655/5696 5661/5702 6107/6147
f 6106/6146 5652/5693 5653/5692 5655/5696
f 6107/6147 5664/5705 6108/6148 6102/6143
f 6107/6147 5661/5702 5662/5701 5664/5705
f 6108/6148 6097/6138 6098/6137 6102/6143
f 6108/6148 5667/5708 6109/6149 6097/6138
f 6108/6148 5664/5705 5665/5704 5667/5708
f 6109/6149 6092/6133 6093/6132 6097/6138
f 6109/6149 5670/5711 5672/5713 6092/6133
f 6109/6149 5667/5708 5668/5707 5670/5711
f 6105/6145 6111/6150 6110/6151 5646/5687
f 6105/6145 6100/6141 6101/6140 6111/6150
f 6105/6145 5646/5687 5647/5686 5649/5690
f 6111/6150 6113/6152 6112/6153 6110/6151
f 6111/6150 6101/6140 6114/6154 6113/6152
f 6114/6154 4384/4415 4382/4414 6113/6152
f 6114/6154 6096/6135 6115/6155 4384/4415
f 6114/6154 6101/6140 6095/6136 6096/6135
f 6115/6155 6116/6156 4381/4410 4384/4415
f 6115/6155 6091/6130 6117/6157 6116/6156
f 6115/6155 6096/6135 6090/6131 6091/6130
f 6117/6157 6119/6158 6118/6159 6116/6156
f 6117/6157 6087/6126 6120/6160 6119/6158
f 6117/6157 6091/6130 6086/6127 6087/6126
f 6120/6160 6122/6161 6121/6162 6119/6158
f 6120/6160 6084/6123 6123/6163 6122/6161
f 6120/6160 6087/6126 6083/6124 6084/6123
f 6123/6163 6125/6164 6124/6165 6122/6161
f 6123/6163 6081/6120 6126/6166 6125/6164
f 6123/6163 6084/6123 6080/6121 6081/6120
f 6126/6166 6128/6167 6127/6168 6125/6164
f 6126/6166 6078/6117 6129/6169 6128/6167
f 6126/6166 6081/6120 6077/6118 6078/6117
f 6129/6169 6131/6170 6130/6171 6128/6167
f 6129/6169 6075/6114 6132/6172 6131/6170
f 6129/6169 6078/6117 6074/6115 6075/6114
f 6132/6172 6134/6173 6133/6174 6131/6170
f 6132/6172 6072/6111 6135/6175 6134/6173
f 6132/6172 6075/6114 6071/6112 6072/6111
f 6135/6175 6137/6176 6136/6177 6134/6173
f 6135/6175 6068/6108 6138/6178 6137/6176
f 6135/6175 6072/6111 6067/6109 6068/6108
f 6138/6178 6140/6179 6139/6180 6137/6176
f 6138/6178 6142/6181 6141/6182 6140/6179
f 6138/6178 6068/6108 6069/6107 6142/6181
f 6142/6181 6144/6183 6143/6184 6141/6182
f 6142/6181 6069/6107 6062/6102 6144/6183
f 6144/6183 6146/6185 6145/6186 6143/6184
f 6144/6183 6062/6102 6063/6101 6146/6185
f 6146/6185 6148/6187 6147/6188 6145/6186
f 6146/6185 6063/6101 6056/6096 6148/6187
f 6148/6187 6150/6189 6149/6190 6147/6188
f 6148/6187 6056/6096 6057/6095 6150/6189
f 6150/6189 6152/6191 6151/6192 6149/6190
f 6150/6189 6057/6095 6050/6090 6152/6191
f 6152/6191 6154/6193 6153/6194 6151/6192
f 6152/6191 6050/6090 6051/6089 6154/6193
f 6154/6193 6156/6195 6155/6196 6153/6194
f 6154/6193 6051/6089 6043/6082 6156/6195
f 6156/6195 6038/6077 6157/6197 6155/6196
f 6156/6195 6043/6082 6037/6078 6038/6077
f 6157/6197 6159/6198 6158/6199 6155/6196
f 6157/6197 6033/6072 6160/6200 6159/6198
f 6157/6197 6038/6077 6032/6073 6033/6072
f 6160/6200 6162/6201 6161/6202 6159/6198
f 6160/6200 6028/6067 6163/6203 6162/6201
f 6160/6200 6033/6072 6027/6068 6028/6067
f 6163/6203 6165/6204 6164/6205 6162/6201
f 6163/6203 6023/6062 6166/6206 6165/6204
f 6163/6203 6028/6067 6022/6063 6023/6062
f 6166/6206 6168/6207 6167/6208 6165/6204
f 6166/6206 6018/6057 6169/6209 6168/6207
f 6166/6206 6023/6062 6017/6058 6018/6057
f 6169/6209 6171/6210 6170/6211 6168/6207
f 6169/6209 6013/6052 6172/6212 6171/6210
f 6169/6209 6018/6057 6012/6053 6013/6052
f 6172/6212 6174/6213 6173/6214 6171/6210
f 6172/6212 6008/6047 6175/6215 6174/6213
f 6172/6212 6013/6052 6007/6048 6008/6047
f 6175/6215 6177/6216 6176/6217 6174/6213
f 6175/6215 6003/6042 6178/6218 6177/6216
f 6175/6215 6008/6047 6002/6043 6003/6042
f 6178/6218 6180/6219 6179/6220 6177/6216
f 6178/6218 5998/6037 6181/6221 6180/6219
f 6178/6218 6003/6042 5997/6038 5998/6037
f 6181/6221 6183/6222 6182/6223 6180/6219
f 6181/6221 5993/6032 6184/6224 6183/6222
f 6181/6221 5998/6037 5992/6033 5993/6032
f 6184/6224 6186/6225 6185/6226 6183/6222
f 6184/6224 5988/6027 6187/6227 6186/6225
f 6184/6224 5993/6032 5987/6028 5988/6027
f 6187/6227 6189/6228 6188/6229 6186/6225
f 6187/6227 5983/6022 6190/6230 6189/6228
f 6187/6227 5988/6027 5982/6023 5983/6022
f 6190/6230 6192/6231 6191/6232 6189/6228
f 6190/6230 5978/6017 6193/6233 6192/6231
f 6190/6230 5983/6022 5977/6018 5978/6017
f 6193/6233 6195/6234 6194/6235 6192/6231
f 6193/6233 5973/6012 6196/6236 6195/6234
f 6193/6233 5978/6017 5972/6013 5973/6012
f 6196/6236 6198/6237 6197/6238 6195/6234
f 6196/6236 5968/6007 6199/6239 6198/6237
f 6196/6236 5973/6012 5967/6008 5968/6007
f 6199/6239 6201/6240 6200/6241 6198/6237
f 6199/6239 5963/6002 6202/6242 6201/6240
f 6199/6239 5968/6007 5962/6003 5963/6002
f 6202/6242 6204/6243 6203/6244 6201/6240
f 6202/6242 5958/5997 6205/6245 6204/6243
f 6202/6242 5963/6002 5957/5998 5958/5997
f 6205/6245 6207/6246 6206/6247 6204/6243
f 6205/6245 5953/5992 6208/6248 6207/6246
f 6205/6245 5958/5997 5952/5993 5953/5992
f 6208/6248 6210/6249 6209/6250 6207/6246
f 6208/6248 5948/5987 6211/6251 6210/6249
f 6208/6248 5953/5992 5947/5988 5948/5987
f 6211/6251 6213/6252 6212/6253 6210/6249
f 6211/6251 5943/5982 6214/6254 6213/6252
f 6211/6251 5948/5987 5942/5983 5943/5982
f 6214/6254 6216/6255 6215/6256 6213/6252
f 6214/6254 5938/5977 6217/6257 6216/6255
f 6214/6254 5943/5982 5937/5978 5938/5977
f 6217/6257 6219/6258 6218/6259 6216/6255
f 6217/6257 5933/5972 6220/6260 6219/6258
f 6217/6257 5938/5977 5932/5973 5933/5972
f 6220/6260 6222/6261 6221/6262 6219/6258
f 6220/6260 5928/5967 6223/6263 6222/6261
f 6220/6260 5933/5972 5927/5968 5928/5967
f 6223/6263 6225/6264 6224/6265 6222/6261
f 6223/6263 5923/5962 6226/6266 6225/6264
f 6223/6263 5928/5967 5922/5963 5923/5962
f 6226/6266 6228/6267 6227/6268 6225/6264
f 6226/6266 5918/5957 6229/6269 6228/6267
f 6226/6266 5923/5962 5917/5958 5918/5957
f 6229/6269 6231/6270 6230/6271 6228/6267
f 6229/6269 5913/5952 6232/6272 6231/6270
f 6229/6269 5918/5957 5912/5953 5913/5952
f 6232/6272 6234/6273 6233/6274 6231/6270
f 6232/6272 5908/5947 6235/6275 6234/6273
f 6232/6272 5913/5952 5907/5948 5908/5947
f 6235/6275 6237/6276 6236/6277 6234/6273
f 6235/6275 5904/5943 6238/6278 6237/6276
f 6235/6275 5908/5947 5903/5944 5904/5943
f 6238/6278 5901/5940 5514/5552 6239/6279
f 6238/6278 5904/5943 5900/5941 5901/5940
f 6238/6278 6239/6279 6240/6280 6237/6276
f 6240/6280 6239/6279 5517/5555 6241/6281
f 6240/6280 6242/6282 6236/6277 6237/6276
f 6240/6280 6241/6281 6243/6283 6242/6282
f 6243/6283 6241/6281 5520/5558 6244/6284
f 6243/6283 6246/6285 6245/6286 6242/6282
f 6243/6283 6244/6284 6247/6287 6246/6285
f 6247/6287 6244/6284 5523/5561 6248/6288
f 6247/6287 6250/6289 6249/6290 6246/6285
f 6247/6287 6248/6288 6251/6291 6250/6289
f 6251/6291 6248/6288 5526/5564 6252/6292
f 6251/6291 6254/6293 6253/6294 6250/6289
f 6251/6291 6252/6292 6255/6295 6254/6293
f 6255/6295 6252/6292 5529/5567 6256/6296
f 6255/6295 6258/6297 6257/6298 6254/6293
f 6255/6295 6256/6296 6259/6299 6258/6297
f 6259/6299 6256/6296 5532/5570 6260/6300
f 6259/6299 6262/6301 6261/6302 6258/6297
f 6259/6299 6260/6300 6263/6303 6262/6301
f 6263/6303 6260/6300 5535/5573 6264/6304
f 6263/6303 6266/6305 6265/6306 6262/6301
f 6263/6303 6264/6304 6267/6307 6266/6305
f 6267/6307 6264/6304 5538/5576 6268/6308
f 6267/6307 6270/6309 6269/6310 6266/6305
f 6267/6307 6268/6308 6271/6311 6270/6309
f 6271/6311 6268/6308 5541/5579 6272/6312
f 6271/6311 6274/6313 6273/6314 6270/6309
f 6271/6311 6272/6312 6275/6315 6274/6313
f 6275/6315 6272/6312 5544/5582 6276/6316
f 6275/6315 6278/6317 6277/6318 6274/6313
f 6275/6315 6276/6316 6279/6319 6278/6317
f 6279/6319 6276/6316 5547/5585 6280/6320
f 6279/6319 6282/6321 6281/6322 6278/6317
f 6279/6319 6280/6320 6283/6323 6282/6321
f 6283/6323 6280/6320 5550/5588 6284/6324
f 6283/6323 6286/6325 6285/6326 6282/6321
f 6283/6323 6284/6324 6287/6327 6286/6325
f 6287/6327 6284/6324 5553/5591 6288/6328
f 6287/6327 6290/6329 6289/6330 6286/6325
f 6287/6327 6288/6328 6291/6331 6290/6329
f 6291/6331 6288/6328 5556/5594 6292/6332
f 6291/6331 6294/6333 6293/6334 6290/6329
f 6291/6331 6292/6332 6295/6335 6294/6333
f 6295/6335 6292/6332 5559/5598 6296/6336
f 6295/6335 6298/6337 6297/6338 6294/6333
f 6295/6335 6296/6336 6299/6339 6298/6337
f 6299/6339 6296/6336 5562/5602 6300/6340
f 6299/6339 6302/6341 6301/6342 6298/6337
f 6299/6339 6300/6340 6303/6343 6302/6341
f 6303/6343 6300/6340 5565/6344 6304/6345
f 6303/6343 6306/6346 6305/6347 6302/6341
f 6303/6343 6304/6345 6307/6348 6306/6346
f 6307/6349 6304/6350 5568/5609 6308/6351
f 6307/6348 6310/6352 6309/6353 6306/6346
f 6307/6349 6308/6351 6311/6354 6310/6355
f 6311/6354 6308/6351 5571/5612 6312/6356
f 6311/6354 6314/6357 6313/6358 6310/6355
f 6311/6354 6312/6356 6315/6359 6314/6357
f 6315/6359 6312/6356 5574/5615 6316/6360
f 6315/6359 6318/6361 6317/6362 6314/6357
f 6315/6359 6316/6360 6319/6363 6318/6361
f 6319/6363 6316/6360 5577/5618 6320/6364
f 6319/6363 6322/6365 6321/6366 6318/6361
f 6319/6363 6320/6364 6323/6367 6322/6365
f 6323/6367 6320/6364 5580/5621 6324/6368
f 6323/6367 6326/6369 6325/6370 6322/6365
f 6323/6367 6324/6368 6327/6371 6326/6369
f 6327/6371 6324/6368 5583/5624 6328/6372
f 6327/6371 6330/6373 6329/6374 6326/6369
f 6327/6371 6328/6372 6331/6375 6330/6373
f 6331/6375 6328/6372 5586/5627 6332/6376
f 6331/6375 6334/6377 6333/6378 6330/6373
f 6331/6375 6332/6376 6335/6379 6334/6377
f 6335/6379 6332/6376 5589/5630 6336/6380
f 6335/6379 6338/6381 6337/6382 6334/6377
f 6335/6379 6336/6380 6339/6383 6338/6381
f 6339/6383 6336/6380 5592/5633 6340/6384
f 6339/6383 6342/6385 6341/6386 6338/6381
f 6339/6383 6340/6384 6343/6387 6342/6385
f 6343/6387 6340/6384 5595/5636 6344/6388
f 6343/6387 6346/6389 6345/6390 6342/6385
f 6343/6387 6344/6388 6347/6391 6346/6389
f 6347/6391 6344/6388 5598/5639 6348/6392
f 6347/6391 6350/6393 6349/6394 6346/6389
f 6347/6391 6348/6392 6351/6395 6350/6393
f 6351/6395 6348/6392 5601/5642 6352/6396
f 6351/6395 6354/6397 6353/6398 6350/6393
f 6351/6395 6352/6396 6355/6399 6354/6397
f 6355/6399 6352/6396 5604/5645 6356/6400
f 6355/6399 6358/6401 6357/6402 6354/6397
f 6355/6399 6356/6400 6359/6403 6358/6401
f 6359/6403 6356/6400 5607/5648 6360/6404
f 6359/6403 6362/6405 6361/6406 6358/6401
f 6359/6403 6360/6404 6363/6407 6362/6405
f 6363/6407 6360/6404 5610/5651 6364/6408
f 6363/6407 6366/6409 6365/6410 6362/6405
f 6363/6407 6364/6408 6367/6411 6366/6409
f 6367/6411 6364/6408 5613/5654 6368/6412
f 6367/6411 6370/6413 6369/6414 6366/6409
f 6367/6411 6368/6412 6371/6415 6370/6413
f 6371/6415 6368/6412 5616/5657 6372/6416
f 6371/6415 6374/6417 6373/6418 6370/6413
f 6371/6415 6372/6416 6375/6419 6374/6417
f 6375/6419 6372/6416 5619/5660 6376/6420
f 6375/6419 6378/6421 6377/6422 6374/6417
f 6375/6419 6376/6420 6379/6423 6378/6421
f 6379/6423 6376/6420 5622/5663 6380/6424
f 6379/6423 6382/6425 6381/6426 6378/6421
f 6379/6423 6380/6424 6383/6427 6382/6425
f 6383/6427 6380/6424 5625/5666 6384/6428
f 6383/6427 6386/6429 6385/6430 6382/6425
f 6383/6427 6384/6428 6387/6431 6386/6429
f 6387/6431 6384/6428 5628/5669 6388/6432
f 6387/6431 6390/6433 6389/6434 6386/6429
f 6387/6431 6388/6432 6391/6435 6390/6433
f 6391/6435 6388/6432 5631/5672 6392/6436
f 6391/6435 6394/6437 6393/6438 6390/6433
f 6391/6435 6392/6436 6395/6439 6394/6437
f 6395/6439 6392/6436 5634/5675 6396/6440
f 6395/6439 6398/6441 6397/6442 6394/6437
f 6395/6439 6396/6440 6399/6443 6398/6441
f 6399/6443 6396/6440 5637/5678 6400/6444
f 6399/6443 6402/6445 6401/6446 6398/6441
f 6399/6443 6400/6444 6403/6447 6402/6445
f 6403/6447 6400/6444 5640/5681 6404/6448
f 6403/6447 4383/4413 4379/4412 6402/6445
f 6403/6447 6404/6448 6112/6153 4383/4413
f 6404/6448 5640/5681 5641/5680 5643/5684
f 6404/6448 5643/5684 6110/6151 6112/6153
f 6402/6445 4379/4412 4380/4411 6401/6446
f 6401/6446 6405/6449 6397/6442 6398/6441
f 6401/6446 4380/4411 6118/6159 6405/6449
f 6405/6449 6121/6162 6406/6450 6397/6442
f 6405/6449 6118/6159 6119/6158 6121/6162
f 6406/6450 6393/6438 6394/6437 6397/6442
f 6406/6450 6124/6165 6407/6451 6393/6438
f 6406/6450 6121/6162 6122/6161 6124/6165
f 6407/6451 6389/6434 6390/6433 6393/6438
f 6407/6451 6127/6168 6408/6452 6389/6434
f 6407/6451 6124/6165 6125/6164 6127/6168
f 6408/6452 6385/6430 6386/6429 6389/6434
f 6408/6452 6130/6171 6409/6453 6385/6430
f 6408/6452 6127/6168 6128/6167 6130/6171
f 6409/6453 6381/6426 6382/6425 6385/6430
f 6409/6453 6133/6174 6410/6454 6381/6426
f 6409/6453 6130/6171 6131/6170 6133/6174
f 6410/6454 6377/6422 6378/6421 6381/6426
f 6410/6454 6136/6177 6411/6455 6377/6422
f 6410/6454 6133/6174 6134/6173 6136/6177
f 6411/6455 6373/6418 6374/6417 6377/6422
f 6411/6455 6139/6180 6412/6456 6373/6418
f 6411/6455 6136/6177 6137/6176 6139/6180
f 6412/6456 6369/6414 6370/6413 6373/6418
f 6412/6456 6414/6457 6413/6458 6369/6414
f 6412/6456 6139/6180 6140/6179 6414/6457
f 6414/6457 6416/6459 6415/6460 6413/6458
f 6414/6457 6140/6179 6141/6182 6416/6459
f 6416/6459 6418/6461 6417/6462 6415/6460
f 6416/6459 6141/6182 6143/6184 6418/6461
f 6418/6461 6420/6463 6419/6464 6417/6462
f 6418/6461 6143/6184 6145/6186 6420/6463
f 6420/6463 6422/6465 6421/6466 6419/6464
f 6420/6463 6145/6186 6147/6188 6422/6465
f 6422/6465 6424/6467 6423/6468 6421/6466
f 6422/6465 6147/6188 6149/6190 6424/6467
f 6424/6467 6426/6469 6425/6470 6423/6468
f 6424/6467 6149/6190 6151/6192 6426/6469
f 6426/6469 6428/6471 6427/6472 6425/6470
f 6426/6469 6151/6192 6153/6194 6428/6471
f 6428/6471 6158/6199 6429/6473 6427/6472
f 6428/6471 6153/6194 6155/6196 6158/6199
f 6429/6473 6431/6474 6430/6475 6427/6472
f 6429/6473 6161/6202 6432/6476 6431/6474
f 6429/6473 6158/6199 6159/6198 6161/6202
f 6432/6476 6434/6477 6433/6478 6431/6474
f 6432/6476 6164/6205 6435/6479 6434/6477
f 6432/6476 6161/6202 6162/6201 6164/6205
f 6435/6479 6437/6480 6436/6481 6434/6477
f 6435/6479 6167/6208 6438/6482 6437/6480
f 6435/6479 6164/6205 6165/6204 6167/6208
f 6438/6482 6440/6483 6439/6484 6437/6480
f 6438/6482 6170/6211 6441/6485 6440/6483
f 6438/6482 6167/6208 6168/6207 6170/6211
f 6441/6485 6443/6486 6442/6487 6440/6483
f 6441/6485 6173/6214 6444/6488 6443/6486
f 6441/6485 6170/6211 6171/6210 6173/6214
f 6444/6488 6446/6489 6445/6490 6443/6486
f 6444/6488 6176/6217 6447/6491 6446/6489
f 6444/6488 6173/6214 6174/6213 6176/6217
f 6447/6491 6449/6492 6448/6493 6446/6489
f 6447/6491 6179/6220 6450/6494 6449/6492
f 6447/6491 6176/6217 6177/6216 6179/6220
f 6450/6494 6452/6495 6451/6496 6449/6492
f 6450/6494 6182/6223 6453/6497 6452/6495
f 6450/6494 6179/6220 6180/6219 6182/6223
f 6453/6497 6455/6498 6454/6499 6452/6495
f 6453/6497 6185/6226 6456/6500 6455/6498
f 6453/6497 6182/6223 6183/6222 6185/6226
f 6456/6500 6458/6501 6457/6502 6455/6498
f 6456/6500 6188/6229 6459/6503 6458/6501
f 6456/6500 6185/6226 6186/6225 6188/6229
f 6459/6503 6461/6504 6460/6505 6458/6501
f 6459/6503 6191/6232 6462/6506 6461/6504
f 6459/6503 6188/6229 6189/6228 6191/6232
f 6462/6506 6464/6507 6463/6508 6461/6504
f 6462/6506 6194/6235 6465/6509 6464/6507
f 6462/6506 6191/6232 6192/6231 6194/6235
f 6465/6509 6467/6510 6466/6511 6464/6507
f 6465/6509 6197/6238 6468/6512 6467/6510
f 6465/6509 6194/6235 6195/6234 6197/6238
f 6468/6512 6470/6513 6469/6514 6467/6510
f 6468/6512 6200/6241 6471/6515 6470/6513
f 6468/6512 6197/6238 6198/6237 6200/6241
f 6471/6515 6473/6516 6472/6517 6470/6513
f 6471/6515 6203/6244 6474/6518 6473/6516
f 6471/6515 6200/6241 6201/6240 6203/6244
f 6474/6518 6476/6519 6475/6520 6473/6516
f 6474/6518 6206/6247 6477/6521 6476/6519
f 6474/6518 6203/6244 6204/6243 6206/6247
f 6477/6521 6479/6522 6478/6523 6476/6519
f 6477/6521 6209/6250 6480/6524 6479/6522
f 6477/6521 6206/6247 6207/6246 6209/6250
f 6480/6524 6482/6525 6481/6526 6479/6522
f 6480/6524 6212/6253 6483/6527 6482/6525
f 6480/6524 6209/6250 6210/6249 6212/6253
f 6483/6527 6485/6528 6484/6529 6482/6525
f 6483/6527 6215/6256 6486/6530 6485/6528
f 6483/6527 6212/6253 6213/6252 6215/6256
f 6486/6530 6488/6531 6487/6532 6485/6528
f 6486/6530 6218/6259 6489/6533 6488/6531
f 6486/6530 6215/6256 6216/6255 6218/6259
f 6489/6533 6491/6534 6490/6535 6488/6531
f 6489/6533 6221/6262 6492/6536 6491/6534
f 6489/6533 6218/6259 6219/6258 6221/6262
f 6492/6536 6494/6537 6493/6538 6491/6534
f 6492/6536 6224/6265 6495/6539 6494/6537
f 6492/6536 6221/6262 6222/6261 6224/6265
f 6495/6539 6497/6540 6496/6541 6494/6537
f 6495/6539 6227/6268 6498/6542 6497/6540
f 6495/6539 6224/6265 6225/6264 6227/6268
f 6498/6542 6500/6543 6499/6544 6497/6540
f 6498/6542 6230/6271 6501/6545 6500/6543
f 6498/6542 6227/6268 6228/6267 6230/6271
f 6501/6545 6503/6546 6502/6547 6500/6543
f 6501/6545 6233/6274 6504/6548 6503/6546
f 6501/6545 6230/6271 6231/6270 6233/6274
f 6504/6548 6245/6286 6505/6549 6503/6546
f 6504/6548 6236/6277 6242/6282 6245/6286
f 6504/6548 6233/6274 6234/6273 6236/6277
f 6505/6549 6245/6286 6246/6285 6249/6290
f 6505/6549 6506/6550 6502/6547 6503/6546
f 6505/6549 6249/6290 6507/6551 6506/6550
f 6507/6551 6249/6290 6250/6289 6253/6294
f 6507/6551 4373/4405 4374/4404 6506/6550
f 6507/6551 6253/6294 4378/4408 4373/4405
f 6506/6550 4374/4404 6508/6552 6502/6547
f 6508/6552 4374/4404 4375/4403 6509/6553
f 6508/6552 6499/6544 6500/6543 6502/6547
f 6508/6552 6509/6553 6510/6554 6499/6544
f 6510/6554 6509/6553 6512/6555 6511/6556
f 6510/6554 6496/6541 6497/6540 6499/6544
f 6510/6554 6511/6556 6513/6557 6496/6541
f 6513/6557 6511/6556 6515/6558 6514/6559
f 6513/6557 6493/6538 6494/6537 6496/6541
f 6513/6557 6514/6559 6516/6560 6493/6538
f 6516/6560 6514/6559 6518/6561 6517/6562
f 6516/6560 6490/6535 6491/6534 6493/6538
f 6516/6560 6517/6562 6519/6563 6490/6535
f 6519/6563 6517/6562 6521/6564 6520/6565
f 6519/6563 6487/6532 6488/6531 6490/6535
f 6519/6563 6520/6565 6522/6566 6487/6532
f 6522/6566 6520/6565 6524/6567 6523/6568
f 6522/6566 6484/6529 6485/6528 6487/6532
f 6522/6566 6523/6568 6525/6569 6484/6529
f 6525/6569 6523/6568 6527/6570 6526/6571
f 6525/6569 6481/6526 6482/6525 6484/6529
f 6525/6569 6526/6571 6528/6572 6481/6526
f 6528/6572 6526/6571 6530/6573 6529/6574
f 6528/6572 6478/6523 6479/6522 6481/6526
f 6528/6572 6529/6574 6531/6575 6478/6523
f 6531/6575 6529/6574 6533/6576 6532/6577
f 6531/6575 6475/6520 6476/6519 6478/6523
f 6531/6575 6532/6577 6534/6578 6475/6520
f 6534/6578 6532/6577 6536/6579 6535/6580
f 6534/6578 6472/6517 6473/6516 6475/6520
f 6534/6578 6535/6580 6537/6581 6472/6517
f 6537/6581 6535/6580 6539/6582 6538/6583
f 6537/6581 6469/6514 6470/6513 6472/6517
f 6537/6581 6538/6583 6540/6584 6469/6514
f 6540/6584 6538/6583 6542/6585 6541/6586
f 6540/6584 6466/6511 6467/6510 6469/6514
f 6540/6584 6541/6586 6543/6587 6466/6511
f 6543/6587 6541/6586 6545/6588 6544/6589
f 6543/6587 6463/6508 6464/6507 6466/6511
f 6543/6587 6544/6589 6546/6590 6463/6508
f 6546/6590 6544/6589 6548/6591 6547/6592
f 6546/6590 6460/6505 6461/6504 6463/6508
f 6546/6590 6547/6592 6549/6593 6460/6505
f 6549/6593 6547/6592 6551/6594 6550/6595
f 6549/6593 6457/6502 6458/6501 6460/6505
f 6549/6593 6550/6595 6552/6596 6457/6502
f 6552/6596 6550/6595 6554/6597 6553/6598
f 6552/6596 6454/6499 6455/6498 6457/6502
f 6552/6596 6553/6598 6555/6599 6454/6499
f 6555/6599 6553/6598 6557/6600 6556/6601
f 6555/6599 6451/6496 6452/6495 6454/6499
f 6555/6599 6556/6601 6558/6602 6451/6496
f 6558/6602 6556/6601 6560/6603 6559/6604
f 6558/6602 6448/6493 6449/6492 6451/6496
f 6558/6602 6559/6604 6561/6605 6448/6493
f 6561/6605 6559/6604 6563/6606 6562/6607
f 6561/6605 6445/6490 6446/6489 6448/6493
f 6561/6605 6562/6607 6564/6608 6445/6490
f 6564/6608 6562/6607 6566/6609 6565/6610
f 6564/6608 6442/6487 6443/6486 6445/6490
f 6564/6608 6565/6610 6567/6611 6442/6487
f 6567/6611 6565/6610 6569/6612 6568/6613
f 6567/6611 6439/6484 6440/6483 6442/6487
f 6567/6611 6568/6613 6570/6614 6439/6484
f 6570/6614 6568/6613 6572/6615 6571/6616
f 6570/6614 6436/6481 6437/6480 6439/6484
f 6570/6614 6571/6616 6573/6617 6436/6481
f 6573/6617 6571/6616 6575/6618 6574/6619
f 6573/6617 6433/6478 6434/6477 6436/6481
f 6573/6617 6574/6619 6576/6620 6433/6478
f 6576/6620 6574/6619 6578/6621 6577/6622
f 6576/6620 6430/6475 6431/6474 6433/6478
f 6576/6620 6577/6622 6579/6623 6430/6475
f 6579/6623 6577/6622 6581/6624 6580/6625
f 6579/6623 6425/6470 6427/6472 6430/6475
f 6579/6623 6580/6625 6423/6468 6425/6470
f 6581/6624 6584/6626 6583/6627 6582/6628
f 6581/6624 6577/6622 6578/6621 6584/6626
f 6581/6624 6582/6628 6585/6629 6580/6625
f 6585/6629 6582/6628 6587/6630 6586/6631
f 6585/6629 6421/6466 6423/6468 6580/6625
f 6585/6629 6586/6631 6419/6464 6421/6466
f 6587/6630 6589/6632 6357/6402 6588/6633
f 6587/6630 6582/6628 6583/6627 6589/6632
f 6587/6630 6588/6633 6590/6634 6586/6631
f 6590/6634 6588/6633 6361/6406 6591/6635
f 6590/6634 6417/6462 6419/6464 6586/6631
f 6590/6634 6591/6635 6415/6460 6417/6462
f 6591/6635 6361/6406 6362/6405 6365/6410
f 6591/6635 6365/6410 6413/6458 6415/6460
f 6589/6632 6353/6398 6354/6397 6357/6402
f 6589/6632 6583/6627 6592/6636 6353/6398
f 6592/6636 6349/6394 6350/6393 6353/6398
f 6592/6636 6594/6637 6593/6638 6349/6394
f 6592/6636 6583/6627 6584/6626 6594/6637
f 6594/6637 6596/6639 6595/6640 6593/6638
f 6594/6637 6584/6626 6578/6621 6596/6639
f 6596/6639 6575/6618 6597/6641 6595/6640
f 6596/6639 6578/6621 6574/6619 6575/6618
f 6597/6641 6599/6642 6598/6643 6595/6640
f 6597/6641 6572/6615 6600/6644 6599/6642
f 6597/6641 6575/6618 6571/6616 6572/6615
f 6600/6644 6602/6645 6601/6646 6599/6642
f 6600/6644 6569/6612 6603/6647 6602/6645
f 6600/6644 6572/6615 6568/6613 6569/6612
f 6603/6647 6605/6648 6604/6649 6602/6645
f 6603/6647 6566/6609 6606/6650 6605/6648
f 6603/6647 6569/6612 6565/6610 6566/6609
f 6606/6650 6608/6651 6607/6652 6605/6648
f 6606/6650 6563/6606 6609/6653 6608/6651
f 6606/6650 6566/6609 6562/6607 6563/6606
f 6609/6653 6611/6654 6610/6655 6608/6651
f 6609/6653 6560/6603 6612/6656 6611/6654
f 6609/6653 6563/6606 6559/6604 6560/6603
f 6612/6656 6614/6657 6613/6658 6611/6654
f 6612/6656 6557/6600 6615/6659 6614/6657
f 6612/6656 6560/6603 6556/6601 6557/6600
f 6615/6659 6617/6660 6616/6661 6614/6657
f 6615/6662 6554/6597 6618/6663 6617/6664
f 6615/6662 6557/6600 6553/6598 6554/6597
f 6618/6663 6620/6665 6619/6666 6617/6664
f 6618/6663 6551/6594 6621/6667 6620/6665
f 6618/6663 6554/6597 6550/6595 6551/6594
f 6621/6667 6623/6668 6622/6669 6620/6665
f 6621/6667 6548/6591 6624/6670 6623/6668
f 6621/6667 6551/6594 6547/6592 6548/6591
f 6624/6670 6626/6671 6625/6672 6623/6668
f 6624/6670 6545/6588 6627/6673 6626/6671
f 6624/6670 6548/6591 6544/6589 6545/6588
f 6627/6673 6629/6674 6628/6675 6626/6671
f 6627/6673 6542/6585 6630/6676 6629/6674
f 6627/6673 6545/6588 6541/6586 6542/6585
f 6630/6676 6632/6677 6631/6678 6629/6674
f 6630/6676 6539/6582 6633/6679 6632/6677
f 6630/6676 6542/6585 6538/6583 6539/6582
f 6633/6679 6635/6680 6634/6681 6632/6677
f 6633/6679 6536/6579 6636/6682 6635/6680
f 6633/6679 6539/6582 6535/6580 6536/6579
f 6636/6682 6638/6683 6637/6684 6635/6680
f 6636/6682 6533/6576 6639/6685 6638/6683
f 6636/6682 6536/6579 6532/6577 6533/6576
f 6639/6685 6641/6686 6640/6687 6638/6683
f 6639/6685 6530/6573 6642/6688 6641/6686
f 6639/6685 6533/6576 6529/6574 6530/6573
f 6642/6688 6644/6689 6643/6690 6641/6686
f 6642/6688 6527/6570 6645/6691 6644/6689
f 6642/6688 6530/6573 6526/6571 6527/6570
f 6645/6691 6647/6692 6646/6693 6644/6689
f 6645/6691 6524/6567 6648/6694 6647/6692
f 6645/6691 6527/6570 6523/6568 6524/6567
f 6648/6694 6650/6695 6649/6696 6647/6692
f 6648/6694 6521/6564 6651/6697 6650/6695
f 6648/6694 6524/6567 6520/6565 6521/6564
f 6651/6697 6653/6698 6652/6699 6650/6695
f 6651/6697 6518/6561 6654/6700 6653/6698
f 6651/6697 6521/6564 6517/6562 6518/6561
f 6654/6700 6656/6701 6655/6702 6653/6698
f 6654/6700 6515/6558 6657/6703 6656/6701
f 6654/6700 6518/6561 6514/6559 6515/6558
f 6657/6703 6659/6704 6658/6705 6656/6701
f 6657/6703 6512/6555 4376/4407 6659/6704
f 6657/6703 6515/6558 6511/6556 6512/6555
f 6659/6704 6660/6706 6261/6302 6658/6705
f 6659/6704 4376/4407 4377/4406 6660/6706
f 6660/6706 6257/6298 6258/6297 6261/6302
f 6660/6706 4377/4406 4378/4408 6257/6298
f 6658/6705 6261/6302 6262/6301 6265/6306
f 6658/6705 6265/6306 6655/6702 6656/6701
f 6655/6702 6265/6306 6266/6305 6269/6310
f 6655/6702 6269/6310 6652/6699 6653/6698
f 6652/6699 6269/6310 6270/6309 6273/6314
f 6652/6699 6273/6314 6649/6696 6650/6695
f 6649/6696 6273/6314 6274/6313 6277/6318
f 6649/6696 6277/6318 6646/6693 6647/6692
f 6646/6693 6277/6318 6278/6317 6281/6322
f 6646/6693 6281/6322 6643/6690 6644/6689
f 6643/6690 6281/6322 6282/6321 6285/6326
f 6643/6690 6285/6326 6640/6687 6641/6686
f 6640/6687 6285/6326 6286/6325 6289/6330
f 6640/6687 6289/6330 6637/6684 6638/6683
f 6637/6684 6289/6330 6290/6329 6293/6334
f 6637/6684 6293/6334 6634/6681 6635/6680
f 6634/6681 6293/6334 6294/6333 6297/6338
f 6634/6681 6297/6338 6631/6678 6632/6677
f 6631/6678 6297/6338 6298/6337 6301/6342
f 6631/6678 6301/6342 6628/6675 6629/6674
f 6628/6675 6301/6342 6302/6341 6305/6347
f 6628/6675 6305/6347 6625/6672 6626/6671
f 6625/6672 6305/6347 6306/6346 6309/6353
f 6625/6672 6309/6353 6622/6669 6623/6668
f 6622/6669 6309/6353 6310/6352 6313/6707
f 6622/6669 6313/6707 6619/6666 6620/6665
f 6619/6708 6313/6358 6314/6357 6317/6362
f 6619/6708 6317/6362 6616/6661 6617/6660
f 6616/6661 6317/6362 6318/6361 6321/6366
f 6616/6661 6321/6366 6613/6658 6614/6657
f 6613/6658 6321/6366 6322/6365 6325/6370
f 6613/6658 6325/6370 6610/6655 6611/6654
f 6610/6655 6325/6370 6326/6369 6329/6374
f 6610/6655 6329/6374 6607/6652 6608/6651
f 6607/6652 6329/6374 6330/6373 6333/6378
f 6607/6652 6333/6378 6604/6649 6605/6648
f 6604/6649 6333/6378 6334/6377 6337/6382
f 6604/6649 6337/6382 6601/6646 6602/6645
f 6601/6646 6337/6382 6338/6381 6341/6386
f 6601/6646 6341/6386 6598/6643 6599/6642
f 6598/6643 6341/6386 6342/6385 6345/6390
f 6598/6643 6345/6390 6593/6638 6595/6640
f 6593/6638 6345/6390 6346/6389 6349/6394
f 6588/6633 6357/6402 6358/6401 6361/6406
f 6512/6555 6509/6553 4375/4403 4376/4407
f 6413/6458 6365/6410 6366/6409 6369/6414
f 6400/6444 5637/5678 5638/5677 5640/5681
f 6396/6440 5634/5675 5635/5674 5637/5678
f 6392/6436 5631/5672 5632/5671 5634/5675
f 6388/6432 5628/5669 5629/5668 5631/5672
f 6384/6428 5625/5666 5626/5665 5628/5669
f 6380/6424 5622/5663 5623/5662 5625/5666
f 6376/6420 5619/5660 5620/5659 5622/5663
f 6372/6416 5616/5657 5617/5656 5619/5660
f 6368/6412 5613/5654 5614/5653 5616/5657
f 6364/6408 5610/5651 5611/5650 5613/5654
f 6360/6404 5607/5648 5608/5647 5610/5651
f 6356/6400 5604/5645 5605/5644 5607/5648
f 6352/6396 5601/5642 5602/5641 5604/5645
f 6348/6392 5598/5639 5599/5638 5601/5642
f 6344/6388 5595/5636 5596/5635 5598/5639
f 6340/6384 5592/5633 5593/5632 5595/5636
f 6336/6380 5589/5630 5590/5629 5592/5633
f 6332/6376 5586/5627 5587/5626 5589/5630
f 6328/6372 5583/5624 5584/5623 5586/5627
f 6324/6368 5580/5621 5581/5620 5583/5624
f 6320/6364 5577/5618 5578/5617 5580/5621
f 6316/6360 5574/5615 5575/5614 5577/5618
f 6312/6356 5571/5612 5572/5611 5574/5615
f 6308/6351 5568/5609 5569/5608 5571/5612
f 6304/6350 5565/5606 5566/5605 5568/5609
f 6300/6340 5562/5602 5563/5601 5565/6344
f 6296/6336 5559/5598 5560/5597 5562/5602
f 6292/6332 5556/5594 5557/5593 5559/5598
f 6288/6328 5553/5591 5554/5590 5556/5594
f 6284/6324 5550/5588 5551/5587 5553/5591
f 6280/6320 5547/5585 5548/5584 5550/5588
f 6276/6316 5544/5582 5545/5581 5547/5585
f 6272/6312 5541/5579 5542/5578 5544/5582
f 6268/6308 5538/5576 5539/5575 5541/5579
f 6264/6304 5535/5573 5536/5572 5538/5576
f 6260/6300 5532/5570 5533/5569 5535/5573
f 6257/6298 4378/4408 6253/6294 6254/6293
f 6256/6296 5529/5567 5530/5566 5532/5570
f 6252/6292 5526/5564 5527/5563 5529/5567
f 6248/6288 5523/5561 5524/5560 5526/5564
f 6244/6284 5520/5558 5521/5557 5523/5561
f 6241/6281 5517/5555 5518/5554 5520/5558
f 6239/6279 5514/5552 5515/5551 5517/5555
f 6118/6159 4380/4411 4381/4410 6116/6156
f 6113/6152 4382/4414 4383/4413 6112/6153
f 6110/6151 5643/5684 5644/5683 5646/5687
f 6092/6133 5672/5713 5674/5715 6088/6128
f 6045/6084 5704/5745 5706/5747 6044/6085
f 6044/6085 6661/6709 6039/6080 6040/6079
f 6044/6085 5706/5747 6662/6710 6661/6709
f 6662/6710 6664/6711 6663/6712 6661/6709
f 6662/6710 5709/5750 6665/6713 6664/6711
f 6662/6710 5706/5747 5707/5746 5709/5750
f 6665/6713 6667/6714 6666/6715 6664/6711
f 6665/6713 5712/5753 6668/6716 6667/6714
f 6665/6713 5709/5750 5710/5749 5712/5753
f 6668/6716 6670/6717 6669/6718 6667/6714
f 6668/6716 5715/5756 6671/6719 6670/6717
f 6668/6716 5712/5753 5713/5752 5715/5756
f 6671/6719 6673/6720 6672/6721 6670/6717
f 6671/6719 5718/5759 5720/5761 6673/6720
f 6671/6719 5715/5756 5716/5755 5718/5759
f 6673/6720 6675/6722 6674/6723 6672/6721
f 6673/6720 5720/5761 5722/5763 6675/6722
f 6675/6722 6677/6724 6676/6725 6674/6723
f 6675/6722 5722/5763 6678/6726 6677/6724
f 6678/6726 6680/6727 6679/6728 6677/6724
f 6678/6726 5725/5766 6681/6729 6680/6727
f 6678/6726 5722/5763 5723/5762 5725/5766
f 6681/6729 6683/6730 6682/6731 6680/6727
f 6681/6729 5729/5770 5731/5772 6683/6730
f 6681/6729 5725/5766 5726/5765 5729/5770
f 6683/6730 6685/6732 6684/6733 6682/6731
f 6683/6730 5731/5772 5733/5774 6685/6732
f 6685/6732 6687/6734 6686/6735 6684/6733
f 6685/6732 5733/5774 5735/5776 6687/6734
f 6687/6734 6689/6736 6688/6737 6686/6735
f 6687/6734 5735/5776 5737/5778 6689/6736
f 6689/6736 6691/6738 6690/6739 6688/6737
f 6689/6736 5737/5778 5739/5780 6691/6738
f 6691/6738 6693/6740 6692/6741 6690/6739
f 6691/6738 5739/5780 6694/6742 6693/6740
f 6694/6742 6696/6743 6695/6744 6693/6740
f 6694/6742 5742/5783 6697/6745 6696/6743
f 6694/6742 5739/5780 5740/5779 5742/5783
f 6697/6745 6699/6746 6698/6747 6696/6743
f 6697/6745 5745/5786 6700/6748 6699/6746
f 6697/6745 5742/5783 5743/5782 5745/5786
f 6700/6748 6702/6749 6701/6750 6699/6746
f 6700/6748 5748/5789 6703/6751 6702/6749
f 6700/6748 5745/5786 5746/5785 5748/5789
f 6703/6751 6705/6752 6704/6753 6702/6749
f 6703/6751 5751/5792 6706/6754 6705/6752
f 6703/6751 5748/5789 5749/5788 5751/5792
f 6706/6754 6708/6755 6707/6756 6705/6752
f 6706/6754 5754/5795 6709/6757 6708/6755
f 6706/6754 5751/5792 5752/5791 5754/5795
f 6709/6757 6711/6758 6710/6759 6708/6755
f 6709/6757 6713/6760 6712/6761 6711/6758
f 6709/6757 5754/5795 5755/5794 6713/6760
f 6713/6760 6715/6762 6714/6763 6712/6761
f 6713/6760 5755/5794 5756/5797 6715/6762
f 6715/6762 6717/6764 6716/6765 6714/6763
f 6715/6762 5756/5797 5758/5799 6717/6764
f 6717/6764 6719/6766 6718/6767 6716/6765
f 6717/6764 5758/5799 5760/5801 6719/6766
f 6719/6766 6721/6768 6720/6769 6718/6767
f 6719/6766 5760/5801 5762/5803 6721/6768
f 6721/6768 6723/6770 6722/6771 6720/6769
f 6721/6768 5762/5803 5764/5805 6723/6770
f 6723/6770 6725/6772 6724/6773 6722/6771
f 6723/6770 5764/5805 5766/5807 6725/6772
f 6725/6772 6727/6774 6726/6775 6724/6773
f 6725/6772 5766/5807 5768/5809 6727/6774
f 6727/6774 6729/6776 6728/6777 6726/6775
f 6727/6774 5768/5809 5770/5811 6729/6776
f 6729/6776 5776/5817 5778/5819 6728/6777
f 6729/6776 5770/5811 5772/5813 5776/5817
f 6728/6777 6731/6778 6730/6779 6726/6775
f 6728/6777 5778/5819 5780/5821 6731/6778
f 6731/6778 6733/6780 6732/6781 6730/6779
f 6731/6778 5780/5821 5782/5823 6733/6780
f 6733/6780 6735/6782 6734/6783 6732/6781
f 6733/6780 5782/5823 5784/5825 6735/6782
f 6735/6782 6737/6784 6736/6785 6734/6783
f 6735/6782 5784/5825 5786/5827 6737/6784
f 6737/6784 5792/5833 6738/6786 6736/6785
f 6737/6784 5786/5827 5788/5829 5792/5833
f 6738/6786 6740/6787 6739/6788 6736/6785
f 6738/6786 5795/5836 6741/6789 6740/6787
f 6738/6786 5792/5833 5793/5832 5795/5836
f 6741/6789 6743/6790 6742/6791 6740/6787
f 6741/6789 6745/6792 6744/6793 6743/6790
f 6741/6789 5795/5836 5796/5835 6745/6792
f 6745/6792 5801/5842 5803/5844 6744/6793
f 6745/6792 5796/5835 5797/5838 5801/5842
f 6744/6793 6747/6794 6746/6795 6743/6790
f 6744/6793 5803/5844 5805/5846 6747/6794
f 6747/6794 6749/6796 6748/6797 6746/6795
f 6747/6794 5805/5846 5807/5848 6749/6796
f 6749/6796 6751/6798 6750/6799 6748/6797
f 6749/6796 5807/5848 5809/5850 6751/6798
f 6751/6798 6753/6800 6752/6801 6750/6799
f 6751/6798 5809/5850 5811/5852 6753/6800
f 6753/6800 6755/6802 6754/6803 6752/6801
f 6753/6800 5811/5852 5813/5854 6755/6802
f 6755/6802 6757/6804 6756/6805 6754/6803
f 6755/6802 5813/5854 5815/5856 6757/6804
f 6757/6804 6759/6806 6758/6807 6756/6805
f 6757/6804 5815/5856 5817/5858 6759/6806
f 6759/6806 6761/6808 6760/6809 6758/6807
f 6759/6806 5817/5858 5819/5860 6761/6808
f 6761/6808 6763/6810 6762/6811 6760/6809
f 6761/6808 5819/5860 5821/5862 6763/6810
f 6763/6810 6765/6812 6764/6813 6762/6811
f 6763/6810 5821/5862 5823/5864 6765/6812
f 6765/6812 6767/6814 6766/6815 6764/6813
f 6765/6812 5823/5864 5825/5866 6767/6814
f 6767/6814 6769/6816 6768/6817 6766/6815
f 6767/6814 5825/5866 5827/5868 6769/6816
f 6769/6816 6771/6818 6770/6819 6768/6817
f 6769/6816 5827/5868 5829/5870 6771/6818
f 6771/6818 6773/6820 6772/6821 6770/6819
f 6771/6818 5829/5870 5831/5872 6773/6820
f 6773/6820 6775/6822 6774/6823 6772/6821
f 6773/6820 5831/5872 5833/5874 6775/6822
f 6775/6822 6777/6824 6776/6825 6774/6823
f 6775/6822 5833/5874 5835/5876 6777/6824
f 6777/6824 6779/6826 6778/6827 6776/6825
f 6777/6824 5835/5876 5837/5878 6779/6826
f 6779/6826 6781/6828 6780/6829 6778/6827
f 6779/6826 5837/5878 5839/5880 6781/6828
f 6781/6828 6783/6830 6782/6831 6780/6829
f 6781/6828 5839/5880 5841/5882 6783/6830
f 6783/6830 6785/6832 6784/6833 6782/6831
f 6783/6830 5841/5882 5843/5884 6785/6832
f 6785/6832 6787/6834 6786/6835 6784/6833
f 6785/6832 5843/5884 5845/5886 6787/6834
f 6787/6834 6789/6836 6788/6837 6786/6835
f 6787/6834 5845/5886 5847/5888 6789/6836
f 6789/6836 6791/6838 6790/6839 6788/6837
f 6789/6836 5847/5888 5849/5890 6791/6838
f 6791/6838 6793/6840 6792/6841 6790/6839
f 6791/6838 5849/5890 5851/5892 6793/6840
f 6793/6840 6795/6842 6794/6843 6792/6841
f 6793/6840 5851/5892 5853/5894 6795/6842
f 6795/6842 6797/6844 6796/6845 6794/6843
f 6795/6842 5853/5894 5855/5896 6797/6844
f 6797/6844 6799/6846 6798/6847 6796/6845
f 6797/6844 5855/5896 5857/5898 6799/6846
f 6799/6846 6801/6848 6800/6849 6798/6847
f 6799/6846 5857/5898 5859/5900 6801/6848
f 6801/6848 6803/6850 6802/6851 6800/6849
f 6801/6848 5859/5900 5861/5902 6803/6850
f 6803/6850 6805/6852 6804/6853 6802/6851
f 6803/6850 5861/5902 5863/5904 6805/6852
f 6805/6852 6807/6854 6806/6855 6804/6853
f 6805/6852 5863/5904 5865/5906 6807/6854
f 6807/6854 6809/6856 6808/6857 6806/6855
f 6807/6854 5865/5906 5867/5908 6809/6856
f 6809/6856 6811/6858 6810/6859 6808/6857
f 6809/6856 5867/5908 5869/5910 6811/6858
f 6811/6858 6813/6860 6812/6861 6810/6859
f 6811/6858 5869/5910 5871/5912 6813/6860
f 6813/6860 6815/6862 6814/6863 6812/6861
f 6813/6860 5871/5912 5873/5914 6815/6862
f 6815/6862 6817/6864 6816/6865 6814/6863
f 6815/6862 5873/5914 5875/5916 6817/6864
f 6817/6864 6819/6866 6818/6867 6816/6865
f 6817/6864 5875/5916 5877/5918 6819/6866
f 6819/6866 6821/6868 6820/6869 6818/6867
f 6819/6866 5877/5918 5879/5920 6821/6868
f 6821/6868 6823/6870 6822/6871 6820/6869
f 6821/6868 5879/5920 5881/5922 6823/6870
f 6823/6870 6825/6872 6824/6873 6822/6871
f 6823/6870 5881/5922 5883/5924 6825/6872
f 6825/6872 6827/6874 6826/6875 6824/6873
f 6825/6872 5883/5924 5885/5926 6827/6874
f 6827/6874 6829/6876 6828/6877 6826/6875
f 6827/6874 5885/5926 5887/5928 6829/6876
f 6829/6876 6831/6878 6830/6879 6828/6877
f 6829/6876 5887/5928 5889/5930 6831/6878
f 6831/6878 6832/6880 5914/5955 6830/6879
f 6831/6878 5889/5930 5891/5932 6832/6880
f 6832/6880 5909/5950 5910/5949 5914/5955
f 6832/6880 5891/5932 5893/5934 5909/5950
f 6830/6879 5914/5955 5915/5954 5919/5960
f 6830/6879 5919/5960 6833/6881 6828/6877
f 6833/6881 5919/5960 5920/5959 5924/5965
f 6833/6881 6834/6882 6826/6875 6828/6877
f 6833/6881 5924/5965 6835/6883 6834/6882
f 6835/6883 5924/5965 5925/5964 5929/5970
f 6835/6883 6837/6884 6836/6885 6834/6882
f 6835/6883 5929/5970 6838/6886 6837/6884
f 6838/6886 5929/5970 5930/5969 5934/5975
f 6838/6886 6840/6887 6839/6888 6837/6884
f 6838/6886 5934/5975 6841/6889 6840/6887
f 6841/6889 5934/5975 5935/5974 5939/5980
f 6841/6889 6843/6890 6842/6891 6840/6887
f 6841/6889 5939/5980 6844/6892 6843/6890
f 6844/6892 5939/5980 5940/5979 5944/5985
f 6844/6892 6846/6893 6845/6894 6843/6890
f 6844/6892 5944/5985 6847/6895 6846/6893
f 6847/6895 5944/5985 5945/5984 5949/5990
f 6847/6895 6849/6896 6848/6897 6846/6893
f 6847/6895 5949/5990 6850/6898 6849/6896
f 6850/6898 5949/5990 5950/5989 5954/5995
f 6850/6898 6852/6899 6851/6900 6849/6896
f 6850/6898 5954/5995 6853/6901 6852/6899
f 6853/6901 5954/5995 5955/5994 5959/6000
f 6853/6901 6855/6902 6854/6903 6852/6899
f 6853/6901 5959/6000 6856/6904 6855/6902
f 6856/6904 5959/6000 5960/5999 5964/6005
f 6856/6904 6858/6905 6857/6906 6855/6902
f 6856/6904 5964/6005 6859/6907 6858/6905
f 6859/6907 5964/6005 5965/6004 5969/6010
f 6859/6907 6861/6908 6860/6909 6858/6905
f 6859/6907 5969/6010 6862/6910 6861/6908
f 6862/6910 5969/6010 5970/6009 5974/6015
f 6862/6910 6864/6911 6863/6912 6861/6908
f 6862/6910 5974/6015 6865/6913 6864/6911
f 6865/6913 5974/6015 5975/6014 5979/6020
f 6865/6913 6867/6914 6866/6915 6864/6911
f 6865/6913 5979/6020 6868/6916 6867/6914
f 6868/6916 5979/6020 5980/6019 5984/6025
f 6868/6916 6870/6917 6869/6918 6867/6914
f 6868/6916 5984/6025 6871/6919 6870/6917
f 6871/6919 5984/6025 5985/6024 5989/6030
f 6871/6919 6873/6920 6872/6921 6870/6917
f 6871/6919 5989/6030 6874/6922 6873/6920
f 6874/6922 5989/6030 5990/6029 5994/6035
f 6874/6922 6876/6923 6875/6924 6873/6920
f 6874/6922 5994/6035 6877/6925 6876/6923
f 6877/6925 5994/6035 5995/6034 5999/6040
f 6877/6925 6879/6926 6878/6927 6876/6923
f 6877/6925 5999/6040 6880/6928 6879/6926
f 6880/6928 5999/6040 6000/6039 6004/6045
f 6880/6928 6882/6929 6881/6930 6879/6926
f 6880/6928 6004/6045 6883/6931 6882/6929
f 6883/6931 6004/6045 6005/6044 6009/6050
f 6883/6931 6885/6932 6884/6933 6882/6929
f 6883/6931 6009/6050 6886/6934 6885/6932
f 6886/6934 6009/6050 6010/6049 6014/6055
f 6886/6934 6888/6935 6887/6936 6885/6932
f 6886/6934 6014/6055 6889/6937 6888/6935
f 6889/6937 6014/6055 6015/6054 6019/6060
f 6889/6937 6891/6938 6890/6939 6888/6935
f 6889/6937 6019/6060 6892/6940 6891/6938
f 6892/6940 6019/6060 6020/6059 6024/6065
f 6892/6940 6894/6941 6893/6942 6891/6938
f 6892/6940 6024/6065 6895/6943 6894/6941
f 6895/6943 6024/6065 6025/6064 6029/6070
f 6895/6943 6897/6944 6896/6945 6894/6941
f 6895/6943 6029/6070 6898/6946 6897/6944
f 6898/6946 6029/6070 6030/6069 6034/6075
f 6898/6946 6900/6947 6899/6948 6897/6944
f 6898/6946 6034/6075 6901/6949 6900/6947
f 6901/6949 6034/6075 6035/6074 6039/6080
f 6901/6949 6663/6712 6902/6950 6900/6947
f 6901/6949 6039/6080 6661/6709 6663/6712
f 6902/6950 6903/6951 6899/6948 6900/6947
f 6902/6950 6666/6715 6904/6952 6903/6951
f 6902/6950 6663/6712 6664/6711 6666/6715
f 6904/6952 6906/6953 6905/6954 6903/6951
f 6904/6952 6669/6718 6907/6955 6906/6953
f 6904/6952 6666/6715 6667/6714 6669/6718
f 6907/6955 6909/6956 6908/6957 6906/6953
f 6907/6955 6672/6721 6674/6723 6909/6956
f 6907/6955 6669/6718 6670/6717 6672/6721
f 6909/6956 6911/6958 6910/6959 6908/6957
f 6909/6956 6674/6723 6676/6725 6911/6958
f 6911/6958 6913/6960 6912/6961 6910/6959
f 6911/6958 6676/6725 6914/6962 6913/6960
f 6914/6962 6916/6963 6915/6964 6913/6960
f 6914/6962 6679/6728 6917/6965 6916/6963
f 6914/6962 6676/6725 6677/6724 6679/6728
f 6917/6965 6919/6966 6918/6967 6916/6963
f 6917/6965 6682/6731 6684/6733 6919/6966
f 6917/6965 6679/6728 6680/6727 6682/6731
f 6919/6966 6921/6968 6920/6969 6918/6967
f 6919/6966 6684/6733 6686/6735 6921/6968
f 6921/6968 6923/6970 6922/6971 6920/6969
f 6921/6968 6686/6735 6688/6737 6923/6970
f 6923/6970 6925/6972 6924/6973 6922/6971
f 6923/6970 6688/6737 6690/6739 6925/6972
f 6925/6972 6927/6974 6926/6975 6924/6973
f 6925/6972 6690/6739 6692/6741 6927/6974
f 6927/6974 6929/6976 6928/6977 6926/6975
f 6927/6974 6692/6741 6930/6978 6929/6976
f 6930/6978 6932/6979 6931/6980 6929/6976
f 6930/6978 6695/6744 6933/6981 6932/6979
f 6930/6978 6692/6741 6693/6740 6695/6744
f 6933/6981 6935/6982 6934/6983 6932/6979
f 6933/6981 6698/6747 6936/6984 6935/6982
f 6933/6981 6695/6744 6696/6743 6698/6747
f 6936/6984 6938/6985 6937/6986 6935/6982
f 6936/6984 6701/6750 6939/6987 6938/6985
f 6936/6984 6698/6747 6699/6746 6701/6750
f 6939/6987 6941/6988 6940/6989 6938/6985
f 6939/6987 6704/6753 6942/6990 6941/6988
f 6939/6987 6701/6750 6702/6749 6704/6753
f 6942/6990 6944/6991 6943/6992 6941/6988
f 6942/6990 6707/6756 6945/6993 6944/6991
f 6942/6990 6704/6753 6705/6752 6707/6756
f 6945/6993 6947/6994 6946/6995 6944/6991
f 6945/6993 6710/6759 6948/6996 6947/6994
f 6945/6993 6707/6756 6708/6755 6710/6759
f 6948/6996 6950/6997 6949/6998 6947/6994
f 6948/6996 6952/6999 6951/7000 6950/6997
f 6948/6996 6710/6759 6711/6758 6952/6999
f 6952/6999 6954/7001 6953/7002 6951/7000
f 6952/6999 6711/6758 6712/6761 6954/7001
f 6954/7001 6956/7003 6955/7004 6953/7002
f 6954/7001 6712/6761 6714/6763 6956/7003
f 6956/7003 6958/7005 6957/7006 6955/7004
f 6956/7003 6714/6763 6716/6765 6958/7005
f 6958/7005 6960/7007 6959/7008 6957/7006
f 6958/7005 6716/6765 6718/6767 6960/7007
f 6960/7007 6962/7009 6961/7010 6959/7008
f 6960/7007 6718/6767 6720/6769 6962/7009
f 6962/7009 6964/7011 6963/7012 6961/7010
f 6962/7009 6720/6769 6722/6771 6964/7011
f 6964/7011 6966/7013 6965/7014 6963/7012
f 6964/7011 6722/6771 6724/6773 6966/7013
f 6966/7013 6730/6779 6732/6781 6965/7014
f 6966/7013 6724/6773 6726/6775 6730/6779
f 6965/7014 6968/7015 6967/7016 6963/7012
f 6965/7014 6732/6781 6734/6783 6968/7015
f 6968/7015 6739/6788 6969/7017 6967/7016
f 6968/7015 6734/6783 6736/6785 6739/6788
f 6969/7017 6971/7018 6970/7019 6967/7016
f 6969/7017 6742/6791 6972/7020 6971/7018
f 6969/7017 6739/6788 6740/6787 6742/6791
f 6972/7020 6974/7021 6973/7022 6971/7018
f 6972/7020 6746/6795 6748/6797 6974/7021
f 6972/7020 6742/6791 6743/6790 6746/6795
f 6974/7021 6976/7023 6975/7024 6973/7022
f 6974/7021 6748/6797 6750/6799 6976/7023
f 6976/7023 6978/7025 6977/7026 6975/7024
f 6976/7023 6750/6799 6752/6801 6978/7025
f 6978/7025 6980/7027 6979/7028 6977/7026
f 6978/7025 6752/6801 6754/6803 6980/7027
f 6980/7027 6982/7029 6981/7030 6979/7028
f 6980/7027 6754/6803 6756/6805 6982/7029
f 6982/7029 6984/7031 6983/7032 6981/7030
f 6982/7029 6756/6805 6758/6807 6984/7031
f 6984/7031 6986/7033 6985/7034 6983/7032
f 6984/7031 6758/6807 6760/6809 6986/7033
f 6986/7033 6988/7035 6987/7036 6985/7034
f 6986/7033 6760/6809 6762/6811 6988/7035
f 6988/7035 6990/7037 6989/7038 6987/7036
f 6988/7035 6762/6811 6764/6813 6990/7037
f 6990/7037 6992/7039 6991/7040 6989/7038
f 6990/7037 6764/6813 6766/6815 6992/7039
f 6992/7039 6994/7041 6993/7042 6991/7040
f 6992/7039 6766/6815 6768/6817 6994/7041
f 6994/7041 6996/7043 6995/7044 6993/7042
f 6994/7041 6768/6817 6770/6819 6996/7043
f 6996/7043 6998/7045 6997/7046 6995/7044
f 6996/7043 6770/6819 6772/6821 6998/7045
f 6998/7045 7000/7047 6999/7048 6997/7046
f 6998/7045 6772/6821 6774/6823 7000/7047
f 7000/7047 7002/7049 7001/7050 6999/7048
f 7000/7047 6774/6823 6776/6825 7002/7049
f 7002/7049 7004/7051 7003/7052 7001/7050
f 7002/7049 6776/6825 6778/6827 7004/7051
f 7004/7051 7006/7053 7005/7054 7003/7052
f 7004/7051 6778/6827 6780/6829 7006/7053
f 7006/7053 7008/7055 7007/7056 7005/7054
f 7006/7053 6780/6829 6782/6831 7008/7055
f 7008/7055 7010/7057 7009/7058 7007/7056
f 7008/7055 6782/6831 6784/6833 7010/7057
f 7010/7057 7012/7059 7011/7060 7009/7058
f 7010/7057 6784/6833 6786/6835 7012/7059
f 7012/7059 7014/7061 7013/7062 7011/7060
f 7012/7059 6786/6835 6788/6837 7014/7061
f 7014/7061 7016/7063 7015/7064 7013/7062
f 7014/7061 6788/6837 6790/6839 7016/7063
f 7016/7063 7018/7065 7017/7066 7015/7064
f 7016/7063 6790/6839 6792/6841 7018/7065
f 7018/7065 7020/7067 7019/7068 7017/7066
f 7018/7065 6792/6841 6794/6843 7020/7067
f 7020/7067 7022/7069 7021/7070 7019/7068
f 7020/7067 6794/6843 6796/6845 7022/7069
f 7022/7069 7024/7071 7023/7072 7021/7070
f 7022/7069 6796/6845 6798/6847 7024/7071
f 7024/7071 7026/7073 7025/7074 7023/7072
f 7024/7071 6798/6847 6800/6849 7026/7073
f 7026/7073 7028/7075 7027/7076 7025/7074
f 7026/7073 6800/6849 6802/6851 7028/7075
f 7028/7075 7030/7077 7029/7078 7027/7076
f 7028/7075 6802/6851 6804/6853 7030/7077
f 7030/7077 7032/7079 7031/7080 7029/7078
f 7030/7077 6804/6853 6806/6855 7032/7079
f 7032/7079 7034/7081 7033/7082 7031/7080
f 7032/7079 6806/6855 6808/6857 7034/7081
f 7034/7081 7036/7083 7035/7084 7033/7082
f 7034/7081 6808/6857 6810/6859 7036/7083
f 7036/7083 7038/7085 7037/7086 7035/7084
f 7036/7083 6810/6859 6812/6861 7038/7085
f 7038/7085 7040/7087 7039/7088 7037/7086
f 7038/7085 6812/6861 6814/6863 7040/7087
f 7040/7087 7042/7089 7041/7090 7039/7088
f 7040/7087 6814/6863 6816/6865 7042/7089
f 7042/7089 7044/7091 7043/7092 7041/7090
f 7042/7089 6816/6865 6818/6867 7044/7091
f 7044/7091 7046/7093 7045/7094 7043/7092
f 7044/7091 6818/6867 6820/6869 7046/7093
f 7046/7093 7047/7095 6839/6888 7045/7094
f 7046/7093 6820/6869 6822/6871 7047/7095
f 7047/7095 6836/6885 6837/6884 6839/6888
f 7047/7095 6822/6871 6824/6873 6836/6885
f 7045/7094 6839/6888 6840/6887 6842/6891
f 7045/7094 6842/6891 7048/7096 7043/7092
f 7048/7096 6842/6891 6843/6890 6845/6894
f 7048/7096 7049/7097 7041/7090 7043/7092
f 7048/7096 6845/6894 7050/7098 7049/7097
f 7050/7098 6845/6894 6846/6893 6848/6897
f 7050/7098 7052/7099 7051/7100 7049/7097
f 7050/7098 6848/6897 7053/7101 7052/7099
f 7053/7101 6848/6897 6849/6896 6851/6900
f 7053/7101 7055/7102 7054/7103 7052/7099
f 7053/7101 6851/6900 7056/7104 7055/7102
f 7056/7104 6851/6900 6852/6899 6854/6903
f 7056/7104 7058/7105 7057/7106 7055/7102
f 7056/7104 6854/6903 7059/7107 7058/7105
f 7059/7107 6854/6903 6855/6902 6857/6906
f 7059/7107 7061/7108 7060/7109 7058/7105
f 7059/7107 6857/6906 7062/7110 7061/7108
f 7062/7110 6857/6906 6858/6905 6860/6909
f 7062/7110 7064/7111 7063/7112 7061/7108
f 7062/7110 6860/6909 7065/7113 7064/7111
f 7065/7113 6860/6909 6861/6908 6863/6912
f 7065/7113 7067/7114 7066/7115 7064/7111
f 7065/7113 6863/6912 7068/7116 7067/7114
f 7068/7116 6863/6912 6864/6911 6866/6915
f 7068/7116 7070/7117 7069/7118 7067/7114
f 7068/7116 6866/6915 7071/7119 7070/7117
f 7071/7119 6866/6915 6867/6914 6869/6918
f 7071/7119 7073/7120 7072/7121 7070/7117
f 7071/7119 6869/6918 7074/7122 7073/7120
f 7074/7122 6869/6918 6870/6917 6872/6921
f 7074/7122 7076/7123 7075/7124 7073/7120
f 7074/7122 6872/6921 7077/7125 7076/7123
f 7077/7125 6872/6921 6873/6920 6875/6924
f 7077/7125 7079/7126 7078/7127 7076/7123
f 7077/7125 6875/6924 7080/7128 7079/7126
f 7080/7128 6875/6924 6876/6923 6878/6927
f 7080/7128 7082/7129 7081/7130 7079/7126
f 7080/7128 6878/6927 7083/7131 7082/7129
f 7083/7131 6878/6927 6879/6926 6881/6930
f 7083/7131 7085/7132 7084/7133 7082/7129
f 7083/7131 6881/6930 7086/7134 7085/7132
f 7086/7134 6881/6930 6882/6929 6884/6933
f 7086/7134 7088/7135 7087/7136 7085/7132
f 7086/7134 6884/6933 7089/7137 7088/7135
f 7089/7137 6884/6933 6885/6932 6887/6936
f 7089/7137 7091/7138 7090/7139 7088/7135
f 7089/7137 6887/6936 7092/7140 7091/7138
f 7092/7140 6887/6936 6888/6935 6890/6939
f 7092/7140 7094/7141 7093/7142 7091/7138
f 7092/7140 6890/6939 7095/7143 7094/7141
f 7095/7143 6890/6939 6891/6938 6893/6942
f 7095/7143 7097/7144 7096/7145 7094/7141
f 7095/7143 6893/6942 7098/7146 7097/7144
f 7098/7146 6893/6942 6894/6941 6896/6945
f 7098/7146 7100/7147 7099/7148 7097/7144
f 7098/7146 6896/6945 7101/7149 7100/7147
f 7101/7149 6896/6945 6897/6944 6899/6948
f 7101/7149 6905/6954 7102/7150 7100/7147
f 7101/7149 6899/6948 6903/6951 6905/6954
f 7102/7150 7103/7151 7099/7148 7100/7147
f 7102/7150 6908/6957 6910/6959 7103/7151
f 7102/7150 6905/6954 6906/6953 6908/6957
f 7103/7151 7105/7152 7104/7153 7099/7148
f 7103/7151 6910/6959 6912/6961 7105/7152
f 7105/7152 7107/7154 7106/7155 7104/7153
f 7105/7152 6912/6961 7108/7156 7107/7154
f 7108/7156 7110/7157 7109/7158 7107/7154
f 7108/7156 6915/6964 7111/7159 7110/7157
f 7108/7156 6912/6961 6913/6960 6915/6964
f 7111/7159 7113/7160 7112/7161 7110/7157
f 7111/7159 6918/6967 6920/6969 7113/7160
f 7111/7159 6915/6964 6916/6963 6918/6967
f 7113/7160 7115/7162 7114/7163 7112/7161
f 7113/7160 6920/6969 6922/6971 7115/7162
f 7115/7162 7117/7164 7116/7165 7114/7163
f 7115/7162 6922/6971 6924/6973 7117/7164
f 7117/7164 7119/7166 7118/7167 7116/7165
f 7117/7164 6924/6973 6926/6975 7119/7166
f 7119/7166 7121/7168 7120/7169 7118/7167
f 7119/7166 6926/6975 6928/6977 7121/7168
f 7121/7168 7123/7170 7122/7171 7120/7169
f 7121/7168 6928/6977 7124/7172 7123/7170
f 7124/7172 7126/7173 7125/7174 7123/7170
f 7124/7172 6931/6980 7127/7175 7126/7173
f 7124/7172 6928/6977 6929/6976 6931/6980
f 7127/7175 7129/7176 7128/7177 7126/7173
f 7127/7175 6934/6983 7130/7178 7129/7176
f 7127/7175 6931/6980 6932/6979 6934/6983
f 7130/7178 7132/7179 7131/7180 7129/7176
f 7130/7178 6937/6986 7133/7181 7132/7179
f 7130/7178 6934/6983 6935/6982 6937/6986
f 7133/7181 7135/7182 7134/7183 7132/7179
f 7133/7181 6940/6989 7136/7184 7135/7182
f 7133/7181 6937/6986 6938/6985 6940/6989
f 7136/7184 7138/7185 7137/7186 7135/7182
f 7136/7184 6943/6992 7139/7187 7138/7185
f 7136/7184 6940/6989 6941/6988 6943/6992
f 7139/7187 7141/7188 7140/7189 7138/7185
f 7139/7187 6946/6995 7142/7190 7141/7188
f 7139/7187 6943/6992 6944/6991 6946/6995
f 7142/7190 7144/7191 7143/7192 7141/7188
f 7142/7190 6949/6998 7145/7193 7144/7191
f 7142/7190 6946/6995 6947/6994 6949/6998
f 7145/7193 6985/7034 6987/7036 7144/7191
f 7145/7193 7146/7194 6983/7032 6985/7034
f 7145/7193 6949/6998 6950/6997 7146/7194
f 7146/7194 7147/7195 6981/7030 6983/7032
f 7146/7194 6950/6997 6951/7000 7147/7195
f 7147/7195 7148/7196 6979/7028 6981/7030
f 7147/7195 6951/7000 6953/7002 7148/7196
f 7148/7196 7149/7197 6977/7026 6979/7028
f 7148/7196 6953/7002 6955/7004 7149/7197
f 7149/7197 7150/7198 6975/7024 6977/7026
f 7149/7197 6955/7004 6957/7006 7150/7198
f 7150/7198 7151/7199 6973/7022 6975/7024
f 7150/7198 6957/7006 6959/7008 7151/7199
f 7151/7199 6970/7019 6971/7018 6973/7022
f 7151/7199 6959/7008 6961/7010 6970/7019
f 7144/7191 6987/7036 6989/7038 7143/7192
f 7143/7192 7152/7200 7140/7189 7141/7188
f 7143/7192 6989/7038 6991/7040 7152/7200
f 7152/7200 7154/7201 7153/7202 7140/7189
f 7152/7200 6991/7040 6993/7042 7154/7201
f 7154/7201 7156/7203 7155/7204 7153/7202
f 7154/7201 6993/7042 6995/7044 7156/7203
f 7156/7203 7158/7205 7157/7206 7155/7204
f 7156/7203 6995/7044 6997/7046 7158/7205
f 7158/7205 7160/7207 7159/7208 7157/7206
f 7158/7205 6997/7046 6999/7048 7160/7207
f 7160/7207 7162/7209 7161/7210 7159/7208
f 7160/7207 6999/7048 7001/7050 7162/7209
f 7162/7209 7164/7211 7163/7212 7161/7210
f 7162/7209 7001/7050 7003/7052 7164/7211
f 7164/7211 7166/7213 7165/7214 7163/7212
f 7164/7211 7003/7052 7005/7054 7166/7213
f 7166/7213 7168/7215 7167/7216 7165/7214
f 7166/7213 7005/7054 7007/7056 7168/7215
f 7168/7215 7170/7217 7169/7218 7167/7216
f 7168/7215 7007/7056 7009/7058 7170/7217
f 7170/7217 7172/7219 7171/7220 7169/7218
f 7170/7217 7009/7058 7011/7060 7172/7219
f 7172/7219 7174/7221 7173/7222 7171/7220
f 7172/7219 7011/7060 7013/7062 7174/7221
f 7174/7221 7176/7223 7175/7224 7173/7222
f 7174/7221 7013/7062 7015/7064 7176/7223
f 7176/7223 7178/7225 7177/7226 7175/7224
f 7176/7223 7015/7064 7017/7066 7178/7225
f 7178/7225 7180/7227 7179/7228 7177/7226
f 7178/7225 7017/7066 7019/7068 7180/7227
f 7180/7227 7182/7229 7181/7230 7179/7228
f 7180/7227 7019/7068 7021/7070 7182/7229
f 7182/7229 7184/7231 7183/7232 7181/7230
f 7182/7229 7021/7070 7023/7072 7184/7231
f 7184/7231 7186/7233 7185/7234 7183/7232
f 7184/7231 7023/7072 7025/7074 7186/7233
f 7186/7233 7188/7235 7187/7236 7185/7234
f 7186/7233 7025/7074 7027/7076 7188/7235
f 7188/7235 7190/7237 7189/7238 7187/7236
f 7188/7235 7027/7076 7029/7078 7190/7237
f 7190/7237 7192/7239 7191/7240 7189/7238
f 7190/7237 7029/7078 7031/7080 7192/7239
f 7192/7239 7194/7241 7193/7242 7191/7240
f 7192/7239 7031/7080 7033/7082 7194/7241
f 7194/7241 7196/7243 7195/7244 7193/7242
f 7194/7241 7033/7082 7035/7084 7196/7243
f 7196/7243 7197/7245 7054/7103 7195/7244
f 7196/7243 7035/7084 7037/7086 7197/7245
f 7197/7245 7051/7100 7052/7099 7054/7103
f 7197/7245 7037/7086 7039/7088 7051/7100
f 7195/7244 7054/7103 7055/7102 7057/7106
f 7195/7244 7057/7106 7198/7246 7193/7242
f 7198/7246 7057/7106 7058/7105 7060/7109
f 7198/7246 7199/7247 7191/7240 7193/7242
f 7198/7246 7060/7109 7200/7248 7199/7247
f 7200/7248 7060/7109 7061/7108 7063/7112
f 7200/7248 7202/7249 7201/7250 7199/7247
f 7200/7248 7063/7112 7203/7251 7202/7249
f 7203/7251 7063/7112 7064/7111 7066/7115
f 7203/7251 7205/7252 7204/7253 7202/7249
f 7203/7251 7066/7115 7206/7254 7205/7252
f 7206/7254 7066/7115 7067/7114 7069/7118
f 7206/7254 7208/7255 7207/7256 7205/7252
f 7206/7254 7069/7118 7209/7257 7208/7255
f 7209/7257 7069/7118 7070/7117 7072/7121
f 7209/7257 7211/7258 7210/7259 7208/7255
f 7209/7257 7072/7121 7212/7260 7211/7258
f 7212/7260 7072/7121 7073/7120 7075/7124
f 7212/7260 7214/7261 7213/7262 7211/7258
f 7212/7260 7075/7124 7215/7263 7214/7261
f 7215/7263 7075/7124 7076/7123 7078/7127
f 7215/7263 7217/7264 7216/7265 7214/7261
f 7215/7263 7078/7127 7218/7266 7217/7264
f 7218/7266 7078/7127 7079/7126 7081/7130
f 7218/7266 7220/7267 7219/7268 7217/7264
f 7218/7266 7081/7130 7221/7269 7220/7267
f 7221/7269 7081/7130 7082/7129 7084/7133
f 7221/7269 7223/7270 7222/7271 7220/7267
f 7221/7269 7084/7133 7224/7272 7223/7270
f 7224/7272 7084/7133 7085/7132 7087/7136
f 7224/7272 7226/7273 7225/7274 7223/7270
f 7224/7272 7087/7136 7227/7275 7226/7273
f 7227/7275 7087/7136 7088/7135 7090/7139
f 7227/7275 7229/7276 7228/7277 7226/7273
f 7227/7275 7090/7139 7230/7278 7229/7276
f 7230/7278 7090/7139 7091/7138 7093/7142
f 7230/7278 7232/7279 7231/7280 7229/7276
f 7230/7278 7093/7142 7233/7281 7232/7279
f 7233/7281 7093/7142 7094/7141 7096/7145
f 7233/7281 7106/7155 7234/7282 7232/7279
f 7233/7281 7096/7145 7104/7153 7106/7155
f 7234/7282 7235/7283 7231/7280 7232/7279
f 7234/7282 7109/7158 7236/7284 7235/7283
f 7234/7282 7106/7155 7107/7154 7109/7158
f 7236/7284 7238/7285 7237/7286 7235/7283
f 7236/7284 7112/7161 7114/7163 7238/7285
f 7236/7284 7109/7158 7110/7157 7112/7161
f 7238/7285 7240/7287 7239/7288 7237/7286
f 7238/7285 7114/7163 7116/7165 7240/7287
f 7240/7287 7242/7289 7241/7290 7239/7288
f 7240/7287 7116/7165 7118/7167 7242/7289
f 7242/7289 7244/7291 7243/7292 7241/7290
f 7242/7289 7118/7167 7120/7169 7244/7291
f 7244/7291 7246/7293 7245/7294 7243/7292
f 7244/7291 7120/7169 7122/7171 7246/7293
f 7246/7293 7248/7295 7247/7296 7245/7294
f 7246/7293 7122/7171 7249/7297 7248/7295
f 7249/7297 7251/7298 7250/7299 7248/7295
f 7249/7297 7125/7174 7252/7300 7251/7298
f 7249/7297 7122/7171 7123/7170 7125/7174
f 7252/7300 7254/7301 7253/7302 7251/7298
f 7252/7300 7128/7177 7255/7303 7254/7301
f 7252/7300 7125/7174 7126/7173 7128/7177
f 7255/7303 7257/7304 7256/7305 7254/7301
f 7255/7303 7131/7180 7258/7306 7257/7304
f 7255/7303 7128/7177 7129/7176 7131/7180
f 7258/7306 7260/7307 7259/7308 7257/7304
f 7258/7306 7134/7183 7261/7309 7260/7307
f 7258/7306 7131/7180 7132/7179 7134/7183
f 7261/7309 7155/7204 7157/7206 7260/7307
f 7261/7309 7137/7186 7153/7202 7155/7204
f 7261/7309 7134/7183 7135/7182 7137/7186
f 7260/7307 7157/7206 7159/7208 7259/7308
f 7259/7308 7262/7310 7256/7305 7257/7304
f 7259/7308 7159/7208 7161/7210 7262/7310
f 7262/7310 7264/7311 7263/7312 7256/7305
f 7262/7310 7161/7210 7163/7212 7264/7311
f 7264/7311 7266/7313 7265/7314 7263/7312
f 7264/7311 7163/7212 7165/7214 7266/7313
f 7266/7313 7268/7315 7267/7316 7265/7314
f 7266/7313 7165/7214 7167/7216 7268/7315
f 7268/7315 7270/7317 7269/7318 7267/7316
f 7268/7315 7167/7216 7169/7218 7270/7317
f 7270/7317 7272/7319 7271/7320 7269/7318
f 7270/7317 7169/7218 7171/7220 7272/7319
f 7272/7319 7274/7321 7273/7322 7271/7320
f 7272/7319 7171/7220 7173/7222 7274/7321
f 7274/7321 7276/7323 7275/7324 7273/7322
f 7274/7321 7173/7222 7175/7224 7276/7323
f 7276/7323 7278/7325 7277/7326 7275/7324
f 7276/7323 7175/7224 7177/7226 7278/7325
f 7278/7325 7280/7327 7279/7328 7277/7326
f 7278/7325 7177/7226 7179/7228 7280/7327
f 7280/7327 7282/7329 7281/7330 7279/7328
f 7280/7327 7179/7228 7181/7230 7282/7329
f 7282/7329 7284/7331 7283/7332 7281/7330
f 7282/7329 7181/7230 7183/7232 7284/7331
f 7284/7331 7286/7333 7285/7334 7283/7332
f 7284/7331 7183/7232 7185/7234 7286/7333
f 7286/7333 7287/7335 7204/7253 7285/7334
f 7286/7333 7185/7234 7187/7236 7287/7335
f 7287/7335 7201/7250 7202/7249 7204/7253
f 7287/7335 7187/7236 7189/7238 7201/7250
f 7285/7334 7204/7253 7205/7252 7207/7256
f 7285/7334 7207/7256 7288/7336 7283/7332
f 7288/7336 7207/7256 7208/7255 7210/7259
f 7288/7336 7289/7337 7281/7330 7283/7332
f 7288/7336 7210/7259 7290/7338 7289/7337
f 7290/7338 7210/7259 7211/7258 7213/7262
f 7290/7338 7292/7339 7291/7340 7289/7337
f 7290/7338 7213/7262 7293/7341 7292/7339
f 7293/7341 7213/7262 7214/7261 7216/7265
f 7293/7341 7295/7342 7294/7343 7292/7339
f 7293/7341 7216/7265 7296/7344 7295/7342
f 7296/7344 7216/7265 7217/7264 7219/7268
f 7296/7344 7298/7345 7297/7346 7295/7342
f 7296/7344 7219/7268 7299/7347 7298/7345
f 7299/7347 7219/7268 7220/7267 7222/7271
f 7299/7347 7301/7348 7300/7349 7298/7345
f 7299/7347 7222/7271 7302/7350 7301/7348
f 7302/7350 7222/7271 7223/7270 7225/7274
f 7302/7350 7304/7351 7303/7352 7301/7348
f 7302/7350 7225/7274 7305/7353 7304/7351
f 7305/7353 7225/7274 7226/7273 7228/7277
f 7305/7353 7307/7354 7306/7355 7304/7351
f 7305/7353 7228/7277 7308/7356 7307/7354
f 7308/7356 7228/7277 7229/7276 7231/7280
f 7308/7356 7237/7286 7239/7288 7307/7354
f 7308/7356 7231/7280 7235/7283 7237/7286
f 7307/7354 7239/7288 7241/7290 7306/7355
f 7306/7355 7309/7357 7303/7352 7304/7351
f 7306/7355 7241/7290 7243/7292 7309/7357
f 7309/7357 7311/7358 7310/7359 7303/7352
f 7309/7357 7243/7292 7245/7294 7311/7358
f 7311/7358 7313/7360 7312/7361 7310/7359
f 7311/7358 7245/7294 7247/7296 7313/7360
f 7313/7360 7315/7362 7314/7363 7312/7361
f 7313/7360 7247/7296 7316/7364 7315/7362
f 7316/7364 7318/7365 7317/7366 7315/7362
f 7316/7364 7250/7299 7319/7367 7318/7365
f 7316/7364 7247/7296 7248/7295 7250/7299
f 7319/7367 7265/7314 7267/7316 7318/7365
f 7319/7367 7253/7302 7263/7312 7265/7314
f 7319/7367 7250/7299 7251/7298 7253/7302
f 7318/7365 7267/7316 7269/7318 7317/7366
f 7317/7366 7320/7368 7314/7363 7315/7362
f 7317/7366 7269/7318 7271/7320 7320/7368
f 7320/7368 7322/7369 7321/7370 7314/7363
f 7320/7368 7271/7320 7273/7322 7322/7369
f 7322/7369 7324/7371 7323/7372 7321/7370
f 7322/7369 7273/7322 7275/7324 7324/7371
f 7324/7371 7325/7373 7294/7343 7323/7372
f 7324/7371 7275/7324 7277/7326 7325/7373
f 7325/7373 7291/7340 7292/7339 7294/7343
f 7325/7373 7277/7326 7279/7328 7291/7340
f 7323/7372 7294/7343 7295/7342 7297/7346
f 7323/7372 7297/7346 7326/7374 7321/7370
f 7326/7374 7297/7346 7298/7345 7300/7349
f 7326/7374 7312/7361 7314/7363 7321/7370
f 7326/7374 7300/7349 7310/7359 7312/7361
f 7310/7359 7300/7349 7301/7348 7303/7352
f 7291/7340 7279/7328 7281/7330 7289/7337
f 7263/7312 7253/7302 7254/7301 7256/7305
f 7201/7250 7189/7238 7191/7240 7199/7247
f 7153/7202 7137/7186 7138/7185 7140/7189
f 7104/7153 7096/7145 7097/7144 7099/7148
f 7051/7100 7039/7088 7041/7090 7049/7097
f 6970/7019 6961/7010 6963/7012 6967/7016
f 6836/6885 6824/6873 6826/6875 6834/6882
f 5909/5950 5893/5934 5895/5936 5905/5945
f 5901/5940 5511/5549 5512/5548 5514/5552
f 5661/5702 5655/5696 5656/5695 5658/5699
f 5401/5439 4370/4401 4371/4400 5399/5437
f 5377/5415 5367/5405 5368/5404 5370/5408
f 5260/5296 7327/7375 4748/4783 4750/4785
f 5260/5296 5254/5292 5255/5291 7327/7375
f 5260/5296 4750/4785 4752/4787 5259/5297
f 7327/7375 7328/7376 4747/4780 4748/4783
f 7327/7375 5255/5291 7329/7377 7328/7376
f 7329/7377 7331/7378 7330/7379 7328/7376
f 7329/7377 5250/5286 7332/7380 7331/7378
f 7329/7377 5255/5291 5249/5287 5250/5286
f 7332/7380 7334/7381 7333/7382 7331/7378
f 7332/7380 5245/5281 7335/7383 7334/7381
f 7332/7380 5250/5286 5244/5282 5245/5281
f 7335/7383 7337/7384 7336/7385 7334/7381
f 7335/7383 5240/5276 7338/7386 7337/7384
f 7335/7383 5245/5281 5239/5277 5240/5276
f 7338/7386 7340/7387 7339/7388 7337/7384
f 7338/7386 5235/5271 7341/7389 7340/7387
f 7338/7386 5240/5276 5234/5272 5235/5271
f 7341/7389 7343/7390 7342/7391 7340/7387
f 7341/7389 5230/5266 7344/7392 7343/7390
f 7341/7389 5235/5271 5229/5267 5230/5266
f 7344/7392 7346/7393 7345/7394 7343/7390
f 7344/7392 5225/5261 7347/7395 7346/7393
f 7344/7392 5230/5266 5224/5262 5225/5261
f 7347/7395 7349/7396 7348/7397 7346/7393
f 7347/7395 5220/5256 7350/7398 7349/7396
f 7347/7395 5225/5261 5219/5257 5220/5256
f 7350/7398 7352/7399 7351/7400 7349/7396
f 7350/7398 5215/5251 7353/7401 7352/7399
f 7350/7398 5220/5256 5214/5252 5215/5251
f 7353/7401 7355/7402 7354/7403 7352/7399
f 7353/7401 5210/5246 7356/7404 7355/7402
f 7353/7401 5215/5251 5209/5247 5210/5246
f 7356/7404 7358/7405 7357/7406 7355/7402
f 7356/7404 5205/5241 7359/7407 7358/7405
f 7356/7404 5210/5246 5204/5242 5205/5241
f 7359/7407 7361/7408 7360/7409 7358/7405
f 7359/7407 5200/5236 7362/7410 7361/7408
f 7359/7407 5205/5241 5199/5237 5200/5236
f 7362/7410 7364/7411 7363/7412 7361/7408
f 7362/7410 5195/5231 7365/7413 7364/7411
f 7362/7410 5200/5236 5194/5232 5195/5231
f 7365/7413 7367/7414 7366/7415 7364/7411
f 7365/7413 5190/5226 7368/7416 7367/7414
f 7365/7413 5195/5231 5189/5227 5190/5226
f 7368/7416 7370/7417 7369/7418 7367/7414
f 7368/7416 5185/5221 7371/7419 7370/7417
f 7368/7416 5190/5226 5184/5222 5185/5221
f 7371/7419 7373/7420 7372/7421 7370/7417
f 7371/7419 5180/5216 7374/7422 7373/7420
f 7371/7419 5185/5221 5179/5217 5180/5216
f 7374/7422 7376/7423 7375/7424 7373/7420
f 7374/7422 5175/5211 7377/7425 7376/7423
f 7374/7422 5180/5216 5174/5212 5175/5211
f 7377/7425 7379/7426 7378/7427 7376/7423
f 7377/7425 5170/5206 7380/7428 7379/7426
f 7377/7425 5175/5211 5169/5207 5170/5206
f 7380/7428 7382/7429 7381/7430 7379/7426
f 7380/7428 5165/5201 7383/7431 7382/7429
f 7380/7428 5170/5206 5164/5202 5165/5201
f 7383/7431 7385/7432 7384/7433 7382/7429
f 7383/7431 5160/5196 7386/7434 7385/7432
f 7383/7431 5165/5201 5159/5197 5160/5196
f 7386/7434 7388/7435 7387/7436 7385/7432
f 7386/7434 5155/5191 7389/7437 7388/7435
f 7386/7434 5160/5196 5154/5192 5155/5191
f 7389/7437 7391/7438 7390/7439 7388/7435
f 7389/7437 5150/5186 7392/7440 7391/7438
f 7389/7437 5155/5191 5149/5187 5150/5186
f 7392/7440 7394/7441 7393/7442 7391/7438
f 7392/7440 5145/5181 7395/7443 7394/7441
f 7392/7440 5150/5186 5144/5182 5145/5181
f 7395/7443 7397/7444 7396/7445 7394/7441
f 7395/7443 5140/5176 7398/7446 7397/7444
f 7395/7443 5145/5181 5139/5177 5140/5176
f 7398/7446 7400/7447 7399/7448 7397/7444
f 7398/7446 5135/5171 7401/7449 7400/7447
f 7398/7446 5140/5176 5134/5172 5135/5171
f 7401/7449 7403/7450 7402/7451 7400/7447
f 7401/7449 5130/5166 7404/7452 7403/7450
f 7401/7449 5135/5171 5129/5167 5130/5166
f 7404/7452 7406/7453 7405/7454 7403/7450
f 7404/7452 5125/5161 7407/7455 7406/7453
f 7404/7452 5130/5166 5124/5162 5125/5161
f 7407/7455 7409/7456 7408/7457 7406/7453
f 7407/7455 5120/5156 7410/7458 7409/7456
f 7407/7455 5125/5161 5119/5157 5120/5156
f 7410/7458 7412/7459 7411/7460 7409/7456
f 7410/7458 5115/5151 7413/7461 7412/7459
f 7410/7458 5120/5156 5114/5152 5115/5151
f 7413/7461 7415/7462 7414/7463 7412/7459
f 7413/7461 5110/5146 7416/7464 7415/7462
f 7413/7461 5115/5151 5109/5147 5110/5146
f 7416/7464 7418/7465 7417/7466 7415/7462
f 7416/7464 5105/5141 7419/7467 7418/7465
f 7416/7464 5110/5146 5104/5142 5105/5141
f 7419/7467 7421/7468 7420/7469 7418/7465
f 7419/7467 5100/5136 7422/7470 7421/7468
f 7419/7467 5105/5141 5099/5137 5100/5136
f 7422/7470 7424/7471 7423/7472 7421/7468
f 7422/7470 5095/5130 7425/7473 7424/7471
f 7422/7470 5100/5136 5094/5131 5095/5130
f 7425/7473 7427/7474 7426/7475 7424/7471
f 7425/7473 5090/7476 7428/7477 7427/7474
f 7425/7473 5095/5130 5089/5129 5090/7476
f 7428/7477 7430/7478 7429/7479 7427/7474
f 7428/7480 5085/5118 7431/7481 7430/7482
f 7428/7480 5090/5123 5084/5119 5085/5118
f 7431/7481 7433/7483 7432/7484 7430/7482
f 7431/7481 5080/5113 7434/7485 7433/7483
f 7431/7481 5085/5118 5079/5114 5080/5113
f 7434/7485 7436/7486 7435/7487 7433/7483
f 7434/7485 5075/5108 7437/7488 7436/7486
f 7434/7485 5080/5113 5074/5109 5075/5108
f 7437/7488 7439/7489 7438/7490 7436/7486
f 7437/7488 5070/5103 7440/7491 7439/7489
f 7437/7488 5075/5108 5069/5104 5070/5103
f 7440/7491 7442/7492 7441/7493 7439/7489
f 7440/7491 5065/5098 7443/7494 7442/7492
f 7440/7491 5070/5103 5064/5099 5065/5098
f 7443/7494 7445/7495 7444/7496 7442/7492
f 7443/7494 5060/5093 7446/7497 7445/7495
f 7443/7494 5065/5098 5059/5094 5060/5093
f 7446/7497 7448/7498 7447/7499 7445/7495
f 7446/7497 5055/5088 7449/7500 7448/7498
f 7446/7497 5060/5093 5054/5089 5055/5088
f 7449/7500 7451/7501 7450/7502 7448/7498
f 7449/7500 5050/5083 7452/7503 7451/7501
f 7449/7500 5055/5088 5049/5084 5050/5083
f 7452/7503 7454/7504 7453/7505 7451/7501
f 7452/7503 5045/5078 7455/7506 7454/7504
f 7452/7503 5050/5083 5044/5079 5045/5078
f 7455/7506 7457/7507 7456/7508 7454/7504
f 7455/7506 5040/5073 7458/7509 7457/7507
f 7455/7506 5045/5078 5039/5074 5040/5073
f 7458/7509 7460/7510 7459/7511 7457/7507
f 7458/7509 5035/5068 7461/7512 7460/7510
f 7458/7509 5040/5073 5034/5069 5035/5068
f 7461/7512 7463/7513 7462/7514 7460/7510
f 7461/7512 5030/5063 7464/7515 7463/7513
f 7461/7512 5035/5068 5029/5064 5030/5063
f 7464/7515 7466/7516 7465/7517 7463/7513
f 7464/7515 5025/5058 7467/7518 7466/7516
f 7464/7515 5030/5063 5024/5059 5025/5058
f 7467/7518 7469/7519 7468/7520 7466/7516
f 7467/7518 5020/5053 7470/7521 7469/7519
f 7467/7518 5025/5058 5019/5054 5020/5053
f 7470/7521 7472/7522 7471/7523 7469/7519
f 7470/7521 5015/5048 7473/7524 7472/7522
f 7470/7521 5020/5053 5014/5049 5015/5048
f 7473/7524 4667/4700 4668/4701 7472/7522
f 7473/7524 5010/5043 4666/4699 4667/4700
f 7473/7524 5015/5048 5009/5044 5010/5043
f 7472/7522 4668/4701 4669/4702 7471/7523
f 7471/7523 4669/4702 4670/4703 7474/7525
f 7471/7523 7474/7525 7468/7520 7469/7519
f 7474/7525 4670/4703 4671/4704 7475/7526
f 7474/7525 7475/7526 7476/7527 7468/7520
f 7476/7527 7475/7526 7478/7528 7477/7529
f 7476/7527 7465/7517 7466/7516 7468/7520
f 7476/7527 7477/7529 7479/7530 7465/7517
f 7479/7530 7477/7529 7481/7531 7480/7532
f 7479/7530 7462/7514 7463/7513 7465/7517
f 7479/7530 7480/7532 7482/7533 7462/7514
f 7482/7533 7480/7532 7484/7534 7483/7535
f 7482/7533 7459/7511 7460/7510 7462/7514
f 7482/7533 7483/7535 7485/7536 7459/7511
f 7485/7536 7483/7535 7487/7537 7486/7538
f 7485/7536 7456/7508 7457/7507 7459/7511
f 7485/7536 7486/7538 7488/7539 7456/7508
f 7488/7539 7486/7538 7490/7540 7489/7541
f 7488/7539 7453/7505 7454/7504 7456/7508
f 7488/7539 7489/7541 7491/7542 7453/7505
f 7491/7542 7489/7541 7493/7543 7492/7544
f 7491/7542 7450/7502 7451/7501 7453/7505
f 7491/7542 7492/7544 7494/7545 7450/7502
f 7494/7545 7492/7544 7496/7546 7495/7547
f 7494/7545 7447/7499 7448/7498 7450/7502
f 7494/7545 7495/7547 7497/7548 7447/7499
f 7497/7548 7495/7547 7499/7549 7498/7550
f 7497/7548 7444/7496 7445/7495 7447/7499
f 7497/7548 7498/7550 7500/7551 7444/7496
f 7500/7551 7498/7550 7502/7552 7501/7553
f 7500/7551 7441/7493 7442/7492 7444/7496
f 7500/7551 7501/7553 7503/7554 7441/7493
f 7503/7554 7501/7553 7505/7555 7504/7556
f 7503/7554 7438/7490 7439/7489 7441/7493
f 7503/7554 7504/7556 7506/7557 7438/7490
f 7506/7557 7504/7556 7508/7558 7507/7559
f 7506/7557 7435/7487 7436/7486 7438/7490
f 7506/7557 7507/7559 7509/7560 7435/7487
f 7509/7561 7507/7562 7511/7563 7510/7564
f 7509/7560 7432/7484 7433/7483 7435/7487
f 7509/7561 7510/7564 7512/7565 7432/7566
f 7512/7565 7510/7564 7514/7567 7513/7568
f 7512/7565 7429/7479 7430/7478 7432/7566
f 7512/7565 7513/7568 7515/7569 7429/7479
f 7515/7569 7513/7568 7517/7570 7516/7571
f 7515/7569 7426/7475 7427/7474 7429/7479
f 7515/7569 7516/7571 7518/7572 7426/7475
f 7518/7572 7516/7571 7520/7573 7519/7574
f 7518/7572 7423/7472 7424/7471 7426/7475
f 7518/7572 7519/7574 7521/7575 7423/7472
f 7521/7575 7519/7574 7523/7576 7522/7577
f 7521/7575 7420/7469 7421/7468 7423/7472
f 7521/7575 7522/7577 7524/7578 7420/7469
f 7524/7578 7522/7577 7526/7579 7525/7580
f 7524/7578 7417/7466 7418/7465 7420/7469
f 7524/7578 7525/7580 7527/7581 7417/7466
f 7527/7581 7525/7580 7529/7582 7528/7583
f 7527/7581 7414/7463 7415/7462 7417/7466
f 7527/7581 7528/7583 7530/7584 7414/7463
f 7530/7584 7528/7583 7532/7585 7531/7586
f 7530/7584 7411/7460 7412/7459 7414/7463
f 7530/7584 7531/7586 7533/7587 7411/7460
f 7533/7587 7531/7586 7535/7588 7534/7589
f 7533/7587 7408/7457 7409/7456 7411/7460
f 7533/7587 7534/7589 7536/7590 7408/7457
f 7536/7590 7534/7589 7538/7591 7537/7592
f 7536/7590 7405/7454 7406/7453 7408/7457
f 7536/7590 7537/7592 7539/7593 7405/7454
f 7539/7593 7537/7592 7541/7594 7540/7595
f 7539/7593 7402/7451 7403/7450 7405/7454
f 7539/7593 7540/7595 7542/7596 7402/7451
f 7542/7596 7540/7595 7544/7597 7543/7598
f 7542/7596 7399/7448 7400/7447 7402/7451
f 7542/7596 7543/7598 7545/7599 7399/7448
f 7545/7599 7543/7598 7547/7600 7546/7601
f 7545/7599 7396/7445 7397/7444 7399/7448
f 7545/7599 7546/7601 7548/7602 7396/7445
f 7548/7602 7546/7601 7550/7603 7549/7604
f 7548/7602 7393/7442 7394/7441 7396/7445
f 7548/7602 7549/7604 7551/7605 7393/7442
f 7551/7605 7549/7604 7553/7606 7552/7607
f 7551/7605 7390/7439 7391/7438 7393/7442
f 7551/7605 7552/7607 7554/7608 7390/7439
f 7554/7608 7552/7607 7556/7609 7555/7610
f 7554/7608 7387/7436 7388/7435 7390/7439
f 7554/7608 7555/7610 7557/7611 7387/7436
f 7557/7611 7555/7610 7559/7612 7558/7613
f 7557/7611 7384/7433 7385/7432 7387/7436
f 7557/7611 7558/7613 7560/7614 7384/7433
f 7560/7614 7558/7613 7562/7615 7561/7616
f 7560/7614 7381/7430 7382/7429 7384/7433
f 7560/7614 7561/7616 7563/7617 7381/7430
f 7563/7617 7561/7616 7565/7618 7564/7619
f 7563/7617 7378/7427 7379/7426 7381/7430
f 7563/7617 7564/7619 7566/7620 7378/7427
f 7566/7620 7564/7619 7568/7621 7567/7622
f 7566/7620 7375/7424 7376/7423 7378/7427
f 7566/7620 7567/7622 7569/7623 7375/7424
f 7569/7623 7567/7622 7571/7624 7570/7625
f 7569/7623 7372/7421 7373/7420 7375/7424
f 7569/7623 7570/7625 7572/7626 7372/7421
f 7572/7626 7570/7625 7574/7627 7573/7628
f 7572/7626 7369/7418 7370/7417 7372/7421
f 7572/7626 7573/7628 7575/7629 7369/7418
f 7575/7629 7573/7628 7577/7630 7576/7631
f 7575/7629 7366/7415 7367/7414 7369/7418
f 7575/7629 7576/7631 7578/7632 7366/7415
f 7578/7632 7576/7631 7580/7633 7579/7634
f 7578/7632 7363/7412 7364/7411 7366/7415
f 7578/7632 7579/7634 7581/7635 7363/7412
f 7581/7635 7579/7634 7583/7636 7582/7637
f 7581/7635 7360/7409 7361/7408 7363/7412
f 7581/7635 7582/7637 7584/7638 7360/7409
f 7584/7638 7582/7637 7586/7639 7585/7640
f 7584/7638 7357/7406 7358/7405 7360/7409
f 7584/7638 7585/7640 7587/7641 7357/7406
f 7587/7641 7585/7640 7589/7642 7588/7643
f 7587/7641 7354/7403 7355/7402 7357/7406
f 7587/7641 7588/7643 7590/7644 7354/7403
f 7590/7644 7588/7643 7592/7645 7591/7646
f 7590/7644 7351/7400 7352/7399 7354/7403
f 7590/7644 7591/7646 7593/7647 7351/7400
f 7593/7647 7591/7646 7595/7648 7594/7649
f 7593/7647 7348/7397 7349/7396 7351/7400
f 7593/7647 7594/7649 7596/7650 7348/7397
f 7596/7650 7594/7649 7598/7651 7597/7652
f 7596/7650 7345/7394 7346/7393 7348/7397
f 7596/7650 7597/7652 7599/7653 7345/7394
f 7599/7653 7597/7652 7601/7654 7600/7655
f 7599/7653 7342/7391 7343/7390 7345/7394
f 7599/7653 7600/7655 7602/7656 7342/7391
f 7602/7656 7600/7655 7604/7657 7603/7658
f 7602/7656 7339/7388 7340/7387 7342/7391
f 7602/7656 7603/7658 7605/7659 7339/7388
f 7605/7659 7603/7658 7607/7660 7606/7661
f 7605/7659 7336/7385 7337/7384 7339/7388
f 7605/7659 7606/7661 7608/7662 7336/7385
f 7608/7662 7606/7661 7610/7663 7609/7664
f 7608/7662 7333/7382 7334/7381 7336/7385
f 7608/7662 7609/7664 7611/7665 7333/7382
f 7611/7665 7609/7664 7613/7666 7612/7667
f 7611/7665 7330/7379 7331/7378 7333/7382
f 7611/7665 7612/7667 4746/4781 7330/7379
f 7613/7666 7616/7668 7615/7669 7614/7670
f 7613/7666 7609/7664 7610/7663 7616/7668
f 7613/7666 7614/7670 4743/4778 7612/7667
f 7616/7668 7618/7671 7617/7672 7615/7669
f 7616/7668 7610/7663 7619/7673 7618/7671
f 7619/7673 7621/7674 7620/7675 7618/7671
f 7619/7673 7607/7660 7622/7676 7621/7674
f 7619/7673 7610/7663 7606/7661 7607/7660
f 7622/7676 7624/7677 7623/7678 7621/7674
f 7622/7676 7604/7657 7625/7679 7624/7677
f 7622/7676 7607/7660 7603/7658 7604/7657
f 7625/7679 7627/7680 7626/7681 7624/7677
f 7625/7679 7601/7654 7628/7682 7627/7680
f 7625/7679 7604/7657 7600/7655 7601/7654
f 7628/7682 7630/7683 7629/7684 7627/7680
f 7628/7682 7598/7651 7631/7685 7630/7683
f 7628/7682 7601/7654 7597/7652 7598/7651
f 7631/7685 7633/7686 7632/7687 7630/7683
f 7631/7685 7595/7648 7634/7688 7633/7686
f 7631/7685 7598/7651 7594/7649 7595/7648
f 7634/7688 7636/7689 7635/7690 7633/7686
f 7634/7688 7592/7645 7637/7691 7636/7689
f 7634/7688 7595/7648 7591/7646 7592/7645
f 7637/7691 7639/7692 7638/7693 7636/7689
f 7637/7691 7589/7642 7640/7694 7639/7692
f 7637/7691 7592/7645 7588/7643 7589/7642
f 7640/7694 7642/7695 7641/7696 7639/7692
f 7640/7694 7586/7639 7643/7697 7642/7695
f 7640/7694 7589/7642 7585/7640 7586/7639
f 7643/7697 7645/7698 7644/7699 7642/7695
f 7643/7697 7583/7636 7646/7700 7645/7698
f 7643/7697 7586/7639 7582/7637 7583/7636
f 7646/7700 7648/7701 7647/7702 7645/7698
f 7646/7700 7580/7633 7649/7703 7648/7701
f 7646/7700 7583/7636 7579/7634 7580/7633
f 7649/7703 7651/7704 7650/7705 7648/7701
f 7649/7703 7577/7630 7652/7706 7651/7704
f 7649/7703 7580/7633 7576/7631 7577/7630
f 7652/7706 7654/7707 7653/7708 7651/7704
f 7652/7706 7574/7627 7655/7709 7654/7707
f 7652/7706 7577/7630 7573/7628 7574/7627
f 7655/7709 7657/7710 7656/7711 7654/7707
f 7655/7709 7571/7624 7658/7712 7657/7710
f 7655/7709 7574/7627 7570/7625 7571/7624
f 7658/7712 7660/7713 7659/7714 7657/7710
f 7658/7712 7568/7621 7661/7715 7660/7713
f 7658/7712 7571/7624 7567/7622 7568/7621
f 7661/7715 7663/7716 7662/7717 7660/7713
f 7661/7715 7565/7618 7664/7718 7663/7716
f 7661/7715 7568/7621 7564/7619 7565/7618
f 7664/7718 7666/7719 7665/7720 7663/7716
f 7664/7718 7562/7615 7667/7721 7666/7719
f 7664/7718 7565/7618 7561/7616 7562/7615
f 7667/7721 7669/7722 7668/7723 7666/7719
f 7667/7721 7559/7612 7670/7724 7669/7722
f 7667/7721 7562/7615 7558/7613 7559/7612
f 7670/7724 7672/7725 7671/7726 7669/7722
f 7670/7724 7556/7609 7673/7727 7672/7725
f 7670/7724 7559/7612 7555/7610 7556/7609
f 7673/7727 7675/7728 7674/7729 7672/7725
f 7673/7727 7553/7606 7676/7730 7675/7728
f 7673/7727 7556/7609 7552/7607 7553/7606
f 7676/7730 7678/7731 7677/7732 7675/7728
f 7676/7730 7550/7603 7679/7733 7678/7731
f 7676/7730 7553/7606 7549/7604 7550/7603
f 7679/7733 7681/7734 7680/7735 7678/7731
f 7679/7733 7547/7600 7682/7736 7681/7734
f 7679/7733 7550/7603 7546/7601 7547/7600
f 7682/7736 7684/7737 7683/7738 7681/7734
f 7682/7736 7544/7597 7685/7739 7684/7737
f 7682/7736 7547/7600 7543/7598 7544/7597
f 7685/7739 7687/7740 7686/7741 7684/7737
f 7685/7739 7541/7594 7688/7742 7687/7740
f 7685/7739 7544/7597 7540/7595 7541/7594
f 7688/7742 7690/7743 7689/7744 7687/7740
f 7688/7742 7538/7591 7691/7745 7690/7743
f 7688/7742 7541/7594 7537/7592 7538/7591
f 7691/7745 7693/7746 7692/7747 7690/7743
f 7691/7745 7535/7588 7694/7748 7693/7746
f 7691/7745 7538/7591 7534/7589 7535/7588
f 7694/7748 7696/7749 7695/7750 7693/7746
f 7694/7748 7532/7585 7697/7751 7696/7749
f 7694/7748 7535/7588 7531/7586 7532/7585
f 7697/7751 7699/7752 7698/7753 7696/7749
f 7697/7751 7529/7582 7700/7754 7699/7752
f 7697/7751 7532/7585 7528/7583 7529/7582
f 7700/7754 7702/7755 7701/7756 7699/7752
f 7700/7754 7526/7579 7703/7757 7702/7755
f 7700/7754 7529/7582 7525/7580 7526/7579
f 7703/7757 7705/7758 7704/7759 7702/7755
f 7703/7757 7523/7576 7706/7760 7705/7758
f 7703/7757 7526/7579 7522/7577 7523/7576
f 7706/7760 7708/7761 7707/7762 7705/7758
f 7706/7760 7520/7573 7709/7763 7708/7761
f 7706/7760 7523/7576 7519/7574 7520/7573
f 7709/7763 7711/7764 7710/7765 7708/7761
f 7709/7763 7517/7570 7712/7766 7711/7764
f 7709/7763 7520/7573 7516/7571 7517/7570
f 7712/7766 7714/7767 7713/7768 7711/7764
f 7712/7766 7514/7567 7715/7769 7714/7767
f 7712/7766 7517/7570 7513/7568 7514/7567
f 7715/7769 7717/7770 7716/7771 7714/7767
f 7715/7769 7511/7563 7718/7772 7717/7770
f 7715/7769 7514/7567 7510/7564 7511/7563
f 7718/7772 7720/7773 7719/7774 7717/7770
f 7718/7772 7508/7775 7721/7776 7720/7773
f 7718/7772 7511/7563 7507/7562 7508/7775
f 7721/7776 7723/7777 7722/7778 7720/7773
f 7721/7779 7505/7555 7724/7780 7723/7781
f 7721/7779 7508/7558 7504/7556 7505/7555
f 7724/7780 7726/7782 7725/7783 7723/7781
f 7724/7780 7502/7552 7727/7784 7726/7782
f 7724/7780 7505/7555 7501/7553 7502/7552
f 7727/7784 7729/7785 7728/7786 7726/7782
f 7727/7784 7499/7549 7730/7787 7729/7785
f 7727/7784 7502/7552 7498/7550 7499/7549
f 7730/7787 7732/7788 7731/7789 7729/7785
f 7730/7787 7496/7546 7733/7790 7732/7788
f 7730/7787 7499/7549 7495/7547 7496/7546
f 7733/7790 7735/7791 7734/7792 7732/7788
f 7733/7790 7493/7543 7736/7793 7735/7791
f 7733/7790 7496/7546 7492/7544 7493/7543
f 7736/7793 7738/7794 7737/7795 7735/7791
f 7736/7793 7490/7540 7739/7796 7738/7794
f 7736/7793 7493/7543 7489/7541 7490/7540
f 7739/7796 7741/7797 7740/7798 7738/7794
f 7739/7796 7487/7537 7742/7799 7741/7797
f 7739/7796 7490/7540 7486/7538 7487/7537
f 7742/7799 7744/7800 7743/7801 7741/7797
f 7742/7799 7484/7534 7745/7802 7744/7800
f 7742/7799 7487/7537 7483/7535 7484/7534
f 7745/7802 7747/7803 7746/7804 7744/7800
f 7745/7802 7481/7531 7748/7805 7747/7803
f 7745/7802 7484/7534 7480/7532 7481/7531
f 7748/7805 4673/4706 4674/4707 7747/7803
f 7748/7805 7478/7528 4672/4705 4673/4706
f 7748/7805 7481/7531 7477/7529 7478/7528
f 7747/7803 4674/4707 4675/4708 7746/7804
f 7746/7804 4675/4708 4676/4709 7749/7806
f 7746/7804 7749/7806 7743/7801 7744/7800
f 7749/7806 4676/4709 4677/4710 7750/7807
f 7749/7806 7750/7807 7751/7808 7743/7801
f 7751/7808 7750/7807 7753/7809 7752/7810
f 7751/7808 7740/7798 7741/7797 7743/7801
f 7751/7808 7752/7810 7754/7811 7740/7798
f 7754/7811 7752/7810 7756/7812 7755/7813
f 7754/7811 7737/7795 7738/7794 7740/7798
f 7754/7811 7755/7813 7757/7814 7737/7795
f 7757/7814 7755/7813 7759/7815 7758/7816
f 7757/7814 7734/7792 7735/7791 7737/7795
f 7757/7814 7758/7816 7760/7817 7734/7792
f 7760/7817 7758/7816 7762/7818 7761/7819
f 7760/7817 7731/7789 7732/7788 7734/7792
f 7760/7817 7761/7819 7763/7820 7731/7789
f 7763/7820 7761/7819 7765/7821 7764/7822
f 7763/7820 7728/7786 7729/7785 7731/7789
f 7763/7820 7764/7822 7766/7823 7728/7786
f 7766/7824 7764/7825 7768/7826 7767/7827
f 7766/7823 7725/7783 7726/7782 7728/7786
f 7766/7824 7767/7827 7769/7828 7725/7829
f 7769/7828 7767/7827 7771/7830 7770/7831
f 7769/7828 7722/7778 7723/7777 7725/7829
f 7769/7828 7770/7831 7772/7832 7722/7778
f 7772/7832 7770/7831 7774/7833 7773/7834
f 7772/7832 7719/7774 7720/7773 7722/7778
f 7772/7832 7773/7834 7775/7835 7719/7774
f 7775/7835 7773/7834 7777/7836 7776/7837
f 7775/7835 7716/7771 7717/7770 7719/7774
f 7775/7835 7776/7837 7778/7838 7716/7771
f 7778/7838 7776/7837 7780/7839 7779/7840
f 7778/7838 7713/7768 7714/7767 7716/7771
f 7778/7838 7779/7840 7781/7841 7713/7768
f 7781/7841 7779/7840 7783/7842 7782/7843
f 7781/7841 7710/7765 7711/7764 7713/7768
f 7781/7841 7782/7843 7784/7844 7710/7765
f 7784/7844 7782/7843 7786/7845 7785/7846
f 7784/7844 7707/7762 7708/7761 7710/7765
f 7784/7844 7785/7846 7787/7847 7707/7762
f 7787/7847 7785/7846 7789/7848 7788/7849
f 7787/7847 7704/7759 7705/7758 7707/7762
f 7787/7847 7788/7849 7790/7850 7704/7759
f 7790/7850 7788/7849 7792/7851 7791/7852
f 7790/7850 7701/7756 7702/7755 7704/7759
f 7790/7850 7791/7852 7793/7853 7701/7756
f 7793/7853 7791/7852 7795/7854 7794/7855
f 7793/7853 7698/7753 7699/7752 7701/7756
f 7793/7853 7794/7855 7796/7856 7698/7753
f 7796/7856 7794/7855 7798/7857 7797/7858
f 7796/7856 7695/7750 7696/7749 7698/7753
f 7796/7856 7797/7858 7799/7859 7695/7750
f 7799/7859 7797/7858 7801/7860 7800/7861
f 7799/7859 7692/7747 7693/7746 7695/7750
f 7799/7859 7800/7861 7802/7862 7692/7747
f 7802/7862 7800/7861 7804/7863 7803/7864
f 7802/7862 7689/7744 7690/7743 7692/7747
f 7802/7862 7803/7864 7805/7865 7689/7744
f 7805/7865 7803/7864 7807/7866 7806/7867
f 7805/7865 7686/7741 7687/7740 7689/7744
f 7805/7865 7806/7867 7808/7868 7686/7741
f 7808/7868 7806/7867 7810/7869 7809/7870
f 7808/7868 7683/7738 7684/7737 7686/7741
f 7808/7868 7809/7870 7811/7871 7683/7738
f 7811/7871 7809/7870 7813/7872 7812/7873
f 7811/7871 7680/7735 7681/7734 7683/7738
f 7811/7871 7812/7873 7814/7874 7680/7735
f 7814/7874 7812/7873 7816/7875 7815/7876
f 7814/7874 7677/7732 7678/7731 7680/7735
f 7814/7874 7815/7876 7817/7877 7677/7732
f 7817/7877 7815/7876 7819/7878 7818/7879
f 7817/7877 7674/7729 7675/7728 7677/7732
f 7817/7877 7818/7879 7820/7880 7674/7729
f 7820/7880 7818/7879 7822/7881 7821/7882
f 7820/7880 7671/7726 7672/7725 7674/7729
f 7820/7880 7821/7882 7823/7883 7671/7726
f 7823/7883 7821/7882 7825/7884 7824/7885
f 7823/7883 7668/7723 7669/7722 7671/7726
f 7823/7883 7824/7885 7826/7886 7668/7723
f 7826/7886 7824/7885 7828/7887 7827/7888
f 7826/7886 7665/7720 7666/7719 7668/7723
f 7826/7886 7827/7888 7829/7889 7665/7720
f 7829/7889 7827/7888 7831/7890 7830/7891
f 7829/7889 7662/7717 7663/7716 7665/7720
f 7829/7889 7830/7891 7832/7892 7662/7717
f 7832/7892 7830/7891 7834/7893 7833/7894
f 7832/7892 7659/7714 7660/7713 7662/7717
f 7832/7892 7833/7894 7835/7895 7659/7714
f 7835/7895 7833/7894 7837/7896 7836/7897
f 7835/7895 7656/7711 7657/7710 7659/7714
f 7835/7895 7836/7897 7838/7898 7656/7711
f 7838/7898 7836/7897 7840/7899 7839/7900
f 7838/7898 7653/7708 7654/7707 7656/7711
f 7838/7898 7839/7900 7841/7901 7653/7708
f 7841/7901 7839/7900 7843/7902 7842/7903
f 7841/7901 7650/7705 7651/7704 7653/7708
f 7841/7901 7842/7903 7844/7904 7650/7705
f 7844/7904 7842/7903 7846/7905 7845/7906
f 7844/7904 7647/7702 7648/7701 7650/7705
f 7844/7904 7845/7906 7847/7907 7647/7702
f 7847/7907 7845/7906 7849/7908 7848/7909
f 7847/7907 7644/7699 7645/7698 7647/7702
f 7847/7907 7848/7909 7850/7910 7644/7699
f 7850/7910 7848/7909 7852/7911 7851/7912
f 7850/7910 7641/7696 7642/7695 7644/7699
f 7850/7910 7851/7912 7853/7913 7641/7696
f 7853/7913 7851/7912 7855/7914 7854/7915
f 7853/7913 7638/7693 7639/7692 7641/7696
f 7853/7913 7854/7915 7856/7916 7638/7693
f 7856/7916 7854/7915 7858/7917 7857/7918
f 7856/7916 7635/7690 7636/7689 7638/7693
f 7856/7916 7857/7918 7859/7919 7635/7690
f 7859/7919 7857/7918 7861/7920 7860/7921
f 7859/7919 7632/7687 7633/7686 7635/7690
f 7859/7919 7860/7921 7862/7922 7632/7687
f 7862/7922 7860/7921 7864/7923 7863/7924
f 7862/7922 7629/7684 7630/7683 7632/7687
f 7862/7922 7863/7924 7865/7925 7629/7684
f 7865/7925 7863/7924 7867/7926 7866/7927
f 7865/7925 7626/7681 7627/7680 7629/7684
f 7865/7925 7866/7927 7868/7928 7626/7681
f 7868/7928 7866/7927 7870/7929 7869/7930
f 7868/7928 7623/7678 7624/7677 7626/7681
f 7868/7928 7869/7930 7871/7931 7623/7678
f 7871/7931 7869/7930 7873/7932 7872/7933
f 7871/7931 7620/7675 7621/7674 7623/7678
f 7871/7931 7872/7933 7874/7934 7620/7675
f 7874/7934 7872/7933 7876/7935 7875/7936
f 7874/7934 7617/7672 7618/7671 7620/7675
f 7874/7934 7875/7936 7877/7937 7617/7672
f 7877/7937 7875/7936 7879/7938 7878/7939
f 7877/7937 7880/7940 7615/7669 7617/7672
f 7877/7937 7878/7939 7881/7941 7880/7940
f 7881/7941 7878/7939 7883/7942 7882/7943
f 7881/7941 4738/4773 4740/4775 7880/7940
f 7881/7941 7882/7943 4736/4771 4738/4773
f 7883/7942 7884/7944 4731/4765 4732/4766
f 7883/7942 7878/7939 7879/7938 7884/7944
f 7883/7942 4732/4766 4733/4767 7882/7943
f 7884/7944 7885/7945 4730/4764 4731/4765
f 7884/7944 7879/7938 7886/7946 7885/7945
f 7886/7946 7888/7947 7887/7948 7885/7945
f 7886/7946 7876/7935 7889/7949 7888/7947
f 7886/7946 7879/7938 7875/7936 7876/7935
f 7889/7949 7891/7950 7890/7951 7888/7947
f 7889/7949 7873/7932 7892/7952 7891/7950
f 7889/7949 7876/7935 7872/7933 7873/7932
f 7892/7952 7894/7953 7893/7954 7891/7950
f 7892/7952 7870/7929 7895/7955 7894/7953
f 7892/7952 7873/7932 7869/7930 7870/7929
f 7895/7955 7897/7956 7896/7957 7894/7953
f 7895/7955 7867/7926 7898/7958 7897/7956
f 7895/7955 7870/7929 7866/7927 7867/7926
f 7898/7958 7900/7959 7899/7960 7897/7956
f 7898/7958 7864/7923 7901/7961 7900/7959
f 7898/7958 7867/7926 7863/7924 7864/7923
f 7901/7961 7903/7962 7902/7963 7900/7959
f 7901/7961 7861/7920 7904/7964 7903/7962
f 7901/7961 7864/7923 7860/7921 7861/7920
f 7904/7964 7906/7965 7905/7966 7903/7962
f 7904/7964 7858/7917 7907/7967 7906/7965
f 7904/7964 7861/7920 7857/7918 7858/7917
f 7907/7967 7909/7968 7908/7969 7906/7965
f 7907/7967 7855/7914 7910/7970 7909/7968
f 7907/7967 7858/7917 7854/7915 7855/7914
f 7910/7970 7912/7971 7911/7972 7909/7968
f 7910/7970 7852/7911 7913/7973 7912/7971
f 7910/7970 7855/7914 7851/7912 7852/7911
f 7913/7973 7915/7974 7914/7975 7912/7971
f 7913/7973 7849/7908 7916/7976 7915/7974
f 7913/7973 7852/7911 7848/7909 7849/7908
f 7916/7976 7918/7977 7917/7978 7915/7974
f 7916/7976 7846/7905 7919/7979 7918/7977
f 7916/7976 7849/7908 7845/7906 7846/7905
f 7919/7979 7921/7980 7920/7981 7918/7977
f 7919/7979 7843/7902 7922/7982 7921/7980
f 7919/7979 7846/7905 7842/7903 7843/7902
f 7922/7982 7924/7983 7923/7984 7921/7980
f 7922/7982 7840/7899 7925/7985 7924/7983
f 7922/7982 7843/7902 7839/7900 7840/7899
f 7925/7985 7927/7986 7926/7987 7924/7983
f 7925/7985 7837/7896 7928/7988 7927/7986
f 7925/7985 7840/7899 7836/7897 7837/7896
f 7928/7988 7930/7989 7929/7990 7927/7986
f 7928/7988 7834/7893 7931/7991 7930/7989
f 7928/7988 7837/7896 7833/7894 7834/7893
f 7931/7991 7933/7992 7932/7993 7930/7989
f 7931/7991 7831/7890 7934/7994 7933/7992
f 7931/7991 7834/7893 7830/7891 7831/7890
f 7934/7994 7936/7995 7935/7996 7933/7992
f 7934/7994 7828/7887 7937/7997 7936/7995
f 7934/7994 7831/7890 7827/7888 7828/7887
f 7937/7997 7939/7998 7938/7999 7936/7995
f 7937/7997 7825/7884 7940/8000 7939/7998
f 7937/7997 7828/7887 7824/7885 7825/7884
f 7940/8000 7942/8001 7941/8002 7939/7998
f 7940/8000 7822/7881 7943/8003 7942/8001
f 7940/8000 7825/7884 7821/7882 7822/7881
f 7943/8003 7945/8004 7944/8005 7942/8001
f 7943/8003 7819/7878 7946/8006 7945/8004
f 7943/8003 7822/7881 7818/7879 7819/7878
f 7946/8006 7948/8007 7947/8008 7945/8004
f 7946/8006 7816/7875 7949/8009 7948/8007
f 7946/8006 7819/7878 7815/7876 7816/7875
f 7949/8009 7951/8010 7950/8011 7948/8007
f 7949/8009 7813/7872 7952/8012 7951/8010
f 7949/8009 7816/7875 7812/7873 7813/7872
f 7952/8012 7954/8013 7953/8014 7951/8010
f 7952/8012 7810/7869 7955/8015 7954/8013
f 7952/8012 7813/7872 7809/7870 7810/7869
f 7955/8015 7957/8016 7956/8017 7954/8013
f 7955/8015 7807/7866 7958/8018 7957/8016
f 7955/8015 7810/7869 7806/7867 7807/7866
f 7958/8018 7960/8019 7959/8020 7957/8016
f 7958/8018 7804/7863 7961/8021 7960/8019
f 7958/8018 7807/7866 7803/7864 7804/7863
f 7961/8021 7963/8022 7962/8023 7960/8019
f 7961/8021 7801/7860 7964/8024 7963/8022
f 7961/8021 7804/7863 7800/7861 7801/7860
f 7964/8024 7966/8025 7965/8026 7963/8022
f 7964/8024 7798/7857 7967/8027 7966/8025
f 7964/8024 7801/7860 7797/7858 7798/7857
f 7967/8027 7969/8028 7968/8029 7966/8025
f 7967/8027 7795/7854 7970/8030 7969/8028
f 7967/8027 7798/7857 7794/7855 7795/7854
f 7970/8030 7972/8031 7971/8032 7969/8028
f 7970/8030 7792/7851 7973/8033 7972/8031
f 7970/8030 7795/7854 7791/7852 7792/7851
f 7973/8033 7975/8034 7974/8035 7972/8031
f 7973/8033 7789/7848 7976/8036 7975/8034
f 7973/8033 7792/7851 7788/7849 7789/7848
f 7976/8036 7978/8037 7977/8038 7975/8034
f 7976/8036 7786/7845 7979/8039 7978/8037
f 7976/8036 7789/7848 7785/7846 7786/7845
f 7979/8039 7981/8040 7980/8041 7978/8037
f 7979/8039 7783/7842 7982/8042 7981/8040
f 7979/8039 7786/7845 7782/7843 7783/7842
f 7982/8042 7984/8043 7983/8044 7981/8040
f 7982/8042 7780/7839 7985/8045 7984/8043
f 7982/8042 7783/7842 7779/7840 7780/7839
f 7985/8045 7987/8046 7986/8047 7984/8043
f 7985/8045 7777/7836 7988/8048 7987/8046
f 7985/8045 7780/7839 7776/7837 7777/7836
f 7988/8048 7990/8049 7989/8050 7987/8046
f 7988/8048 7774/7833 7991/8051 7990/8049
f 7988/8048 7777/7836 7773/7834 7774/7833
f 7991/8051 7993/8052 7992/8053 7990/8049
f 7991/8051 7771/7830 7994/8054 7993/8052
f 7991/8051 7774/7833 7770/7831 7771/7830
f 7994/8054 7996/8055 7995/8056 7993/8052
f 7994/8054 7768/7826 7997/8057 7996/8055
f 7994/8054 7771/7830 7767/7827 7768/7826
f 7997/8057 7999/8058 7998/8059 7996/8055
f 7997/8057 7765/8060 8000/8061 7999/8058
f 7997/8057 7768/7826 7764/7825 7765/8060
f 8000/8061 8002/8062 8001/8063 7999/8058
f 8000/8064 7762/7818 8003/8065 8002/8066
f 8000/8064 7765/7821 7761/7819 7762/7818
f 8003/8065 8005/8067 8004/8068 8002/8066
f 8003/8065 7759/7815 8006/8069 8005/8067
f 8003/8065 7762/7818 7758/7816 7759/7815
f 8006/8069 8008/8070 8007/8071 8005/8067
f 8006/8069 7756/7812 8009/8072 8008/8070
f 8006/8069 7759/7815 7755/7813 7756/7812
f 8009/8072 4679/4712 4680/4713 8008/8070
f 8009/8072 7753/7809 4678/4711 4679/4712
f 8009/8072 7756/7812 7752/7810 7753/7809
f 8008/8070 4680/4713 4681/4714 8007/8071
f 8007/8071 4681/4714 4682/4715 8010/8073
f 8007/8071 8010/8073 8004/8068 8005/8067
f 8010/8074 4682/4717 4683/4716 8011/8075
f 8010/8074 8011/8075 8012/8076 8004/8077
f 8012/8076 8011/8075 8014/8078 8013/8079
f 8012/8076 8001/8063 8002/8062 8004/8077
f 8012/8076 8013/8079 8015/8080 8001/8063
f 8015/8080 8013/8079 8017/8081 8016/8082
f 8015/8080 7998/8059 7999/8058 8001/8063
f 8015/8080 8016/8082 8018/8083 7998/8059
f 8018/8083 8016/8082 8020/8084 8019/8085
f 8018/8083 7995/8056 7996/8055 7998/8059
f 8018/8083 8019/8085 8021/8086 7995/8056
f 8021/8086 8019/8085 8023/8087 8022/8088
f 8021/8086 7992/8053 7993/8052 7995/8056
f 8021/8086 8022/8088 8024/8089 7992/8053
f 8024/8089 8022/8088 8026/8090 8025/8091
f 8024/8089 7989/8050 7990/8049 7992/8053
f 8024/8089 8025/8091 8027/8092 7989/8050
f 8027/8092 8025/8091 8029/8093 8028/8094
f 8027/8092 7986/8047 7987/8046 7989/8050
f 8027/8092 8028/8094 8030/8095 7986/8047
f 8030/8095 8028/8094 8032/8096 8031/8097
f 8030/8095 7983/8044 7984/8043 7986/8047
f 8030/8095 8031/8097 8033/8098 7983/8044
f 8033/8098 8031/8097 8035/8099 8034/8100
f 8033/8098 7980/8041 7981/8040 7983/8044
f 8033/8098 8034/8100 8036/8101 7980/8041
f 8036/8101 8034/8100 8038/8102 8037/8103
f 8036/8101 7977/8038 7978/8037 7980/8041
f 8036/8101 8037/8103 8039/8104 7977/8038
f 8039/8104 8037/8103 8041/8105 8040/8106
f 8039/8104 7974/8035 7975/8034 7977/8038
f 8039/8104 8040/8106 8042/8107 7974/8035
f 8042/8107 8040/8106 8044/8108 8043/8109
f 8042/8107 7971/8032 7972/8031 7974/8035
f 8042/8107 8043/8109 8045/8110 7971/8032
f 8045/8110 8043/8109 8047/8111 8046/8112
f 8045/8110 7968/8029 7969/8028 7971/8032
f 8045/8110 8046/8112 8048/8113 7968/8029
f 8048/8113 8046/8112 8050/8114 8049/8115
f 8048/8113 7965/8026 7966/8025 7968/8029
f 8048/8113 8049/8115 8051/8116 7965/8026
f 8051/8116 8049/8115 8053/8117 8052/8118
f 8051/8116 7962/8023 7963/8022 7965/8026
f 8051/8116 8052/8118 8054/8119 7962/8023
f 8054/8119 8052/8118 8056/8120 8055/8121
f 8054/8119 7959/8020 7960/8019 7962/8023
f 8054/8119 8055/8121 8057/8122 7959/8020
f 8057/8122 8055/8121 8059/8123 8058/8124
f 8057/8122 7956/8017 7957/8016 7959/8020
f 8057/8122 8058/8124 8060/8125 7956/8017
f 8060/8125 8058/8124 8062/8126 8061/8127
f 8060/8125 7953/8014 7954/8013 7956/8017
f 8060/8125 8061/8127 8063/8128 7953/8014
f 8063/8128 8061/8127 8065/8129 8064/8130
f 8063/8128 7950/8011 7951/8010 7953/8014
f 8063/8128 8064/8130 8066/8131 7950/8011
f 8066/8131 8064/8130 8068/8132 8067/8133
f 8066/8131 7947/8008 7948/8007 7950/8011
f 8066/8131 8067/8133 8069/8134 7947/8008
f 8069/8134 8067/8133 8071/8135 8070/8136
f 8069/8134 7944/8005 7945/8004 7947/8008
f 8069/8134 8070/8136 8072/8137 7944/8005
f 8072/8137 8070/8136 8074/8138 8073/8139
f 8072/8137 7941/8002 7942/8001 7944/8005
f 8072/8137 8073/8139 8075/8140 7941/8002
f 8075/8140 8073/8139 8077/8141 8076/8142
f 8075/8140 7938/7999 7939/7998 7941/8002
f 8075/8140 8076/8142 8078/8143 7938/7999
f 8078/8143 8076/8142 8080/8144 8079/8145
f 8078/8143 7935/7996 7936/7995 7938/7999
f 8078/8143 8079/8145 8081/8146 7935/7996
f 8081/8146 8079/8145 8083/8147 8082/8148
f 8081/8146 7932/7993 7933/7992 7935/7996
f 8081/8146 8082/8148 8084/8149 7932/7993
f 8084/8149 8082/8148 8086/8150 8085/8151
f 8084/8149 7929/7990 7930/7989 7932/7993
f 8084/8149 8085/8151 8087/8152 7929/7990
f 8087/8152 8085/8151 8089/8153 8088/8154
f 8087/8152 7926/7987 7927/7986 7929/7990
f 8087/8152 8088/8154 8090/8155 7926/7987
f 8090/8155 8088/8154 8092/8156 8091/8157
f 8090/8155 7923/7984 7924/7983 7926/7987
f 8090/8155 8091/8157 8093/8158 7923/7984
f 8093/8158 8091/8157 8095/8159 8094/8160
f 8093/8158 7920/7981 7921/7980 7923/7984
f 8093/8158 8094/8160 8096/8161 7920/7981
f 8096/8161 8094/8160 8098/8162 8097/8163
f 8096/8161 7917/7978 7918/7977 7920/7981
f 8096/8161 8097/8163 8099/8164 7917/7978
f 8099/8164 8097/8163 8101/8165 8100/8166
f 8099/8164 7914/7975 7915/7974 7917/7978
f 8099/8164 8100/8166 8102/8167 7914/7975
f 8102/8167 8100/8166 8104/8168 8103/8169
f 8102/8167 7911/7972 7912/7971 7914/7975
f 8102/8167 8103/8169 8105/8170 7911/7972
f 8105/8170 8103/8169 8107/8171 8106/8172
f 8105/8170 7908/7969 7909/7968 7911/7972
f 8105/8170 8106/8172 8108/8173 7908/7969
f 8108/8173 8106/8172 8110/8174 8109/8175
f 8108/8173 7905/7966 7906/7965 7908/7969
f 8108/8173 8109/8175 8111/8176 7905/7966
f 8111/8176 8109/8175 8113/8177 8112/8178
f 8111/8176 7902/7963 7903/7962 7905/7966
f 8111/8176 8112/8178 8114/8179 7902/7963
f 8114/8179 8112/8178 8116/8180 8115/8181
f 8114/8179 7899/7960 7900/7959 7902/7963
f 8114/8179 8115/8181 8117/8182 7899/7960
f 8117/8182 8115/8181 8119/8183 8118/8184
f 8117/8182 7896/7957 7897/7956 7899/7960
f 8117/8182 8118/8184 8120/8185 7896/7957
f 8120/8185 8118/8184 8122/8186 8121/8187
f 8120/8185 7893/7954 7894/7953 7896/7957
f 8120/8185 8121/8187 8123/8188 7893/7954
f 8123/8188 8121/8187 8125/8189 8124/8190
f 8123/8188 7890/7951 7891/7950 7893/7954
f 8123/8188 8124/8190 8126/8191 7890/7951
f 8126/8191 8124/8190 4727/4761 4728/4762
f 8126/8191 7887/7948 7888/7947 7890/7951
f 8126/8191 4728/4762 4729/4763 7887/7948
f 8125/8189 8127/8192 4725/4759 4726/4760
f 8125/8189 8121/8187 8122/8186 8127/8192
f 8125/8189 4726/4760 4727/4761 8124/8190
f 8127/8192 8128/8193 4724/4758 4725/4759
f 8127/8192 8122/8186 8129/8194 8128/8193
f 8129/8194 8131/8195 8130/8196 8128/8193
f 8129/8194 8119/8183 8132/8197 8131/8195
f 8129/8194 8122/8186 8118/8184 8119/8183
f 8132/8197 8134/8198 8133/8199 8131/8195
f 8132/8197 8116/8180 8135/8200 8134/8198
f 8132/8197 8119/8183 8115/8181 8116/8180
f 8135/8200 8137/8201 8136/8202 8134/8198
f 8135/8200 8113/8177 8138/8203 8137/8201
f 8135/8200 8116/8180 8112/8178 8113/8177
f 8138/8203 8140/8204 8139/8205 8137/8201
f 8138/8203 8110/8174 8141/8206 8140/8204
f 8138/8203 8113/8177 8109/8175 8110/8174
f 8141/8206 8143/8207 8142/8208 8140/8204
f 8141/8206 8107/8171 8144/8209 8143/8207
f 8141/8206 8110/8174 8106/8172 8107/8171
f 8144/8209 8146/8210 8145/8211 8143/8207
f 8144/8209 8104/8168 8147/8212 8146/8210
f 8144/8209 8107/8171 8103/8169 8104/8168
f 8147/8212 8149/8213 8148/8214 8146/8210
f 8147/8212 8101/8165 8150/8215 8149/8213
f 8147/8212 8104/8168 8100/8166 8101/8165
f 8150/8215 8152/8216 8151/8217 8149/8213
f 8150/8215 8098/8162 8153/8218 8152/8216
f 8150/8215 8101/8165 8097/8163 8098/8162
f 8153/8218 8155/8219 8154/8220 8152/8216
f 8153/8218 8095/8159 8156/8221 8155/8219
f 8153/8218 8098/8162 8094/8160 8095/8159
f 8156/8221 8158/8222 8157/8223 8155/8219
f 8156/8221 8092/8156 8159/8224 8158/8222
f 8156/8221 8095/8159 8091/8157 8092/8156
f 8159/8224 8161/8225 8160/8226 8158/8222
f 8159/8224 8089/8153 8162/8227 8161/8225
f 8159/8224 8092/8156 8088/8154 8089/8153
f 8162/8227 8164/8228 8163/8229 8161/8225
f 8162/8227 8086/8150 8165/8230 8164/8228
f 8162/8227 8089/8153 8085/8151 8086/8150
f 8165/8230 8167/8231 8166/8232 8164/8228
f 8165/8230 8083/8147 8168/8233 8167/8231
f 8165/8230 8086/8150 8082/8148 8083/8147
f 8168/8233 8170/8234 8169/8235 8167/8231
f 8168/8233 8080/8144 8171/8236 8170/8234
f 8168/8233 8083/8147 8079/8145 8080/8144
f 8171/8236 8173/8237 8172/8238 8170/8234
f 8171/8236 8077/8141 8174/8239 8173/8237
f 8171/8236 8080/8144 8076/8142 8077/8141
f 8174/8239 8176/8240 8175/8241 8173/8237
f 8174/8239 8074/8138 8177/8242 8176/8240
f 8174/8239 8077/8141 8073/8139 8074/8138
f 8177/8242 8179/8243 8178/8244 8176/8240
f 8177/8242 8071/8135 8180/8245 8179/8243
f 8177/8242 8074/8138 8070/8136 8071/8135
f 8180/8245 8181/8246 4364/4393 8179/8243
f 8180/8245 8068/8132 8182/8247 8181/8246
f 8180/8245 8071/8135 8067/8133 8068/8132
f 8182/8247 8184/8248 8183/8249 8181/8246
f 8182/8247 8065/8129 8185/8250 8184/8248
f 8182/8247 8068/8132 8064/8130 8065/8129
f 8185/8250 8187/8251 8186/8252 8184/8248
f 8185/8250 8062/8126 8188/8253 8187/8251
f 8185/8250 8065/8129 8061/8127 8062/8126
f 8188/8253 8190/8254 8189/8255 8187/8251
f 8188/8253 8059/8123 8191/8256 8190/8254
f 8188/8253 8062/8126 8058/8124 8059/8123
f 8191/8256 8193/8257 8192/8258 8190/8254
f 8191/8256 8056/8120 8194/8259 8193/8257
f 8191/8256 8059/8123 8055/8121 8056/8120
f 8194/8259 8196/8260 8195/8261 8193/8257
f 8194/8259 8053/8117 8197/8262 8196/8260
f 8194/8259 8056/8120 8052/8118 8053/8117
f 8197/8262 8199/8263 8198/8264 8196/8260
f 8197/8262 8050/8114 8200/8265 8199/8263
f 8197/8262 8053/8117 8049/8115 8050/8114
f 8200/8265 8202/8266 8201/8267 8199/8263
f 8200/8265 8047/8111 8203/8268 8202/8266
f 8200/8265 8050/8114 8046/8112 8047/8111
f 8203/8268 8205/8269 8204/8270 8202/8266
f 8203/8268 8044/8108 8206/8271 8205/8269
f 8203/8268 8047/8111 8043/8109 8044/8108
f 8206/8271 8208/8272 8207/8273 8205/8269
f 8206/8271 8041/8105 8209/8274 8208/8272
f 8206/8271 8044/8108 8040/8106 8041/8105
f 8209/8274 8211/8275 8210/8276 8208/8272
f 8209/8274 8038/8102 8212/8277 8211/8275
f 8209/8274 8041/8105 8037/8103 8038/8102
f 8212/8277 8214/8278 8213/8279 8211/8275
f 8212/8277 8035/8099 8215/8280 8214/8278
f 8212/8277 8038/8102 8034/8100 8035/8099
f 8215/8280 8217/8281 8216/8282 8214/8278
f 8215/8280 8032/8096 8218/8283 8217/8281
f 8215/8280 8035/8099 8031/8097 8032/8096
f 8218/8283 8220/8284 8219/8285 8217/8281
f 8218/8283 8029/8093 8221/8286 8220/8284
f 8218/8283 8032/8096 8028/8094 8029/8093
f 8221/8286 8223/8287 8222/8288 8220/8284
f 8221/8286 8026/8090 8224/8289 8223/8287
f 8221/8286 8029/8093 8025/8091 8026/8090
f 8224/8289 8226/8290 8225/8291 8223/8287
f 8224/8289 8023/8087 8227/8292 8226/8290
f 8224/8289 8026/8090 8022/8088 8023/8087
f 8227/8292 8229/8293 8228/8294 8226/8290
f 8227/8292 8020/8084 8230/8295 8229/8293
f 8227/8292 8023/8087 8019/8085 8020/8084
f 8230/8295 8232/8296 8231/8297 8229/8293
f 8230/8295 8017/8081 8233/8298 8232/8296
f 8230/8295 8020/8084 8016/8082 8017/8081
f 8233/8298 4685/4719 4686/4720 8232/8296
f 8233/8298 8014/8078 4684/4718 4685/4719
f 8233/8298 8017/8081 8013/8079 8014/8078
f 8232/8296 4686/4720 4687/4721 8231/8297
f 8231/8297 4687/4721 4688/4722 8234/8299
f 8231/8297 8234/8299 8228/8294 8229/8293
f 8234/8299 4688/4722 4689/4723 8235/8300
f 8234/8299 8235/8300 8236/8301 8228/8294
f 8236/8301 8235/8300 8238/8302 8237/8303
f 8236/8301 8225/8291 8226/8290 8228/8294
f 8236/8301 8237/8303 8239/8304 8225/8291
f 8239/8304 8237/8303 8241/8305 8240/8306
f 8239/8304 8222/8288 8223/8287 8225/8291
f 8239/8304 8240/8306 8242/8307 8222/8288
f 8242/8307 8240/8306 8244/8308 8243/8309
f 8242/8307 8219/8285 8220/8284 8222/8288
f 8242/8307 8243/8309 8245/8310 8219/8285
f 8245/8310 8243/8309 8247/8311 8246/8312
f 8245/8310 8216/8282 8217/8281 8219/8285
f 8245/8310 8246/8312 8248/8313 8216/8282
f 8248/8313 8246/8312 8250/8314 8249/8315
f 8248/8313 8213/8279 8214/8278 8216/8282
f 8248/8313 8249/8315 8251/8316 8213/8279
f 8251/8316 8249/8315 8253/8317 8252/8318
f 8251/8316 8210/8276 8211/8275 8213/8279
f 8251/8316 8252/8318 8254/8319 8210/8276
f 8254/8319 8252/8318 8256/8320 8255/8321
f 8254/8319 8207/8273 8208/8272 8210/8276
f 8254/8319 8255/8321 8257/8322 8207/8273
f 8257/8322 8255/8321 8259/8323 8258/8324
f 8257/8322 8204/8270 8205/8269 8207/8273
f 8257/8322 8258/8324 8260/8325 8204/8270
f 8260/8325 8258/8324 8262/8326 8261/8327
f 8260/8325 8201/8267 8202/8266 8204/8270
f 8260/8325 8261/8327 8263/8328 8201/8267
f 8263/8328 8261/8327 8265/8329 8264/8330
f 8263/8328 8198/8264 8199/8263 8201/8267
f 8263/8328 8264/8330 8266/8331 8198/8264
f 8266/8331 8264/8330 8268/8332 8267/8333
f 8266/8331 8195/8261 8196/8260 8198/8264
f 8266/8331 8267/8333 8269/8334 8195/8261
f 8269/8334 8267/8333 8271/8335 8270/8336
f 8269/8334 8192/8258 8193/8257 8195/8261
f 8269/8334 8270/8336 8272/8337 8192/8258
f 8272/8337 8270/8336 8274/8338 8273/8339
f 8272/8337 8189/8255 8190/8254 8192/8258
f 8272/8337 8273/8339 8275/8340 8189/8255
f 8275/8340 8273/8339 8277/8341 8276/8342
f 8275/8340 8186/8252 8187/8251 8189/8255
f 8275/8340 8276/8342 8278/8343 8186/8252
f 8278/8343 8276/8342 8279/8344 4368/4397
f 8278/8343 8183/8249 8184/8248 8186/8252
f 8278/8343 4368/4397 4363/4394 8183/8249
f 8279/8344 8276/8342 8277/8341 8280/8345
f 8279/8344 8281/8346 4367/4395 4368/4397
f 8279/8344 8280/8345 8282/8347 8281/8346
f 8282/8347 8280/8345 8284/8348 8283/8349
f 8282/8347 8286/8350 8285/8351 8281/8346
f 8282/8347 8283/8349 8287/8352 8286/8350
f 8287/8352 8283/8349 8289/8353 8288/8354
f 8287/8352 8291/8355 8290/8356 8286/8350
f 8287/8352 8288/8354 8292/8357 8291/8355
f 8292/8357 8288/8354 8294/8358 8293/8359
f 8292/8357 8296/8360 8295/8361 8291/8355
f 8292/8357 8293/8359 8297/8362 8296/8360
f 8297/8362 8293/8359 8299/8363 8298/8364
f 8297/8362 8301/8365 8300/8366 8296/8360
f 8297/8362 8298/8364 8302/8367 8301/8365
f 8302/8367 8298/8364 8304/8368 8303/8369
f 8302/8367 8306/8370 8305/8371 8301/8365
f 8302/8367 8303/8369 8307/8372 8306/8370
f 8307/8372 8303/8369 8309/8373 8308/8374
f 8307/8372 8311/8375 8310/8376 8306/8370
f 8307/8372 8308/8374 8312/8377 8311/8375
f 8312/8377 8308/8374 8314/8378 8313/8379
f 8312/8377 8316/8380 8315/8381 8311/8375
f 8312/8377 8313/8379 8317/8382 8316/8380
f 8317/8382 8313/8379 8319/8383 8318/8384
f 8317/8382 8321/8385 8320/8386 8316/8380
f 8317/8382 8318/8384 8322/8387 8321/8385
f 8322/8387 8318/8384 8324/8388 8323/8389
f 8322/8387 8326/8390 8325/8391 8321/8385
f 8322/8387 8323/8389 8327/8392 8326/8390
f 8327/8392 8323/8389 8329/8393 8328/8394
f 8327/8392 8331/8395 8330/8396 8326/8390
f 8327/8392 8328/8394 8332/8397 8331/8395
f 8332/8397 8328/8394 8334/8398 8333/8399
f 8332/8397 8336/8400 8335/8401 8331/8395
f 8332/8397 8333/8399 8337/8402 8336/8400
f 8337/8402 8333/8399 8339/8403 8338/8404
f 8337/8402 8341/8405 8340/8406 8336/8400
f 8337/8402 8338/8404 8342/8407 8341/8405
f 8342/8407 8338/8404 8344/8408 8343/8409
f 8342/8407 8346/8410 8345/8411 8341/8405
f 8342/8407 8343/8409 8347/8412 8346/8410
f 8347/8412 8343/8409 4717/4751 4718/4752
f 8347/8412 8349/8413 8348/8414 8346/8410
f 8347/8412 4718/4752 4719/4753 8349/8413
f 8349/8413 8351/8415 8350/8416 8348/8414
f 8349/8413 4719/4753 4720/4754 8351/8415
f 8351/8415 8353/8417 8352/8418 8350/8416
f 8351/8415 4720/4754 4721/4755 8353/8417
f 8353/8417 8354/8419 8133/8199 8352/8418
f 8353/8417 4721/4755 4722/4756 8354/8419
f 8354/8419 8130/8196 8131/8195 8133/8199
f 8354/8419 4722/4756 4723/4757 8130/8196
f 8352/8418 8136/8202 8355/8420 8350/8416
f 8352/8418 8133/8199 8134/8198 8136/8202
f 8355/8420 8356/8421 8348/8414 8350/8416
f 8355/8420 8139/8205 8357/8422 8356/8421
f 8355/8420 8136/8202 8137/8201 8139/8205
f 8357/8422 8358/8423 8345/8411 8356/8421
f 8357/8422 8142/8208 8359/8424 8358/8423
f 8357/8422 8139/8205 8140/8204 8142/8208
f 8359/8424 8360/8425 8340/8406 8358/8423
f 8359/8424 8145/8211 8361/8426 8360/8425
f 8359/8424 8142/8208 8143/8207 8145/8211
f 8361/8426 8362/8427 8335/8401 8360/8425
f 8361/8426 8148/8214 8363/8428 8362/8427
f 8361/8426 8145/8211 8146/8210 8148/8214
f 8363/8428 8364/8429 8330/8396 8362/8427
f 8363/8428 8151/8217 8365/8430 8364/8429
f 8363/8428 8148/8214 8149/8213 8151/8217
f 8365/8430 8366/8431 8325/8391 8364/8429
f 8365/8430 8154/8220 8367/8432 8366/8431
f 8365/8430 8151/8217 8152/8216 8154/8220
f 8367/8432 8368/8433 8320/8386 8366/8431
f 8367/8432 8157/8223 8369/8434 8368/8433
f 8367/8432 8154/8220 8155/8219 8157/8223
f 8369/8434 8370/8435 8315/8381 8368/8433
f 8369/8434 8160/8226 8371/8436 8370/8435
f 8369/8434 8157/8223 8158/8222 8160/8226
f 8371/8436 8372/8437 8310/8376 8370/8435
f 8371/8436 8163/8229 8373/8438 8372/8437
f 8371/8436 8160/8226 8161/8225 8163/8229
f 8373/8438 8374/8439 8305/8371 8372/8437
f 8373/8438 8166/8232 8375/8440 8374/8439
f 8373/8438 8163/8229 8164/8228 8166/8232
f 8375/8440 8376/8441 8300/8366 8374/8439
f 8375/8440 8169/8235 8377/8442 8376/8441
f 8375/8440 8166/8232 8167/8231 8169/8235
f 8377/8442 8378/8443 8295/8361 8376/8441
f 8377/8442 8172/8238 8379/8444 8378/8443
f 8377/8442 8169/8235 8170/8234 8172/8238
f 8379/8444 8380/8445 8290/8356 8378/8443
f 8379/8444 8175/8241 8381/8446 8380/8445
f 8379/8444 8172/8238 8173/8237 8175/8241
f 8381/8446 4366/4396 8285/8351 8380/8445
f 8381/8446 8178/8244 4365/4392 4366/4396
f 8381/8446 8175/8241 8176/8240 8178/8244
f 8380/8445 8285/8351 8286/8350 8290/8356
f 8378/8443 8290/8356 8291/8355 8295/8361
f 8376/8441 8295/8361 8296/8360 8300/8366
f 8374/8439 8300/8366 8301/8365 8305/8371
f 8372/8437 8305/8371 8306/8370 8310/8376
f 8370/8435 8310/8376 8311/8375 8315/8381
f 8368/8433 8315/8381 8316/8380 8320/8386
f 8366/8431 8320/8386 8321/8385 8325/8391
f 8364/8429 8325/8391 8326/8390 8330/8396
f 8362/8427 8330/8396 8331/8395 8335/8401
f 8360/8425 8335/8401 8336/8400 8340/8406
f 8358/8423 8340/8406 8341/8405 8345/8411
f 8356/8421 8345/8411 8346/8410 8348/8414
f 8344/8408 8382/8447 4715/4749 4716/4750
f 8344/8408 8338/8404 8339/8403 8382/8447
f 8344/8408 4716/4750 4717/4751 8343/8409
f 8382/8447 8383/8448 4714/4748 4715/4749
f 8382/8447 8339/8403 8384/8449 8383/8448
f 8384/8449 8386/8450 8385/8451 8383/8448
f 8384/8449 8334/8398 8387/8452 8386/8450
f 8384/8449 8339/8403 8333/8399 8334/8398
f 8387/8452 8389/8453 8388/8454 8386/8450
f 8387/8452 8329/8393 8390/8455 8389/8453
f 8387/8452 8334/8398 8328/8394 8329/8393
f 8390/8455 8392/8456 8391/8457 8389/8453
f 8390/8455 8324/8388 8393/8458 8392/8456
f 8390/8455 8329/8393 8323/8389 8324/8388
f 8393/8458 8395/8459 8394/8460 8392/8456
f 8393/8458 8319/8383 8396/8461 8395/8459
f 8393/8458 8324/8388 8318/8384 8319/8383
f 8396/8461 8398/8462 8397/8463 8395/8459
f 8396/8461 8314/8378 8399/8464 8398/8462
f 8396/8461 8319/8383 8313/8379 8314/8378
f 8399/8464 8401/8465 8400/8466 8398/8462
f 8399/8464 8309/8373 8402/8467 8401/8465
f 8399/8464 8314/8378 8308/8374 8309/8373
f 8402/8467 8404/8468 8403/8469 8401/8465
f 8402/8467 8304/8368 8405/8470 8404/8468
f 8402/8467 8309/8373 8303/8369 8304/8368
f 8405/8470 8407/8471 8406/8472 8404/8468
f 8405/8470 8299/8363 8408/8473 8407/8471
f 8405/8470 8304/8368 8298/8364 8299/8363
f 8408/8473 8410/8474 8409/8475 8407/8471
f 8408/8473 8294/8358 8411/8476 8410/8474
f 8408/8473 8299/8363 8293/8359 8294/8358
f 8411/8476 8413/8477 8412/8478 8410/8474
f 8411/8476 8289/8353 8414/8479 8413/8477
f 8411/8476 8294/8358 8288/8354 8289/8353
f 8414/8479 8416/8480 8415/8481 8413/8477
f 8414/8479 8284/8348 8417/8482 8416/8480
f 8414/8479 8289/8353 8283/8349 8284/8348
f 8417/8482 8274/8338 8418/8483 8416/8480
f 8417/8482 8277/8341 8273/8339 8274/8338
f 8417/8482 8284/8348 8280/8345 8277/8341
f 8418/8483 8271/8335 8420/8484 8419/8485
f 8418/8483 8274/8338 8270/8336 8271/8335
f 8418/8483 8419/8485 8415/8481 8416/8480
f 8420/8484 8422/8486 8421/8487 8419/8485
f 8420/8484 8268/8332 8423/8488 8422/8486
f 8420/8484 8271/8335 8267/8333 8268/8332
f 8423/8488 8425/8489 8424/8490 8422/8486
f 8423/8488 8265/8329 8426/8491 8425/8489
f 8423/8488 8268/8332 8264/8330 8265/8329
f 8426/8491 8428/8492 8427/8493 8425/8489
f 8426/8491 8262/8326 8429/8494 8428/8492
f 8426/8491 8265/8329 8261/8327 8262/8326
f 8429/8494 8431/8495 8430/8496 8428/8492
f 8429/8494 8259/8323 8432/8497 8431/8495
f 8429/8494 8262/8326 8258/8324 8259/8323
f 8432/8497 8434/8498 8433/8499 8431/8495
f 8432/8497 8256/8320 8435/8500 8434/8498
f 8432/8497 8259/8323 8255/8321 8256/8320
f 8435/8500 8437/8501 8436/8502 8434/8498
f 8435/8500 8253/8317 8438/8503 8437/8501
f 8435/8500 8256/8320 8252/8318 8253/8317
f 8438/8503 8440/8504 8439/8505 8437/8501
f 8438/8503 8250/8314 8441/8506 8440/8504
f 8438/8503 8253/8317 8249/8315 8250/8314
f 8441/8506 8443/8507 8442/8508 8440/8504
f 8441/8506 8247/8311 8444/8509 8443/8507
f 8441/8506 8250/8314 8246/8312 8247/8311
f 8444/8509 8446/8510 8445/8511 8443/8507
f 8444/8509 8244/8308 8447/8512 8446/8510
f 8444/8509 8247/8311 8243/8309 8244/8308
f 8447/8512 8449/8513 8448/8514 8446/8510
f 8447/8512 8241/8305 8450/8515 8449/8513
f 8447/8512 8244/8308 8240/8306 8241/8305
f 8450/8515 4691/4725 4692/4726 8449/8513
f 8450/8515 8238/8302 4690/4724 4691/4725
f 8450/8515 8241/8305 8237/8303 8238/8302
f 8449/8513 4692/4726 4693/4727 8448/8514
f 8448/8514 4693/4727 4694/4728 8451/8516
f 8448/8514 8451/8516 8445/8511 8446/8510
f 8451/8516 4694/4728 4695/4729 8452/8517
f 8451/8516 8452/8517 8453/8518 8445/8511
f 8453/8518 8452/8517 8455/8519 8454/8520
f 8453/8518 8442/8508 8443/8507 8445/8511
f 8453/8518 8454/8520 8456/8521 8442/8508
f 8456/8521 8454/8520 8458/8522 8457/8523
f 8456/8521 8439/8505 8440/8504 8442/8508
f 8456/8521 8457/8523 8459/8524 8439/8505
f 8459/8524 8457/8523 8461/8525 8460/8526
f 8459/8524 8436/8502 8437/8501 8439/8505
f 8459/8524 8460/8526 8462/8527 8436/8502
f 8462/8527 8460/8526 8464/8528 8463/8529
f 8462/8527 8433/8499 8434/8498 8436/8502
f 8462/8527 8463/8529 8465/8530 8433/8499
f 8465/8530 8463/8529 8467/8531 8466/8532
f 8465/8530 8430/8496 8431/8495 8433/8499
f 8465/8530 8466/8532 8468/8533 8430/8496
f 8468/8533 8466/8532 8470/8534 8469/8535
f 8468/8533 8427/8493 8428/8492 8430/8496
f 8468/8533 8469/8535 8471/8536 8427/8493
f 8471/8536 8424/8490 8425/8489 8427/8493
f 8471/8536 8473/8537 8472/8538 8424/8490
f 8471/8536 8469/8535 8474/8539 8473/8537
f 8474/8539 8469/8535 8470/8534 8475/8540
f 8474/8539 8477/8541 8476/8542 8473/8537
f 8474/8539 8475/8540 8478/8543 8477/8541
f 8478/8543 8475/8540 8480/8544 8479/8545
f 8478/8543 8482/8546 8481/8547 8477/8541
f 8478/8543 8479/8545 8483/8548 8482/8546
f 8483/8548 8479/8545 8485/8549 8484/8550
f 8483/8548 8487/8551 8486/8552 8482/8546
f 8483/8548 8484/8550 8488/8553 8487/8551
f 8488/8553 8484/8550 8490/8554 8489/8555
f 8488/8553 8492/8556 8491/8557 8487/8551
f 8488/8553 8489/8555 8493/8558 8492/8556
f 8493/8558 8489/8555 8495/8559 8494/8560
f 8493/8558 8497/8561 8496/8562 8492/8556
f 8493/8558 8494/8560 8498/8563 8497/8561
f 8498/8563 8494/8560 8500/8564 8499/8565
f 8498/8563 8502/8566 8501/8567 8497/8561
f 8498/8563 8499/8565 8503/8568 8502/8566
f 8503/8568 8499/8565 4707/4741 4708/4742
f 8503/8568 8505/8569 8504/8570 8502/8566
f 8503/8568 4708/4742 4709/4743 8505/8569
f 8505/8569 8507/8571 8506/8572 8504/8570
f 8505/8569 4709/4743 4710/4744 8507/8571
f 8507/8571 8509/8573 8508/8574 8506/8572
f 8507/8571 4710/4744 4711/4745 8509/8573
f 8509/8573 8510/8575 8388/8454 8508/8574
f 8509/8573 4711/4745 4712/4746 8510/8575
f 8510/8575 8385/8451 8386/8450 8388/8454
f 8510/8575 4712/4746 4713/4747 8385/8451
f 8508/8574 8391/8457 8511/8576 8506/8572
f 8508/8574 8388/8454 8389/8453 8391/8457
f 8511/8576 8512/8577 8504/8570 8506/8572
f 8511/8576 8394/8460 8513/8578 8512/8577
f 8511/8576 8391/8457 8392/8456 8394/8460
f 8513/8578 8514/8579 8501/8567 8512/8577
f 8513/8578 8397/8463 8515/8580 8514/8579
f 8513/8578 8394/8460 8395/8459 8397/8463
f 8515/8580 8516/8581 8496/8562 8514/8579
f 8515/8580 8400/8466 8517/8582 8516/8581
f 8515/8580 8397/8463 8398/8462 8400/8466
f 8517/8582 8518/8583 8491/8557 8516/8581
f 8517/8582 8403/8469 8519/8584 8518/8583
f 8517/8582 8400/8466 8401/8465 8403/8469
f 8519/8584 8520/8585 8486/8552 8518/8583
f 8519/8584 8406/8472 8521/8586 8520/8585
f 8519/8584 8403/8469 8404/8468 8406/8472
f 8521/8586 8522/8587 8481/8547 8520/8585
f 8521/8586 8409/8475 8523/8588 8522/8587
f 8521/8586 8406/8472 8407/8471 8409/8475
f 8523/8588 8524/8589 8476/8542 8522/8587
f 8523/8588 8412/8478 8525/8590 8524/8589
f 8523/8588 8409/8475 8410/8474 8412/8478
f 8525/8590 8421/8487 8472/8538 8524/8589
f 8525/8590 8415/8481 8419/8485 8421/8487
f 8525/8590 8412/8478 8413/8477 8415/8481
f 8524/8589 8472/8538 8473/8537 8476/8542
f 8522/8587 8476/8542 8477/8541 8481/8547
f 8520/8585 8481/8547 8482/8546 8486/8552
f 8518/8583 8486/8552 8487/8551 8491/8557
f 8516/8581 8491/8557 8492/8556 8496/8562
f 8514/8579 8496/8562 8497/8561 8501/8567
f 8512/8577 8501/8567 8502/8566 8504/8570
f 8500/8564 8526/8591 4705/4739 4706/4740
f 8500/8564 8494/8560 8495/8559 8526/8591
f 8500/8564 4706/4740 4707/4741 8499/8565
f 8526/8591 8527/8592 4704/4738 4705/4739
f 8526/8591 8495/8559 8528/8593 8527/8592
f 8528/8593 8530/8594 8529/8595 8527/8592
f 8528/8593 8490/8554 8531/8596 8530/8594
f 8528/8593 8495/8559 8489/8555 8490/8554
f 8531/8596 8533/8597 8532/8598 8530/8594
f 8531/8596 8485/8549 8534/8599 8533/8597
f 8531/8596 8490/8554 8484/8550 8485/8549
f 8534/8599 8536/8600 8535/8601 8533/8597
f 8534/8599 8480/8544 8537/8602 8536/8600
f 8534/8599 8485/8549 8479/8545 8480/8544
f 8537/8602 8467/8531 8538/8603 8536/8600
f 8537/8602 8470/8534 8466/8532 8467/8531
f 8537/8602 8480/8544 8475/8540 8470/8534
f 8538/8603 8464/8528 8540/8604 8539/8605
f 8538/8603 8467/8531 8463/8529 8464/8528
f 8538/8603 8539/8605 8535/8601 8536/8600
f 8540/8604 8542/8606 8541/8607 8539/8605
f 8540/8604 8461/8525 8543/8608 8542/8606
f 8540/8604 8464/8528 8460/8526 8461/8525
f 8543/8608 8545/8609 8544/8610 8542/8606
f 8543/8608 8458/8522 8546/8611 8545/8609
f 8543/8608 8461/8525 8457/8523 8458/8522
f 8546/8611 4697/4731 4698/4732 8545/8609
f 8546/8611 8455/8519 4696/4730 4697/4731
f 8546/8611 8458/8522 8454/8520 8455/8519
f 8545/8609 4698/4732 4699/4733 8544/8610
f 8544/8610 4699/4733 4700/4734 8547/8612
f 8544/8610 8547/8612 8541/8607 8542/8606
f 8547/8612 8549/8613 8548/8614 8541/8607
f 8547/8612 4700/4734 4701/4735 8549/8613
f 8549/8613 8550/8615 8532/8598 8548/8614
f 8549/8613 4701/4735 4702/4736 8550/8615
f 8550/8615 8529/8595 8530/8594 8532/8598
f 8550/8615 4702/4736 4703/4737 8529/8595
f 8548/8614 8535/8601 8539/8605 8541/8607
f 8548/8614 8532/8598 8533/8597 8535/8601
f 8529/8595 4703/4737 4704/4738 8527/8592
f 8472/8538 8421/8487 8422/8486 8424/8490
f 8455/8519 8452/8517 4695/4729 4696/4730
f 8385/8451 4713/4747 4714/4748 8383/8448
f 8285/8351 4366/4396 4367/4395 8281/8346
f 8238/8302 8235/8300 4689/4723 4690/4724
f 8183/8249 4363/4394 4364/4393 8181/8246
f 8179/8243 4364/4393 4365/4392 8178/8244
f 8130/8196 4723/4757 4724/4758 8128/8193
f 8014/8078 8011/8075 4683/4716 4684/4718
f 7887/7948 4729/4763 4730/4764 7885/7945
f 7882/7943 4733/4767 4734/4768 4736/4771
f 7880/7940 4740/4775 7614/7670 7615/7669
f 7753/7809 7750/7807 4677/4710 4678/4711
f 7614/7670 4740/4775 4741/4774 4743/4778
f 7612/7667 4743/4778 4744/4777 4746/4781
f 7478/7528 7475/7526 4671/4704 4672/4705
f 7330/7379 4746/4781 4747/4780 7328/7376
f 5010/5043 5007/5041 4665/4698 4666/4699
f 4865/4900 4855/4890 4856/4889 4858/4893
f 4589/4622 4583/4617 4584/4616 4586/4620

 